id,AB (mGal),Longitud,Latitud
1,260.000,-23.095,15.210
2,260.000,-23.096,15.213
3,260.000,-23.097,15.217
4,260.000,-23.099,15.220
5,260.000,-23.101,15.222
6,260.000,-23.103,15.225
7,260.000,-23.106,15.227
8,260.000,-23.108,15.229
9,260.000,-23.110,15.231
10,260.000,-23.113,15.233
11,260.000,-23.115,15.235
12,260.000,-23.118,15.237
13,260.000,-23.120,15.239
14,260.000,-23.123,15.241
15,260.000,-23.127,15.245
16,260.000,-23.130,15.248
17,260.000,-23.133,15.251
18,260.000,-23.136,15.254
19,260.000,-23.139,15.255
20,260.000,-23.141,15.258
21,260.000,-23.145,15.260
22,260.000,-23.148,15.260
23,260.000,-23.153,15.261
24,260.000,-23.156,15.261
25,260.000,-23.160,15.261
26,260.000,-23.163,15.261
27,260.000,-23.167,15.261
28,260.000,-23.171,15.260
29,260.000,-23.175,15.259
30,260.000,-23.178,15.258
31,260.000,-23.182,15.256
32,260.000,-23.186,15.254
33,260.000,-23.188,15.252
34,260.000,-23.191,15.250
35,260.000,-23.193,15.247
36,260.000,-23.196,15.244
37,260.000,-23.198,15.240
38,260.000,-23.200,15.237
39,260.000,-23.201,15.233
40,260.000,-23.204,15.229
41,260.000,-23.205,15.225
42,260.000,-23.206,15.221
43,260.000,-23.208,15.218
44,260.000,-23.209,15.215
45,260.000,-23.210,15.211
46,260.000,-23.212,15.207
47,260.000,-23.212,15.203
48,260.000,-23.213,15.199
49,260.000,-23.213,15.195
50,260.000,-23.213,15.190
51,260.000,-23.212,15.186
52,260.000,-23.211,15.182
53,260.000,-23.210,15.178
54,260.000,-23.209,15.174
55,260.000,-23.208,15.170
56,260.000,-23.206,15.167
57,260.000,-23.204,15.164
58,260.000,-23.202,15.161
59,260.000,-23.200,15.158
60,260.000,-23.198,15.155
61,260.000,-23.196,15.152
62,260.000,-23.194,15.149
63,260.000,-23.191,15.147
64,260.000,-23.188,15.144
65,260.000,-23.186,15.141
66,260.000,-23.183,15.139
67,260.000,-23.180,15.136
68,260.000,-23.177,15.134
69,260.000,-23.174,15.132
70,260.000,-23.170,15.130
71,260.000,-23.166,15.129
72,260.000,-23.163,15.127
73,260.000,-23.159,15.126
74,260.000,-23.154,15.125
75,260.000,-23.150,15.124
76,260.000,-23.147,15.123
77,262.000,-23.168,15.256
78,262.000,-23.164,15.257
79,262.000,-23.159,15.256
80,262.000,-23.153,15.256
81,262.000,-23.149,15.255
82,262.000,-23.145,15.253
83,262.000,-23.140,15.251
84,262.000,-23.137,15.248
85,262.000,-23.132,15.245
86,262.000,-23.129,15.242
87,262.000,-23.126,15.239
88,262.000,-23.123,15.237
89,262.000,-23.119,15.234
90,262.000,-23.116,15.231
91,262.000,-23.113,15.229
92,262.000,-23.109,15.225
93,262.000,-23.107,15.223
94,262.000,-23.104,15.220
95,262.000,-23.101,15.216
96,262.000,-23.099,15.212
97,262.000,-23.098,15.207
98,262.000,-23.096,15.203
99,262.000,-23.095,15.200
100,262.000,-23.171,15.256
101,262.000,-23.174,15.255
102,262.000,-23.179,15.254
103,262.000,-23.183,15.252
104,262.000,-23.186,15.250
105,262.000,-23.190,15.247
106,262.000,-23.192,15.243
107,262.000,-23.194,15.240
108,262.000,-23.196,15.236
109,262.000,-23.203,15.222
110,262.000,-23.202,15.225
111,262.000,-23.200,15.228
112,262.000,-23.199,15.232
113,262.000,-23.204,15.218
114,262.000,-23.205,15.215
115,262.000,-23.207,15.212
116,262.000,-23.208,15.206
117,262.000,-23.208,15.203
118,262.000,-23.209,15.200
119,262.000,-23.209,15.196
120,262.000,-23.205,15.174
121,262.000,-23.206,15.177
122,262.000,-23.207,15.179
123,262.000,-23.208,15.182
124,262.000,-23.209,15.185
125,262.000,-23.209,15.189
126,262.000,-23.210,15.193
127,262.000,-23.204,15.171
128,262.000,-23.194,15.155
129,262.000,-23.196,15.157
130,262.000,-23.198,15.159
131,262.000,-23.199,15.162
132,262.000,-23.202,15.165
133,262.000,-23.203,15.168
134,262.000,-23.192,15.152
135,262.000,-23.173,15.135
136,262.000,-23.175,15.136
137,262.000,-23.176,15.137
138,262.000,-23.178,15.138
139,262.000,-23.180,15.140
140,262.000,-23.182,15.142
141,262.000,-23.183,15.143
142,262.000,-23.186,15.146
143,262.000,-23.189,15.149
144,262.000,-23.171,15.133
145,262.000,-23.167,15.132
146,262.000,-23.165,15.131
147,262.000,-23.163,15.130
148,262.000,-23.161,15.129
149,262.000,-23.158,15.128
150,262.000,-23.156,15.128
151,262.000,-23.153,15.127
152,262.000,-23.150,15.127
153,262.000,-23.148,15.126
154,264.000,-23.176,15.251
155,264.000,-23.173,15.252
156,264.000,-23.169,15.253
157,264.000,-23.163,15.253
158,264.000,-23.160,15.253
159,264.000,-23.156,15.252
160,264.000,-23.151,15.252
161,264.000,-23.147,15.251
162,264.000,-23.143,15.249
163,264.000,-23.140,15.246
164,264.000,-23.137,15.244
165,264.000,-23.133,15.242
166,264.000,-23.130,15.239
167,264.000,-23.128,15.237
168,264.000,-23.125,15.235
169,264.000,-23.122,15.232
170,264.000,-23.119,15.230
171,264.000,-23.116,15.227
172,264.000,-23.113,15.225
173,264.000,-23.111,15.222
174,264.000,-23.109,15.220
175,264.000,-23.106,15.218
176,264.000,-23.105,15.215
177,264.000,-23.103,15.212
178,264.000,-23.101,15.209
179,264.000,-23.100,15.205
180,264.000,-23.099,15.201
181,264.000,-23.097,15.197
182,264.000,-23.097,15.194
183,264.000,-23.096,15.191
184,264.000,-23.096,15.188
185,264.000,-23.097,15.185
186,264.000,-23.096,15.179
187,264.000,-23.096,15.176
188,264.000,-23.096,15.172
189,264.000,-23.096,15.169
190,264.000,-23.096,15.164
191,264.000,-23.180,15.250
192,264.000,-23.183,15.248
193,264.000,-23.185,15.246
194,264.000,-23.188,15.244
195,264.000,-23.190,15.242
196,264.000,-23.192,15.239
197,264.000,-23.194,15.236
198,264.000,-23.196,15.233
199,264.000,-23.197,15.230
200,264.000,-23.199,15.226
201,264.000,-23.200,15.223
202,264.000,-23.201,15.221
203,264.000,-23.202,15.218
204,264.000,-23.203,15.215
205,264.000,-23.204,15.212
206,264.000,-23.205,15.209
207,264.000,-23.206,15.206
208,264.000,-23.206,15.203
209,264.000,-23.206,15.200
210,264.000,-23.207,15.197
211,264.000,-23.207,15.194
212,264.000,-23.207,15.190
213,264.000,-23.207,15.187
214,264.000,-23.206,15.183
215,264.000,-23.205,15.180
216,264.000,-23.203,15.177
217,264.000,-23.202,15.174
218,264.000,-23.200,15.170
219,264.000,-23.199,15.167
220,264.000,-23.197,15.163
221,264.000,-23.196,15.161
222,264.000,-23.194,15.159
223,264.000,-23.192,15.156
224,264.000,-23.190,15.154
225,264.000,-23.188,15.151
226,264.000,-23.186,15.149
227,264.000,-23.184,15.146
228,264.000,-23.181,15.144
229,264.000,-23.179,15.142
230,264.000,-23.177,15.140
231,264.000,-23.174,15.138
232,264.000,-23.172,15.136
233,264.000,-23.169,15.134
234,264.000,-23.167,15.134
235,264.000,-23.164,15.132
236,264.000,-23.161,15.132
237,264.000,-23.158,15.131
238,264.000,-23.156,15.130
239,264.000,-23.153,15.129
240,264.000,-23.151,15.128
241,264.000,-23.148,15.128
242,264.000,-23.145,15.127
243,266.000,-23.169,15.251
244,266.000,-23.165,15.251
245,266.000,-23.161,15.251
246,266.000,-23.158,15.250
247,266.000,-23.154,15.249
248,266.000,-23.151,15.248
249,266.000,-23.148,15.247
250,266.000,-23.145,15.245
251,266.000,-23.142,15.244
252,266.000,-23.139,15.242
253,266.000,-23.136,15.240
254,266.000,-23.133,15.238
255,266.000,-23.130,15.235
256,266.000,-23.127,15.233
257,266.000,-23.124,15.231
258,266.000,-23.122,15.229
259,266.000,-23.120,15.227
260,266.000,-23.118,15.225
261,266.000,-23.116,15.223
262,266.000,-23.113,15.220
263,266.000,-23.111,15.218
264,266.000,-23.109,15.216
265,266.000,-23.107,15.213
266,266.000,-23.106,15.210
267,266.000,-23.104,15.207
268,266.000,-23.103,15.204
269,266.000,-23.102,15.201
270,266.000,-23.098,15.178
271,266.000,-23.099,15.181
272,266.000,-23.099,15.183
273,266.000,-23.099,15.187
274,266.000,-23.099,15.190
275,266.000,-23.100,15.193
276,266.000,-23.101,15.196
277,266.000,-23.101,15.199
278,266.000,-23.099,15.161
279,266.000,-23.099,15.164
280,266.000,-23.098,15.166
281,266.000,-23.098,15.169
282,266.000,-23.098,15.172
283,266.000,-23.098,15.175
284,266.000,-23.172,15.250
285,266.000,-23.174,15.249
286,266.000,-23.178,15.248
287,266.000,-23.181,15.246
288,266.000,-23.184,15.244
289,266.000,-23.185,15.242
290,266.000,-23.187,15.241
291,266.000,-23.189,15.239
292,266.000,-23.191,15.237
293,266.000,-23.192,15.236
294,266.000,-23.192,15.234
295,266.000,-23.193,15.232
296,266.000,-23.194,15.230
297,266.000,-23.195,15.228
298,266.000,-23.200,15.218
299,266.000,-23.199,15.219
300,266.000,-23.199,15.221
301,266.000,-23.197,15.223
302,266.000,-23.197,15.225
303,266.000,-23.196,15.226
304,266.000,-23.200,15.216
305,266.000,-23.201,15.214
306,266.000,-23.201,15.212
307,266.000,-23.202,15.210
308,266.000,-23.203,15.208
309,266.000,-23.203,15.206
310,266.000,-23.204,15.204
311,266.000,-23.204,15.201
312,266.000,-23.204,15.198
313,266.000,-23.205,15.196
314,266.000,-23.205,15.194
315,266.000,-23.205,15.191
316,266.000,-23.204,15.188
317,266.000,-23.204,15.186
318,266.000,-23.203,15.183
319,266.000,-23.202,15.180
320,266.000,-23.201,15.177
321,266.000,-23.200,15.175
322,266.000,-23.198,15.173
323,266.000,-23.197,15.170
324,266.000,-23.196,15.169
325,266.000,-23.195,15.167
326,266.000,-23.194,15.165
327,266.000,-23.193,15.162
328,266.000,-23.192,15.160
329,266.000,-23.191,15.159
330,266.000,-23.189,15.156
331,266.000,-23.188,15.154
332,266.000,-23.186,15.152
333,266.000,-23.184,15.151
334,266.000,-23.182,15.149
335,266.000,-23.181,15.148
336,266.000,-23.179,15.146
337,266.000,-23.177,15.144
338,266.000,-23.176,15.142
339,266.000,-23.174,15.141
340,266.000,-23.172,15.139
341,266.000,-23.170,15.138
342,266.000,-23.168,15.136
343,266.000,-23.165,15.135
344,266.000,-23.163,15.134
345,266.000,-23.160,15.133
346,266.000,-23.157,15.132
347,266.000,-23.154,15.131
348,266.000,-23.151,15.131
349,266.000,-23.149,15.130
350,266.000,-23.146,15.129
351,266.000,-23.143,15.129
352,266.000,-23.140,15.129
353,268.000,-23.166,15.247
354,268.000,-23.162,15.247
355,268.000,-23.158,15.247
356,268.000,-23.154,15.246
357,268.000,-23.151,15.245
358,268.000,-23.147,15.244
359,268.000,-23.144,15.242
360,268.000,-23.142,15.240
361,268.000,-23.138,15.238
362,268.000,-23.136,15.236
363,268.000,-23.133,15.234
364,268.000,-23.131,15.232
365,268.000,-23.129,15.231
366,268.000,-23.126,15.228
367,268.000,-23.124,15.226
368,268.000,-23.122,15.224
369,268.000,-23.119,15.222
370,268.000,-23.117,15.220
371,268.000,-23.115,15.218
372,268.000,-23.113,15.216
373,268.000,-23.111,15.214
374,268.000,-23.110,15.211
375,268.000,-23.108,15.209
376,268.000,-23.107,15.207
377,268.000,-23.106,15.204
378,268.000,-23.104,15.200
379,268.000,-23.103,15.196
380,268.000,-23.103,15.192
381,268.000,-23.101,15.188
382,268.000,-23.101,15.184
383,268.000,-23.101,15.181
384,268.000,-23.101,15.178
385,268.000,-23.100,15.174
386,268.000,-23.100,15.170
387,268.000,-23.101,15.167
388,268.000,-23.101,15.163
389,268.000,-23.102,15.159
390,268.000,-23.102,15.155
391,268.000,-23.103,15.152
392,268.000,-23.169,15.247
393,268.000,-23.172,15.247
394,268.000,-23.175,15.246
395,268.000,-23.178,15.245
396,268.000,-23.180,15.243
397,268.000,-23.182,15.241
398,268.000,-23.184,15.240
399,268.000,-23.186,15.238
400,268.000,-23.188,15.235
401,268.000,-23.190,15.233
402,268.000,-23.191,15.231
403,268.000,-23.192,15.229
404,268.000,-23.193,15.227
405,268.000,-23.194,15.225
406,268.000,-23.195,15.223
407,268.000,-23.196,15.220
408,268.000,-23.197,15.218
409,268.000,-23.198,15.216
410,268.000,-23.199,15.214
411,268.000,-23.199,15.212
412,268.000,-23.200,15.210
413,268.000,-23.201,15.207
414,268.000,-23.201,15.205
415,268.000,-23.202,15.203
416,268.000,-23.202,15.201
417,268.000,-23.203,15.198
418,268.000,-23.203,15.196
419,268.000,-23.203,15.193
420,268.000,-23.203,15.191
421,268.000,-23.202,15.188
422,268.000,-23.202,15.186
423,268.000,-23.201,15.184
424,268.000,-23.201,15.182
425,268.000,-23.200,15.180
426,268.000,-23.199,15.178
427,268.000,-23.198,15.176
428,268.000,-23.197,15.174
429,268.000,-23.195,15.172
430,268.000,-23.194,15.170
431,268.000,-23.193,15.167
432,268.000,-23.191,15.165
433,268.000,-23.190,15.162
434,268.000,-23.188,15.160
435,268.000,-23.187,15.158
436,268.000,-23.186,15.156
437,268.000,-23.184,15.154
438,268.000,-23.182,15.152
439,268.000,-23.180,15.151
440,268.000,-23.179,15.149
441,268.000,-23.177,15.147
442,268.000,-23.176,15.145
443,268.000,-23.174,15.144
444,268.000,-23.172,15.142
445,268.000,-23.170,15.140
446,268.000,-23.168,15.139
447,268.000,-23.166,15.138
448,268.000,-23.163,15.136
449,268.000,-23.162,15.136
450,268.000,-23.159,15.135
451,268.000,-23.158,15.134
452,268.000,-23.156,15.133
453,268.000,-23.154,15.133
454,268.000,-23.152,15.132
455,268.000,-23.150,15.132
456,268.000,-23.147,15.131
457,268.000,-23.145,15.131
458,268.000,-23.142,15.130
459,268.000,-23.140,15.130
460,268.000,-23.137,15.130
461,280.000,-23.162,15.151
462,280.000,-23.164,15.153
463,280.000,-23.166,15.155
464,280.000,-23.168,15.158
465,280.000,-23.170,15.161
466,280.000,-23.172,15.164
467,280.000,-23.174,15.166
468,280.000,-23.175,15.169
469,280.000,-23.178,15.172
470,280.000,-23.180,15.174
471,280.000,-23.181,15.177
472,280.000,-23.183,15.178
473,280.000,-23.184,15.181
474,280.000,-23.185,15.183
475,280.000,-23.186,15.185
476,280.000,-23.187,15.187
477,280.000,-23.188,15.189
478,280.000,-23.189,15.191
479,280.000,-23.189,15.193
480,280.000,-23.190,15.194
481,280.000,-23.190,15.196
482,280.000,-23.190,15.198
483,280.000,-23.190,15.200
484,280.000,-23.190,15.203
485,280.000,-23.189,15.205
486,280.000,-23.189,15.207
487,280.000,-23.188,15.209
488,280.000,-23.187,15.211
489,280.000,-23.186,15.212
490,280.000,-23.185,15.214
491,280.000,-23.184,15.216
492,280.000,-23.183,15.218
493,280.000,-23.182,15.221
494,280.000,-23.180,15.223
495,280.000,-23.179,15.225
496,280.000,-23.177,15.226
497,280.000,-23.175,15.228
498,280.000,-23.174,15.230
499,280.000,-23.171,15.232
500,280.000,-23.169,15.232
501,280.000,-23.166,15.232
502,280.000,-23.163,15.232
503,280.000,-23.160,15.232
504,280.000,-23.158,15.231
505,280.000,-23.155,15.230
506,280.000,-23.153,15.229
507,280.000,-23.151,15.228
508,280.000,-23.149,15.226
509,280.000,-23.146,15.225
510,280.000,-23.144,15.223
511,280.000,-23.143,15.221
512,280.000,-23.140,15.219
513,280.000,-23.139,15.217
514,280.000,-23.137,15.216
515,280.000,-23.136,15.214
516,280.000,-23.134,15.212
517,280.000,-23.132,15.210
518,280.000,-23.131,15.209
519,280.000,-23.129,15.207
520,280.000,-23.127,15.206
521,280.000,-23.126,15.204
522,280.000,-23.124,15.202
523,280.000,-23.122,15.200
524,280.000,-23.121,15.199
525,280.000,-23.120,15.196
526,280.000,-23.119,15.194
527,280.000,-23.118,15.192
528,280.000,-23.117,15.189
529,280.000,-23.116,15.187
530,280.000,-23.116,15.184
531,280.000,-23.115,15.182
532,280.000,-23.115,15.179
533,280.000,-23.114,15.176
534,280.000,-23.114,15.174
535,280.000,-23.114,15.170
536,280.000,-23.114,15.167
537,280.000,-23.115,15.165
538,280.000,-23.116,15.162
539,280.000,-23.117,15.160
540,280.000,-23.118,15.158
541,280.000,-23.119,15.156
542,280.000,-23.120,15.153
543,280.000,-23.121,15.152
544,280.000,-23.123,15.150
545,280.000,-23.125,15.149
546,280.000,-23.127,15.147
547,280.000,-23.129,15.146
548,280.000,-23.131,15.145
549,280.000,-23.133,15.144
550,280.000,-23.135,15.143
551,280.000,-23.137,15.143
552,280.000,-23.140,15.142
553,280.000,-23.142,15.142
554,280.000,-23.144,15.142
555,280.000,-23.146,15.142
556,280.000,-23.149,15.143
557,280.000,-23.151,15.143
558,280.000,-23.154,15.144
559,280.000,-23.155,15.145
560,280.000,-23.157,15.146
561,280.000,-23.159,15.148
562,280.000,-23.161,15.150
563,278.000,-23.171,15.234
564,278.000,-23.168,15.235
565,278.000,-23.164,15.235
566,278.000,-23.161,15.235
567,278.000,-23.157,15.233
568,278.000,-23.154,15.232
569,278.000,-23.151,15.231
570,278.000,-23.148,15.229
571,278.000,-23.145,15.227
572,278.000,-23.142,15.225
573,278.000,-23.140,15.223
574,278.000,-23.137,15.220
575,278.000,-23.135,15.217
576,278.000,-23.133,15.215
577,278.000,-23.130,15.213
578,278.000,-23.128,15.211
579,278.000,-23.126,15.209
580,278.000,-23.124,15.207
581,278.000,-23.122,15.204
582,278.000,-23.120,15.202
583,278.000,-23.118,15.200
584,278.000,-23.117,15.197
585,278.000,-23.116,15.194
586,278.000,-23.115,15.191
587,278.000,-23.114,15.188
588,278.000,-23.113,15.185
589,278.000,-23.113,15.182
590,278.000,-23.173,15.233
591,278.000,-23.176,15.231
592,278.000,-23.178,15.230
593,278.000,-23.180,15.227
594,278.000,-23.182,15.225
595,278.000,-23.184,15.222
596,278.000,-23.185,15.220
597,278.000,-23.187,15.217
598,278.000,-23.188,15.214
599,278.000,-23.190,15.210
600,278.000,-23.191,15.207
601,278.000,-23.192,15.204
602,278.000,-23.192,15.201
603,278.000,-23.193,15.198
604,278.000,-23.192,15.195
605,278.000,-23.192,15.192
606,278.000,-23.191,15.189
607,278.000,-23.189,15.186
608,278.000,-23.188,15.183
609,278.000,-23.187,15.180
610,278.000,-23.112,15.179
611,278.000,-23.112,15.176
612,278.000,-23.111,15.173
613,278.000,-23.112,15.170
614,278.000,-23.185,15.178
615,278.000,-23.183,15.175
616,278.000,-23.181,15.172
617,278.000,-23.179,15.169
618,278.000,-23.177,15.167
619,278.000,-23.175,15.164
620,278.000,-23.112,15.167
621,278.000,-23.113,15.163
622,278.000,-23.114,15.160
623,278.000,-23.115,15.158
624,278.000,-23.116,15.155
625,278.000,-23.173,15.161
626,278.000,-23.172,15.159
627,278.000,-23.170,15.156
628,278.000,-23.168,15.154
629,278.000,-23.166,15.151
630,278.000,-23.164,15.149
631,278.000,-23.161,15.146
632,278.000,-23.118,15.153
633,278.000,-23.120,15.150
634,278.000,-23.122,15.147
635,278.000,-23.124,15.145
636,278.000,-23.126,15.144
637,278.000,-23.129,15.142
638,278.000,-23.133,15.141
639,278.000,-23.135,15.141
640,278.000,-23.138,15.140
641,278.000,-23.142,15.140
642,278.000,-23.145,15.140
643,278.000,-23.159,15.144
644,278.000,-23.156,15.143
645,278.000,-23.153,15.142
646,278.000,-23.150,15.141
647,278.000,-23.147,15.140
648,276.000,-23.167,15.237
649,276.000,-23.164,15.238
650,276.000,-23.171,15.237
651,276.000,-23.173,15.236
652,276.000,-23.176,15.234
653,276.000,-23.178,15.233
654,276.000,-23.180,15.231
655,276.000,-23.182,15.229
656,276.000,-23.183,15.227
657,276.000,-23.162,15.238
658,276.000,-23.159,15.237
659,276.000,-23.156,15.236
660,276.000,-23.153,15.235
661,276.000,-23.151,15.234
662,276.000,-23.148,15.232
663,276.000,-23.146,15.231
664,276.000,-23.144,15.229
665,276.000,-23.142,15.228
666,276.000,-23.139,15.226
667,276.000,-23.137,15.224
668,276.000,-23.135,15.222
669,276.000,-23.133,15.220
670,276.000,-23.131,15.218
671,276.000,-23.128,15.215
672,276.000,-23.126,15.213
673,276.000,-23.125,15.211
674,276.000,-23.122,15.209
675,276.000,-23.120,15.207
676,276.000,-23.119,15.205
677,276.000,-23.117,15.202
678,276.000,-23.115,15.199
679,276.000,-23.114,15.196
680,276.000,-23.113,15.193
681,276.000,-23.112,15.191
682,276.000,-23.111,15.188
683,276.000,-23.111,15.185
684,276.000,-23.111,15.183
685,276.000,-23.110,15.180
686,276.000,-23.110,15.178
687,276.000,-23.109,15.175
688,276.000,-23.109,15.173
689,276.000,-23.109,15.170
690,276.000,-23.110,15.167
691,276.000,-23.110,15.164
692,276.000,-23.111,15.161
693,276.000,-23.112,15.159
694,276.000,-23.112,15.157
695,276.000,-23.114,15.154
696,276.000,-23.115,15.152
697,276.000,-23.117,15.150
698,276.000,-23.118,15.147
699,276.000,-23.120,15.146
700,276.000,-23.122,15.144
701,276.000,-23.124,15.143
702,276.000,-23.126,15.142
703,276.000,-23.128,15.141
704,276.000,-23.130,15.140
705,276.000,-23.132,15.139
706,276.000,-23.135,15.139
707,276.000,-23.137,15.138
708,276.000,-23.140,15.138
709,276.000,-23.143,15.138
710,276.000,-23.145,15.138
711,276.000,-23.147,15.139
712,276.000,-23.149,15.139
713,276.000,-23.185,15.224
714,276.000,-23.186,15.222
715,276.000,-23.188,15.220
716,276.000,-23.189,15.218
717,276.000,-23.190,15.216
718,276.000,-23.191,15.213
719,276.000,-23.192,15.211
720,276.000,-23.193,15.209
721,276.000,-23.193,15.206
722,276.000,-23.193,15.204
723,276.000,-23.194,15.201
724,276.000,-23.194,15.198
725,276.000,-23.194,15.196
726,276.000,-23.194,15.193
727,276.000,-23.194,15.190
728,276.000,-23.193,15.188
729,276.000,-23.192,15.185
730,276.000,-23.190,15.183
731,276.000,-23.189,15.180
732,276.000,-23.188,15.179
733,276.000,-23.187,15.176
734,276.000,-23.185,15.174
735,276.000,-23.184,15.172
736,276.000,-23.183,15.170
737,276.000,-23.181,15.167
738,276.000,-23.179,15.165
739,276.000,-23.178,15.163
740,276.000,-23.176,15.161
741,276.000,-23.175,15.159
742,276.000,-23.173,15.156
743,276.000,-23.171,15.154
744,276.000,-23.169,15.152
745,276.000,-23.168,15.150
746,276.000,-23.166,15.148
747,276.000,-23.164,15.145
748,276.000,-23.161,15.144
749,276.000,-23.159,15.142
750,276.000,-23.157,15.141
751,276.000,-23.154,15.140
752,276.000,-23.151,15.139
753,274.000,-23.167,15.240
754,274.000,-23.171,15.239
755,274.000,-23.174,15.238
756,274.000,-23.176,15.237
757,274.000,-23.178,15.235
758,274.000,-23.181,15.233
759,274.000,-23.182,15.232
760,274.000,-23.184,15.230
761,274.000,-23.186,15.228
762,274.000,-23.187,15.225
763,274.000,-23.188,15.223
764,274.000,-23.189,15.221
765,274.000,-23.164,15.240
766,274.000,-23.161,15.240
767,274.000,-23.159,15.239
768,274.000,-23.156,15.238
769,274.000,-23.153,15.237
770,274.000,-23.151,15.236
771,274.000,-23.149,15.235
772,274.000,-23.146,15.234
773,274.000,-23.144,15.232
774,274.000,-23.141,15.230
775,274.000,-23.139,15.228
776,274.000,-23.137,15.227
777,274.000,-23.135,15.225
778,274.000,-23.133,15.223
779,274.000,-23.130,15.221
780,274.000,-23.128,15.218
781,274.000,-23.125,15.216
782,274.000,-23.123,15.214
783,274.000,-23.121,15.212
784,274.000,-23.119,15.210
785,274.000,-23.118,15.208
786,274.000,-23.116,15.206
787,274.000,-23.114,15.203
788,274.000,-23.112,15.201
789,274.000,-23.112,15.199
790,274.000,-23.111,15.197
791,274.000,-23.110,15.194
792,274.000,-23.109,15.190
793,274.000,-23.109,15.187
794,274.000,-23.108,15.185
795,274.000,-23.108,15.182
796,274.000,-23.108,15.179
797,274.000,-23.107,15.177
798,274.000,-23.107,15.174
799,274.000,-23.107,15.171
800,274.000,-23.107,15.168
801,274.000,-23.108,15.165
802,274.000,-23.108,15.163
803,274.000,-23.109,15.160
804,274.000,-23.109,15.158
805,274.000,-23.110,15.156
806,274.000,-23.112,15.153
807,274.000,-23.113,15.150
808,274.000,-23.115,15.148
809,274.000,-23.116,15.146
810,274.000,-23.118,15.144
811,274.000,-23.121,15.142
812,274.000,-23.123,15.141
813,274.000,-23.125,15.140
814,274.000,-23.131,15.138
815,274.000,-23.128,15.139
816,274.000,-23.132,15.137
817,274.000,-23.135,15.137
818,274.000,-23.138,15.136
819,274.000,-23.140,15.136
820,274.000,-23.142,15.136
821,274.000,-23.144,15.136
822,274.000,-23.146,15.136
823,274.000,-23.149,15.137
824,274.000,-23.166,15.145
825,274.000,-23.164,15.143
826,274.000,-23.162,15.141
827,274.000,-23.159,15.140
828,274.000,-23.157,15.139
829,274.000,-23.154,15.138
830,274.000,-23.152,15.137
831,274.000,-23.167,15.146
832,274.000,-23.168,15.148
833,274.000,-23.170,15.149
834,274.000,-23.172,15.151
835,274.000,-23.174,15.153
836,274.000,-23.175,15.155
837,274.000,-23.177,15.157
838,274.000,-23.179,15.159
839,274.000,-23.180,15.161
840,274.000,-23.181,15.164
841,274.000,-23.183,15.166
842,274.000,-23.184,15.167
843,274.000,-23.185,15.169
844,274.000,-23.187,15.171
845,274.000,-23.188,15.173
846,274.000,-23.189,15.175
847,274.000,-23.190,15.177
848,274.000,-23.191,15.179
849,274.000,-23.193,15.181
850,274.000,-23.193,15.183
851,274.000,-23.194,15.186
852,274.000,-23.196,15.188
853,274.000,-23.196,15.191
854,274.000,-23.197,15.193
855,274.000,-23.196,15.197
856,274.000,-23.196,15.200
857,274.000,-23.196,15.203
858,274.000,-23.196,15.206
859,274.000,-23.195,15.209
860,274.000,-23.194,15.211
861,274.000,-23.192,15.214
862,274.000,-23.191,15.217
863,274.000,-23.190,15.219
864,282.000,-23.169,15.230
865,282.000,-23.171,15.229
866,282.000,-23.173,15.227
867,282.000,-23.175,15.226
868,282.000,-23.177,15.224
869,282.000,-23.178,15.222
870,282.000,-23.179,15.219
871,282.000,-23.181,15.217
872,282.000,-23.182,15.215
873,282.000,-23.183,15.213
874,282.000,-23.184,15.212
875,282.000,-23.185,15.210
876,282.000,-23.186,15.208
877,282.000,-23.187,15.207
878,282.000,-23.187,15.204
879,282.000,-23.188,15.203
880,282.000,-23.189,15.201
881,282.000,-23.189,15.198
882,282.000,-23.188,15.197
883,282.000,-23.188,15.195
884,282.000,-23.187,15.193
885,282.000,-23.187,15.191
886,282.000,-23.186,15.189
887,282.000,-23.185,15.187
888,282.000,-23.184,15.185
889,282.000,-23.183,15.183
890,282.000,-23.182,15.181
891,282.000,-23.181,15.179
892,282.000,-23.179,15.177
893,282.000,-23.178,15.176
894,282.000,-23.176,15.174
895,282.000,-23.174,15.172
896,282.000,-23.173,15.170
897,282.000,-23.171,15.167
898,282.000,-23.170,15.166
899,282.000,-23.168,15.164
900,282.000,-23.167,15.162
901,282.000,-23.166,15.160
902,282.000,-23.165,15.159
903,282.000,-23.164,15.157
904,282.000,-23.163,15.155
905,282.000,-23.161,15.153
906,282.000,-23.159,15.152
907,282.000,-23.157,15.150
908,282.000,-23.156,15.148
909,282.000,-23.153,15.146
910,282.000,-23.152,15.145
911,282.000,-23.149,15.144
912,282.000,-23.147,15.144
913,282.000,-23.145,15.144
914,282.000,-23.142,15.144
915,282.000,-23.140,15.144
916,282.000,-23.138,15.145
917,282.000,-23.135,15.145
918,282.000,-23.133,15.146
919,282.000,-23.131,15.147
920,282.000,-23.130,15.149
921,282.000,-23.128,15.150
922,282.000,-23.126,15.151
923,282.000,-23.124,15.153
924,282.000,-23.122,15.154
925,282.000,-23.121,15.157
926,282.000,-23.120,15.159
927,282.000,-23.119,15.161
928,282.000,-23.117,15.163
929,282.000,-23.117,15.166
930,282.000,-23.117,15.168
931,282.000,-23.116,15.171
932,282.000,-23.116,15.174
933,282.000,-23.117,15.176
934,282.000,-23.116,15.178
935,282.000,-23.117,15.181
936,282.000,-23.118,15.184
937,282.000,-23.122,15.195
938,282.000,-23.121,15.193
939,282.000,-23.119,15.191
940,282.000,-23.119,15.189
941,282.000,-23.118,15.187
942,282.000,-23.136,15.209
943,282.000,-23.135,15.208
944,282.000,-23.133,15.206
945,282.000,-23.131,15.205
946,282.000,-23.129,15.204
947,282.000,-23.128,15.202
948,282.000,-23.126,15.201
949,282.000,-23.125,15.199
950,282.000,-23.123,15.197
951,282.000,-23.147,15.222
952,282.000,-23.146,15.220
953,282.000,-23.145,15.219
954,282.000,-23.143,15.217
955,282.000,-23.142,15.216
956,282.000,-23.141,15.214
957,282.000,-23.140,15.212
958,282.000,-23.138,15.210
959,282.000,-23.167,15.229
960,282.000,-23.164,15.229
961,282.000,-23.162,15.229
962,282.000,-23.159,15.228
963,282.000,-23.157,15.228
964,282.000,-23.155,15.227
965,282.000,-23.153,15.225
966,282.000,-23.151,15.224
967,282.000,-23.149,15.223
968,284.000,-23.168,15.227
969,284.000,-23.171,15.226
970,284.000,-23.172,15.225
971,284.000,-23.173,15.223
972,284.000,-23.175,15.221
973,284.000,-23.176,15.219
974,284.000,-23.177,15.217
975,284.000,-23.178,15.216
976,284.000,-23.180,15.215
977,284.000,-23.181,15.214
978,284.000,-23.182,15.212
979,284.000,-23.166,15.227
980,284.000,-23.164,15.226
981,284.000,-23.161,15.226
982,284.000,-23.159,15.225
983,284.000,-23.157,15.224
984,284.000,-23.155,15.223
985,284.000,-23.153,15.222
986,284.000,-23.151,15.220
987,284.000,-23.149,15.219
988,284.000,-23.147,15.217
989,284.000,-23.146,15.215
990,284.000,-23.145,15.214
991,284.000,-23.144,15.212
992,284.000,-23.143,15.210
993,284.000,-23.141,15.208
994,284.000,-23.139,15.207
995,284.000,-23.137,15.206
996,284.000,-23.135,15.204
997,284.000,-23.133,15.203
998,284.000,-23.131,15.201
999,284.000,-23.130,15.200
1000,284.000,-23.128,15.199
1001,284.000,-23.127,15.197
1002,284.000,-23.125,15.195
1003,284.000,-23.124,15.193
1004,284.000,-23.123,15.191
1005,284.000,-23.122,15.189
1006,284.000,-23.121,15.187
1007,284.000,-23.120,15.185
1008,284.000,-23.119,15.183
1009,284.000,-23.119,15.181
1010,284.000,-23.119,15.178
1011,284.000,-23.118,15.176
1012,284.000,-23.118,15.174
1013,284.000,-23.118,15.171
1014,284.000,-23.119,15.168
1015,284.000,-23.119,15.166
1016,284.000,-23.120,15.163
1017,284.000,-23.121,15.161
1018,284.000,-23.122,15.159
1019,284.000,-23.123,15.157
1020,284.000,-23.125,15.156
1021,284.000,-23.126,15.154
1022,284.000,-23.128,15.153
1023,284.000,-23.129,15.152
1024,284.000,-23.131,15.150
1025,284.000,-23.133,15.149
1026,284.000,-23.135,15.148
1027,284.000,-23.138,15.148
1028,284.000,-23.140,15.147
1029,284.000,-23.142,15.147
1030,284.000,-23.144,15.147
1031,284.000,-23.146,15.147
1032,284.000,-23.148,15.148
1033,284.000,-23.151,15.148
1034,284.000,-23.153,15.150
1035,284.000,-23.154,15.151
1036,284.000,-23.156,15.152
1037,284.000,-23.157,15.153
1038,284.000,-23.159,15.155
1039,284.000,-23.160,15.157
1040,284.000,-23.162,15.159
1041,284.000,-23.163,15.161
1042,284.000,-23.164,15.163
1043,284.000,-23.166,15.165
1044,284.000,-23.167,15.167
1045,284.000,-23.169,15.168
1046,284.000,-23.170,15.170
1047,284.000,-23.172,15.172
1048,284.000,-23.174,15.175
1049,284.000,-23.176,15.177
1050,284.000,-23.177,15.179
1051,284.000,-23.179,15.181
1052,284.000,-23.181,15.184
1053,284.000,-23.182,15.186
1054,284.000,-23.183,15.189
1055,284.000,-23.185,15.191
1056,284.000,-23.185,15.193
1057,284.000,-23.183,15.210
1058,284.000,-23.184,15.208
1059,284.000,-23.185,15.206
1060,284.000,-23.185,15.205
1061,284.000,-23.186,15.202
1062,284.000,-23.187,15.200
1063,284.000,-23.188,15.199
1064,284.000,-23.187,15.197
1065,284.000,-23.186,15.196
1066,286.000,-23.171,15.221
1067,286.000,-23.169,15.221
1068,286.000,-23.166,15.222
1069,286.000,-23.164,15.222
1070,286.000,-23.162,15.222
1071,286.000,-23.159,15.221
1072,286.000,-23.157,15.220
1073,286.000,-23.155,15.219
1074,286.000,-23.153,15.219
1075,286.000,-23.152,15.218
1076,286.000,-23.150,15.216
1077,286.000,-23.150,15.215
1078,286.000,-23.148,15.213
1079,286.000,-23.147,15.211
1080,286.000,-23.146,15.209
1081,286.000,-23.144,15.207
1082,286.000,-23.143,15.205
1083,286.000,-23.141,15.204
1084,286.000,-23.125,15.191
1085,286.000,-23.126,15.192
1086,286.000,-23.128,15.194
1087,286.000,-23.130,15.196
1088,286.000,-23.131,15.198
1089,286.000,-23.132,15.199
1090,286.000,-23.134,15.200
1091,286.000,-23.135,15.201
1092,286.000,-23.138,15.202
1093,286.000,-23.140,15.203
1094,286.000,-23.172,15.220
1095,286.000,-23.173,15.218
1096,286.000,-23.185,15.200
1097,286.000,-23.185,15.202
1098,286.000,-23.183,15.207
1099,286.000,-23.183,15.205
1100,286.000,-23.184,15.203
1101,286.000,-23.182,15.209
1102,286.000,-23.181,15.210
1103,286.000,-23.180,15.211
1004,286.000,-23.179,15.213
1105,286.000,-23.177,15.214
1106,286.000,-23.176,15.215
1107,286.000,-23.175,15.216
1108,286.000,-23.174,15.217
1109,286.000,-23.185,15.198
1110,286.000,-23.185,15.197
1111,286.000,-23.184,15.195
1112,286.000,-23.183,15.193
1113,286.000,-23.183,15.192
1114,286.000,-23.182,15.189
1115,286.000,-23.180,15.187
1116,286.000,-23.178,15.185
1117,286.000,-23.177,15.183
1118,286.000,-23.175,15.181
1119,286.000,-23.174,15.179
1120,286.000,-23.172,15.177
1121,286.000,-23.170,15.174
1122,286.000,-23.169,15.172
1123,286.000,-23.167,15.170
1124,286.000,-23.165,15.168
1125,286.000,-23.164,15.166
1126,286.000,-23.162,15.164
1127,286.000,-23.159,15.162
1128,286.000,-23.158,15.160
129,286.000,-23.157,15.159
1130,286.000,-23.155,15.157
1131,286.000,-23.154,15.155
1132,286.000,-23.153,15.153
1133,286.000,-23.150,15.152
1134,286.000,-23.148,15.151
1135,286.000,-23.146,15.151
1136,286.000,-23.143,15.150
1137,286.000,-23.140,15.150
1138,286.000,-23.138,15.151
1139,286.000,-23.136,15.151
1140,286.000,-23.134,15.153
1141,286.000,-23.132,15.153
1142,286.000,-23.130,15.155
1143,286.000,-23.128,15.156
1144,286.000,-23.126,15.158
1145,286.000,-23.124,15.160
1146,286.000,-23.123,15.161
1147,286.000,-23.122,15.163
1148,286.000,-23.121,15.165
1149,286.000,-23.121,15.167
1150,286.000,-23.121,15.170
1151,286.000,-23.121,15.173
1152,286.000,-23.124,15.189
1153,286.000,-23.123,15.187
1154,286.000,-23.123,15.186
1155,286.000,-23.122,15.184
1156,286.000,-23.122,15.182
1157,286.000,-23.121,15.180
1158,286.000,-23.121,15.178
1159,286.000,-23.121,15.176
1160,288.000,-23.170,15.216
1161,288.000,-23.172,15.215
1162,288.000,-23.173,15.214
1163,288.000,-23.174,15.213
1164,288.000,-23.175,15.212
1165,288.000,-23.176,15.211
1166,288.000,-23.177,15.210
1167,288.000,-23.178,15.209
1168,288.000,-23.179,15.208
1169,288.000,-23.180,15.208
1170,288.000,-23.180,15.206
1171,288.000,-23.181,15.205
1172,288.000,-23.182,15.204
1173,288.000,-23.182,15.203
1174,288.000,-23.183,15.202
1175,288.000,-23.183,15.201
1176,288.000,-23.184,15.200
1177,288.000,-23.184,15.199
1178,288.000,-23.184,15.198
1179,288.000,-23.183,15.197
1180,288.000,-23.183,15.196
1181,288.000,-23.182,15.194
1182,288.000,-23.181,15.193
1183,288.000,-23.181,15.192
1184,288.000,-23.180,15.191
1185,288.000,-23.179,15.190
1186,288.000,-23.178,15.188
1187,288.000,-23.177,15.187
1188,288.000,-23.177,15.186
1189,288.000,-23.176,15.185
1190,288.000,-23.175,15.184
1191,288.000,-23.174,15.183
1192,288.000,-23.173,15.181
1193,288.000,-23.171,15.180
1194,288.000,-23.170,15.179
1195,288.000,-23.169,15.177
1196,288.000,-23.168,15.176
1197,288.000,-23.167,15.174
1198,288.000,-23.166,15.173
1199,288.000,-23.165,15.171
1200,288.000,-23.164,15.170
1201,288.000,-23.163,15.169
1202,288.000,-23.161,15.167
1203,288.000,-23.160,15.166
1204,288.000,-23.159,15.165
1205,288.000,-23.157,15.164
1206,288.000,-23.155,15.162
1207,288.000,-23.154,15.161
1208,288.000,-23.154,15.160
1209,288.000,-23.153,15.159
1210,288.000,-23.152,15.157
1211,288.000,-23.150,15.156
1212,288.000,-23.148,15.155
1213,288.000,-23.147,15.154
1214,288.000,-23.145,15.154
1215,288.000,-23.143,15.153
1216,288.000,-23.141,15.153
1217,288.000,-23.140,15.154
1218,288.000,-23.138,15.154
1219,288.000,-23.137,15.155
1220,288.000,-23.135,15.155
1221,288.000,-23.133,15.156
1222,288.000,-23.132,15.157
1223,288.000,-23.130,15.158
1224,288.000,-23.129,15.160
1225,288.000,-23.127,15.160
1226,288.000,-23.126,15.162
1227,288.000,-23.125,15.163
1228,288.000,-23.124,15.164
1229,288.000,-23.123,15.175
1230,288.000,-23.123,15.174
1231,288.000,-23.123,15.172
1232,288.000,-23.123,15.170
1233,288.000,-23.123,15.169
1234,288.000,-23.124,15.167
1235,288.000,-23.124,15.166
1236,288.000,-23.123,15.177
1237,288.000,-23.124,15.179
1238,288.000,-23.124,15.181
1239,288.000,-23.125,15.183
1240,288.000,-23.126,15.186
1241,288.000,-23.127,15.187
1242,288.000,-23.127,15.189
1243,288.000,-23.128,15.191
1244,288.000,-23.129,15.192
1245,288.000,-23.130,15.193
1246,288.000,-23.132,15.195
1247,288.000,-23.133,15.196
1248,288.000,-23.135,15.197
1249,288.000,-23.136,15.198
1250,288.000,-23.137,15.199
1251,288.000,-23.139,15.199
1252,288.000,-23.141,15.200
1253,288.000,-23.143,15.201
1254,288.000,-23.145,15.204
1255,288.000,-23.145,15.205
1256,288.000,-23.147,15.206
1257,288.000,-23.148,15.207
1258,288.000,-23.149,15.209
1259,288.000,-23.150,15.210
1260,288.000,-23.151,15.212
1261,288.000,-23.152,15.213
1262,288.000,-23.154,15.214
1263,288.000,-23.155,15.215
1264,288.000,-23.157,15.216
1265,288.000,-23.158,15.216
1266,288.000,-23.160,15.217
1267,288.000,-23.162,15.218
1268,288.000,-23.169,15.217
1269,288.000,-23.167,15.217
1270,288.000,-23.164,15.218
1271,290.000,-23.142,15.158
1272,290.000,-23.140,15.158
1273,290.000,-23.137,15.159
1274,290.000,-23.135,15.160
1275,290.000,-23.133,15.160
1276,290.000,-23.132,15.161
1277,290.000,-23.130,15.163
1278,290.000,-23.129,15.165
1279,290.000,-23.128,15.166
1280,290.000,-23.127,15.168
1281,290.000,-23.127,15.170
1282,290.000,-23.126,15.172
1283,290.000,-23.144,15.159
1284,290.000,-23.145,15.160
1285,290.000,-23.147,15.161
1286,290.000,-23.149,15.162
1287,290.000,-23.151,15.163
1288,290.000,-23.126,15.175
1289,290.000,-23.127,15.177
1290,290.000,-23.127,15.179
1291,290.000,-23.127,15.181
1292,290.000,-23.128,15.183
1293,290.000,-23.129,15.185
1294,290.000,-23.130,15.187
1295,290.000,-23.130,15.188
1296,290.000,-23.131,15.191
1297,290.000,-23.147,15.203
1298,290.000,-23.146,15.202
1299,290.000,-23.145,15.201
1300,290.000,-23.144,15.199
1301,290.000,-23.142,15.198
1302,290.000,-23.141,15.197
1303,290.000,-23.139,15.196
1304,290.000,-23.137,15.195
1305,290.000,-23.135,15.194
1306,290.000,-23.134,15.193
1307,290.000,-23.132,15.192
1308,290.000,-23.162,15.213
1309,290.000,-23.160,15.213
1310,290.000,-23.159,15.212
1311,290.000,-23.158,15.211
1312,290.000,-23.156,15.210
1313,290.000,-23.155,15.210
1314,290.000,-23.153,15.209
1315,290.000,-23.152,15.208
1316,290.000,-23.151,15.207
1317,290.000,-23.149,15.205
1318,290.000,-23.148,15.204
1319,290.000,-23.163,15.213
1320,290.000,-23.165,15.212
1321,290.000,-23.167,15.212
1322,290.000,-23.168,15.212
1323,290.000,-23.170,15.211
1324,290.000,-23.180,15.204
1325,290.000,-23.179,15.205
1326,290.000,-23.178,15.206
1327,290.000,-23.176,15.207
1328,290.000,-23.175,15.207
1329,290.000,-23.174,15.208
1330,290.000,-23.173,15.209
1331,290.000,-23.172,15.210
1332,290.000,-23.181,15.203
1333,290.000,-23.181,15.202
1334,290.000,-23.182,15.201
1335,290.000,-23.183,15.200
1336,290.000,-23.182,15.198
1337,290.000,-23.182,15.197
1338,290.000,-23.181,15.196
1339,290.000,-23.180,15.195
1340,290.000,-23.180,15.194
1341,290.000,-23.178,15.193
1342,290.000,-23.177,15.192
1343,290.000,-23.175,15.191
1344,290.000,-23.173,15.190
1345,290.000,-23.172,15.188
1346,290.000,-23.171,15.186
1347,290.000,-23.170,15.185
1348,290.000,-23.169,15.183
1349,290.000,-23.168,15.181
1350,290.000,-23.167,15.179
1351,290.000,-23.166,15.177
1352,290.000,-23.164,15.176
1353,290.000,-23.163,15.174
1354,290.000,-23.162,15.172
1355,290.000,-23.161,15.171
1356,290.000,-23.159,15.169
1357,290.000,-23.157,15.168
1358,290.000,-23.155,15.166
1359,290.000,-23.154,15.165
1360,292.000,-23.180,15.201
1361,292.000,-23.181,15.200
1362,292.000,-23.181,15.199
1363,292.000,-23.181,15.198
1364,292.000,-23.180,15.197
1365,292.000,-23.179,15.197
1366,292.000,-23.177,15.197
1367,292.000,-23.176,15.197
1368,292.000,-23.174,15.197
1369,292.000,-23.173,15.197
1370,292.000,-23.172,15.196
1371,292.000,-23.171,15.196
1372,292.000,-23.170,15.195
1373,292.000,-23.170,15.193
1374,292.000,-23.169,15.192
1375,292.000,-23.179,15.201
1376,292.000,-23.177,15.202
1377,292.000,-23.175,15.202
1378,292.000,-23.174,15.202
1379,292.000,-23.173,15.202
1380,292.000,-23.171,15.203
1381,292.000,-23.170,15.203
1382,292.000,-23.169,15.204
1383,292.000,-23.168,15.204
1384,292.000,-23.167,15.205
1385,292.000,-23.169,15.191
1386,292.000,-23.168,15.190
1387,292.000,-23.168,15.189
1388,292.000,-23.167,15.188
1389,292.000,-23.167,15.187
1390,292.000,-23.166,15.185
1391,292.000,-23.166,15.183
1392,292.000,-23.165,15.182
1393,292.000,-23.164,15.180
1394,292.000,-23.163,15.179
1395,292.000,-23.162,15.178
1396,292.000,-23.162,15.177
1397,292.000,-23.161,15.176
1398,292.000,-23.160,15.175
1399,292.000,-23.159,15.173
1400,292.000,-23.157,15.173
1401,292.000,-23.157,15.172
1402,292.000,-23.156,15.171
1403,292.000,-23.155,15.170
1404,292.000,-23.154,15.169
1405,292.000,-23.153,15.169
1406,292.000,-23.152,15.168
1407,292.000,-23.150,15.167
1408,292.000,-23.149,15.167
1409,292.000,-23.148,15.166
1410,292.000,-23.146,15.166
1411,292.000,-23.145,15.165
1412,292.000,-23.143,15.164
1413,292.000,-23.142,15.164
1414,292.000,-23.141,15.164
1415,292.000,-23.140,15.164
1416,292.000,-23.139,15.165
1417,292.000,-23.137,15.165
1418,292.000,-23.136,15.165
1419,292.000,-23.134,15.165
1420,292.000,-23.133,15.165
1421,292.000,-23.132,15.167
1422,292.000,-23.131,15.168
1423,292.000,-23.131,15.169
1424,292.000,-23.130,15.170
1425,292.000,-23.130,15.171
1426,292.000,-23.129,15.172
1427,292.000,-23.129,15.174
1428,292.000,-23.129,15.175
1429,292.000,-23.130,15.176
1430,292.000,-23.130,15.177
1431,292.000,-23.130,15.178
1432,292.000,-23.130,15.179
1433,292.000,-23.131,15.181
1434,292.000,-23.131,15.183
1435,292.000,-23.132,15.184
1436,292.000,-23.132,15.185
1437,292.000,-23.132,15.186
1438,292.000,-23.133,15.187
1439,292.000,-23.134,15.189
1440,292.000,-23.135,15.190
1441,292.000,-23.136,15.191
1442,292.000,-23.137,15.192
1443,292.000,-23.139,15.192
1444,292.000,-23.140,15.193
1445,292.000,-23.141,15.193
1446,292.000,-23.142,15.195
1447,292.000,-23.144,15.196
1448,292.000,-23.145,15.198
1449,292.000,-23.147,15.199
1450,292.000,-23.148,15.201
1451,292.000,-23.149,15.202
1452,292.000,-23.150,15.203
1453,292.000,-23.166,15.206
1454,292.000,-23.164,15.207
1455,292.000,-23.163,15.207
1456,292.000,-23.162,15.208
1457,292.000,-23.161,15.208
1458,292.000,-23.160,15.207
1459,292.000,-23.158,15.207
1460,292.000,-23.157,15.207
1461,292.000,-23.155,15.206
1462,292.000,-23.153,15.206
1463,292.000,-23.152,15.205
1464,292.000,-23.151,15.204
1465,294.000,-23.163,15.200
1466,294.000,-23.162,15.200
1467,294.000,-23.161,15.201
1468,294.000,-23.159,15.201
1469,294.000,-23.157,15.201
1470,294.000,-23.155,15.202
1471,294.000,-23.153,15.202
1472,294.000,-23.151,15.202
1473,294.000,-23.164,15.198
1474,294.000,-23.164,15.196
1475,294.000,-23.164,15.194
1476,294.000,-23.164,15.192
1477,294.000,-23.164,15.190
1478,294.000,-23.164,15.189
1479,294.000,-23.163,15.187
1480,294.000,-23.162,15.185
1481,294.000,-23.162,15.183
1482,294.000,-23.161,15.181
1483,294.000,-23.160,15.180
1484,294.000,-23.159,15.179
1485,294.000,-23.158,15.178
1486,294.000,-23.156,15.177
1487,294.000,-23.155,15.176
1488,294.000,-23.153,15.174
1489,294.000,-23.151,15.173
1490,294.000,-23.150,15.172
1491,294.000,-23.148,15.172
1492,294.000,-23.147,15.171
1493,294.000,-23.145,15.170
1494,294.000,-23.142,15.170
1495,294.000,-23.140,15.170
1496,294.000,-23.139,15.171
1497,294.000,-23.137,15.171
1498,294.000,-23.135,15.172
1499,294.000,-23.134,15.172
1500,294.000,-23.132,15.173
1501,294.000,-23.143,15.191
1502,294.000,-23.142,15.190
1503,294.000,-23.141,15.188
1504,294.000,-23.140,15.187
1505,294.000,-23.139,15.185
1506,294.000,-23.138,15.183
1507,294.000,-23.137,15.181
1508,294.000,-23.136,15.180
1509,294.000,-23.135,15.178
1510,294.000,-23.135,15.177
1511,294.000,-23.134,15.175
1512,294.000,-23.133,15.174
1513,294.000,-23.151,15.201
1514,294.000,-23.149,15.200
1515,294.000,-23.148,15.198
1516,294.000,-23.147,15.197
1517,294.000,-23.146,15.195
1518,294.000,-23.144,15.193
1519,296.000,-23.152,15.182
1520,296.000,-23.152,15.183
1521,296.000,-23.153,15.184
1522,296.000,-23.154,15.186
1523,296.000,-23.154,15.187
1524,296.000,-23.155,15.188
1525,296.000,-23.155,15.189
1526,296.000,-23.156,15.191
1527,296.000,-23.155,15.192
1528,296.000,-23.154,15.193
1529,296.000,-23.154,15.194
1530,296.000,-23.154,15.196
1531,296.000,-23.153,15.197
1532,296.000,-23.152,15.198
1533,296.000,-23.151,15.199
1534,296.000,-23.151,15.183
1535,296.000,-23.151,15.185
1536,296.000,-23.151,15.186
1537,296.000,-23.150,15.188
1538,296.000,-23.150,15.189
1539,296.000,-23.150,15.191
1540,296.000,-23.150,15.193
1541,296.000,-23.151,15.195
1542,296.000,-23.151,15.196
1543,296.000,-23.151,15.198
1544,258.000,-23.153,15.269
1545,258.000,-23.150,15.269
1546,258.000,-23.148,15.268
1547,258.000,-23.145,15.268
1548,258.000,-23.143,15.268
1549,258.000,-23.141,15.266
1550,258.000,-23.140,15.264
1551,258.000,-23.138,15.263
1552,258.000,-23.137,15.261
1553,258.000,-23.135,15.259
1554,258.000,-23.134,15.258
1555,258.000,-23.132,15.257
1556,258.000,-23.131,15.254
1557,258.000,-23.129,15.253
1558,258.000,-23.128,15.251
1559,258.000,-23.126,15.249
1560,258.000,-23.124,15.248
1561,258.000,-23.123,15.245
1562,258.000,-23.121,15.243
1563,258.000,-23.119,15.242
1564,258.000,-23.117,15.240
1565,258.000,-23.115,15.238
1566,258.000,-23.112,15.236
1567,258.000,-23.110,15.235
1568,258.000,-23.096,15.222
1569,258.000,-23.097,15.224
1570,258.000,-23.099,15.225
1571,258.000,-23.100,15.227
1572,258.000,-23.102,15.229
1573,258.000,-23.104,15.231
1574,258.000,-23.108,15.233
1575,258.000,-23.197,15.247
1576,258.000,-23.195,15.249
1577,258.000,-23.194,15.251
1578,258.000,-23.192,15.252
1579,258.000,-23.190,15.254
1580,258.000,-23.188,15.256
1581,258.000,-23.185,15.258
1582,258.000,-23.183,15.260
1583,258.000,-23.180,15.261
1584,258.000,-23.177,15.261
1585,258.000,-23.174,15.263
1586,258.000,-23.172,15.264
1587,258.000,-23.169,15.265
1588,258.000,-23.166,15.265
1589,258.000,-23.163,15.266
1590,258.000,-23.160,15.267
1591,258.000,-23.158,15.268
1592,258.000,-23.155,15.268
1592,258.000,-23.199,15.244
1594,258.000,-23.200,15.241
1595,258.000,-23.202,15.240
1596,258.000,-23.202,15.237
1597,258.000,-23.204,15.235
1598,258.000,-23.205,15.233
1599,258.000,-23.206,15.229
1600,258.000,-23.207,15.226
1601,258.000,-23.213,15.212
1602,258.000,-23.212,15.214
1603,258.000,-23.211,15.216
1604,258.000,-23.210,15.219
1605,258.000,-23.209,15.220
1606,258.000,-23.208,15.222
1607,258.000,-23.208,15.224
1608,258.000,-23.213,15.210
1609,258.000,-23.214,15.208
1610,258.000,-23.215,15.205
1611,258.000,-23.215,15.202
1612,258.000,-23.216,15.199
1613,258.000,-23.216,15.196
1614,258.000,-23.216,15.194
1615,258.000,-23.216,15.191
1616,258.000,-23.216,15.188
1617,258.000,-23.215,15.185
1618,258.000,-23.214,15.183
1619,258.000,-23.214,15.181
1620,258.000,-23.213,15.178
1621,258.000,-23.213,15.176
1622,258.000,-23.212,15.173
1623,258.000,-23.211,15.170
1624,258.000,-23.210,15.168
1625,258.000,-23.209,15.166
1626,258.000,-23.208,15.164
1627,258.000,-23.206,15.162
1628,258.000,-23.205,15.160
1629,258.000,-23.203,15.158
1630,258.000,-23.202,15.156
1631,258.000,-23.201,15.154
1632,258.000,-23.199,15.152
1633,258.000,-23.198,15.151
1634,258.000,-23.197,15.149
1635,258.000,-23.195,15.147
1636,258.000,-23.193,15.145
1637,258.000,-23.191,15.143
1638,258.000,-23.189,15.141
1639,258.000,-23.187,15.139
1640,258.000,-23.185,15.137
1641,258.000,-23.182,15.135
1642,258.000,-23.180,15.133
1643,258.000,-23.178,15.131
1644,258.000,-23.174,15.130
1645,258.000,-23.172,15.128
1646,258.000,-23.168,15.127
1647,258.000,-23.165,15.126
1648,258.000,-23.161,15.124
1649,258.000,-23.158,15.123
1650,258.000,-23.153,15.122
1651,258.000,-23.150,15.121
1652,256.000,-23.151,15.307
1653,256.000,-23.154,15.304
1654,256.000,-23.156,15.302
1655,256.000,-23.159,15.299
1656,256.000,-23.160,15.295
1657,256.000,-23.162,15.292
1658,256.000,-23.163,15.288
1659,256.000,-23.164,15.284
1660,256.000,-23.164,15.281
1661,256.000,-23.166,15.278
1662,256.000,-23.168,15.275
1663,256.000,-23.171,15.272
1664,256.000,-23.173,15.270
1665,256.000,-23.177,15.268
1666,256.000,-23.141,15.305
1667,256.000,-23.141,15.302
1668,256.000,-23.141,15.298
1669,256.000,-23.141,15.294
1670,256.000,-23.141,15.290
1671,256.000,-23.141,15.286
1672,256.000,-23.141,15.282
1673,256.000,-23.140,15.279
1674,256.000,-23.138,15.276
1675,256.000,-23.136,15.272
1676,256.000,-23.134,15.269
1677,256.000,-23.132,15.265
1678,256.000,-23.129,15.261
1679,256.000,-23.127,15.258
1680,256.000,-23.125,15.255
1681,256.000,-23.123,15.252
1682,256.000,-23.121,15.249
1683,256.000,-23.118,15.246
1684,256.000,-23.115,15.243
1685,256.000,-23.111,15.240
1686,256.000,-23.108,15.238
1687,256.000,-23.105,15.236
1688,256.000,-23.101,15.233
1689,256.000,-23.097,15.230
1690,256.000,-23.181,15.267
1691,256.000,-23.185,15.263
1692,256.000,-23.189,15.261
1693,256.000,-23.192,15.257
1694,256.000,-23.196,15.253
1695,256.000,-23.198,15.250
1696,256.000,-23.201,15.247
1697,256.000,-23.203,15.243
1698,256.000,-23.205,15.238
1699,256.000,-23.207,15.235
1700,256.000,-23.208,15.231
1701,256.000,-23.209,15.227
1702,256.000,-23.211,15.223
1703,256.000,-23.213,15.220
1704,256.000,-23.215,15.216
1705,256.000,-23.216,15.212
1706,256.000,-23.217,15.208
1707,256.000,-23.218,15.205
1708,256.000,-23.219,15.201
1709,256.000,-23.219,15.197
1710,256.000,-23.219,15.194
1711,256.000,-23.218,15.189
1712,256.000,-23.218,15.184
1713,256.000,-23.217,15.179
1714,256.000,-23.216,15.176
1715,256.000,-23.215,15.172
1716,256.000,-23.213,15.168
1717,256.000,-23.211,15.164
1718,256.000,-23.209,15.161
1719,256.000,-23.206,15.158
1720,256.000,-23.204,15.154
1721,256.000,-23.202,15.152
1722,256.000,-23.200,15.149
1723,256.000,-23.198,15.147
1724,256.000,-23.195,15.144
1725,256.000,-23.193,15.141
1726,256.000,-23.189,15.138
1727,256.000,-23.186,15.135
1728,256.000,-23.184,15.133
1729,256.000,-23.181,15.131
1730,256.000,-23.178,15.129
1731,256.000,-23.176,15.127
1732,256.000,-23.172,15.126
1733,256.000,-23.169,15.124
1734,256.000,-23.166,15.123
1735,256.000,-23.161,15.121
1736,256.000,-23.157,15.120
1737,256.000,-23.153,15.119
1738,254.000,-23.175,15.300
1739,254.000,-23.175,15.297
1740,254.000,-23.176,15.293
1741,254.000,-23.177,15.289
1742,254.000,-23.177,15.285
1743,254.000,-23.178,15.281
1744,254.000,-23.180,15.277
1745,254.000,-23.182,15.273
1746,254.000,-23.184,15.271
1747,254.000,-23.188,15.268
1748,254.000,-23.190,15.264
1749,254.000,-23.193,15.262
1750,254.000,-23.195,15.259
1751,254.000,-23.198,15.255
1752,254.000,-23.201,15.251
1753,254.000,-23.203,15.249
1754,254.000,-23.206,15.245
1755,254.000,-23.207,15.242
1756,254.000,-23.128,15.307
1757,254.000,-23.128,15.303
1758,254.000,-23.128,15.298
1759,254.000,-23.129,15.295
1760,254.000,-23.130,15.291
1761,254.000,-23.130,15.287
1762,254.000,-23.131,15.282
1763,254.000,-23.129,15.278
1764,254.000,-23.127,15.273
1765,254.000,-23.125,15.268
1766,254.000,-23.124,15.264
1767,254.000,-23.122,15.261
1768,254.000,-23.120,15.256
1769,254.000,-23.118,15.252
1770,254.000,-23.115,15.249
1771,254.000,-23.097,15.237
1772,254.000,-23.100,15.238
1773,254.000,-23.103,15.241
1774,254.000,-23.107,15.243
1775,254.000,-23.112,15.246
1776,254.000,-23.209,15.239
1777,254.000,-23.210,15.235
1778,254.000,-23.211,15.231
1779,254.000,-23.213,15.227
1780,254.000,-23.215,15.223
1781,254.000,-23.216,15.220
1782,254.000,-23.218,15.216
1783,254.000,-23.220,15.212
1784,254.000,-23.221,15.209
1785,254.000,-23.222,15.205
1786,254.000,-23.223,15.201
1787,254.000,-23.223,15.197
1788,254.000,-23.223,15.192
1789,254.000,-23.222,15.188
1790,254.000,-23.221,15.183
1791,254.000,-23.220,15.179
1792,254.000,-23.219,15.175
1793,254.000,-23.218,15.172
1794,254.000,-23.216,15.168
1795,254.000,-23.215,15.165
1796,254.000,-23.213,15.161
1797,254.000,-23.210,15.158
1798,254.000,-23.208,15.155
1799,254.000,-23.205,15.152
1800,254.000,-23.203,15.149
1801,254.000,-23.201,15.146
1802,254.000,-23.197,15.143
1803,254.000,-23.195,15.141
1804,254.000,-23.193,15.138
1805,254.000,-23.189,15.135
1806,254.000,-23.186,15.132
1807,254.000,-23.183,15.129
1808,254.000,-23.180,15.126
1809,254.000,-23.175,15.125
1810,254.000,-23.172,15.123
1811,254.000,-23.167,15.121
1812,254.000,-23.162,15.119
1813,252.000,-23.188,15.307
1814,252.000,-23.188,15.304
1815,252.000,-23.190,15.298
1816,252.000,-23.189,15.293
1817,252.000,-23.189,15.288
1818,252.000,-23.189,15.283
1819,252.000,-23.189,15.279
1820,252.000,-23.202,15.256
1821,252.000,-23.199,15.259
1822,252.000,-23.197,15.264
1823,252.000,-23.194,15.268
1824,252.000,-23.191,15.273
1825,252.000,-23.117,15.300
1826,252.000,-23.118,15.296
1827,252.000,-23.120,15.291
1828,252.000,-23.121,15.285
1829,252.000,-23.122,15.280
1830,252.000,-23.120,15.276
1831,252.000,-23.118,15.271
1832,252.000,-23.117,15.265
1833,252.000,-23.116,15.260
1835,252.000,-23.114,15.256
1834,252.000,-23.111,15.252
1836,252.000,-23.107,15.249
1837,252.000,-23.102,15.247
1838,252.000,-23.203,15.253
1839,252.000,-23.205,15.249
1840,252.000,-23.227,15.202
1841,252.000,-23.226,15.204
1842,252.000,-23.225,15.209
1843,252.000,-23.224,15.213
1844,252.000,-23.221,15.217
1845,252.000,-23.220,15.220
1846,252.000,-23.215,15.232
1847,252.000,-23.213,15.236
1848,252.000,-23.212,15.240
1849,252.000,-23.210,15.244
1850,252.000,-23.207,15.247
1851,252.000,-23.227,15.197
1852,252.000,-23.227,15.194
1853,252.000,-23.226,15.190
1854,252.000,-23.225,15.185
1855,252.000,-23.224,15.181
1856,252.000,-23.223,15.178
1857,252.000,-23.222,15.173
1858,252.000,-23.220,15.170
1859,252.000,-23.218,15.166
1860,252.000,-23.215,15.162
1861,252.000,-23.214,15.159
1862,252.000,-23.211,15.156
1863,252.000,-23.208,15.153
1864,252.000,-23.206,15.150
1865,252.000,-23.204,15.148
1866,252.000,-23.193,15.136
1867,252.000,-23.196,15.139
1868,252.000,-23.199,15.142
1869,252.000,-23.202,15.145
1870,252.000,-23.177,15.123
1871,252.000,-23.175,15.122
1872,252.000,-23.171,15.120
1873,252.000,-23.166,15.119
1874,252.000,-23.179,15.124
1875,252.000,-23.182,15.125
1876,252.000,-23.185,15.127
1877,252.000,-23.188,15.129
1878,252.000,-23.189,15.131
1879,252.000,-23.191,15.133
1880,250.000,-23.201,15.306
1881,250.000,-23.201,15.302
1882,250.000,-23.201,15.296
1883,250.000,-23.199,15.292
1884,250.000,-23.198,15.287
1885,250.000,-23.197,15.282
1886,250.000,-23.197,15.277
1887,250.000,-23.199,15.272
1888,250.000,-23.201,15.268
1889,250.000,-23.201,15.264
1890,250.000,-23.203,15.260
1891,250.000,-23.205,15.256
1892,250.000,-23.208,15.252
1893,250.000,-23.217,15.235
1894,250.000,-23.215,15.239
1895,250.000,-23.213,15.244
1896,250.000,-23.210,15.248
1897,250.000,-23.182,15.120
1898,250.000,-23.185,15.122
1899,250.000,-23.188,15.125
1900,250.000,-23.189,15.127
1901,250.000,-23.225,15.172
1902,250.000,-23.223,15.168
1903,250.000,-23.221,15.164
1904,250.000,-23.219,15.162
1905,250.000,-23.217,15.159
1906,250.000,-23.215,15.156
1907,250.000,-23.212,15.153
1908,250.000,-23.208,15.150
1909,250.000,-23.206,15.147
1910,250.000,-23.203,15.143
1911,250.000,-23.200,15.140
1912,250.000,-23.198,15.137
1913,250.000,-23.195,15.134
1914,250.000,-23.194,15.131
1915,250.000,-23.192,15.129
1916,250.000,-23.106,15.290
1917,250.000,-23.107,15.285
1918,250.000,-23.108,15.281
1919,250.000,-23.108,15.278
1920,250.000,-23.108,15.274
1921,250.000,-23.109,15.271
1922,250.000,-23.102,15.256
1923,250.000,-23.104,15.257
1924,250.000,-23.106,15.259
1925,250.000,-23.107,15.262
1926,250.000,-23.108,15.265
1927,250.000,-23.109,15.268
1928,248.000,-23.207,15.287
1929,248.000,-23.206,15.284
1930,248.000,-23.205,15.279
1931,248.000,-23.205,15.276
1932,248.000,-23.205,15.272
1933,248.000,-23.206,15.268
1934,248.000,-23.207,15.263
1935,248.000,-23.215,15.249
1936,248.000,-23.213,15.251
1937,248.000,-23.210,15.254
1938,248.000,-23.208,15.258
1939,246.000,-23.215,15.281
1940,246.000,-23.214,15.279
1941,246.000,-23.213,15.276
1942,246.000,-23.213,15.272
1943,246.000,-23.218,15.256
1944,246.000,-23.217,15.258
1945,246.000,-23.215,15.261
1946,246.000,-23.214,15.264
1947,246.000,-23.213,15.268
