Lon_DD,Lat_DD,H_estimada_m,Bouguer_Simple,Bouguer_Completa
-28.493,38.485,-237.17073999999664,117.0,80.95362798471726
-28.49,38.486,-234.63832000000514,117.0,81.22327078793717
-28.487,38.487,-232.0771719999891,117.0,81.4960359864378
-28.485,38.489,-225.72202000000573,117.0,82.17200044071157
-28.495,38.486,-233.1331600000043,117.0,81.38231413465145
-28.498,38.486,-232.23006400000418,117.0,81.4777916712397
-28.501,38.488,-225.33596799999745,117.0,82.20902034052837
-28.503,38.489,-222.97691200000503,117.0,82.45730145766257
-28.504,38.492,-213.36524800000643,117.0,83.47889203934596
-28.504,38.495,-203.23528000000715,117.0,84.5576871161547
-28.503,38.498,-192.5299840000074,117.0,85.69963326823705
-28.501,38.499,-187.98366399999233,117.0,86.28465330978526
-28.497,38.499,-188.11836399999174,117.0,86.25472602742505
-28.494,38.498,-192.26545600000776,117.0,85.73153520622284
-28.493,38.496,-199.38006399999125,117.0,84.97365960652995
-28.489,38.495,-203.84734000000682,117.0,84.49859137025557
-28.486,38.496,-201.15212799999074,117.0,84.78615309558711
-28.483,38.495,-205.39498000000702,117.0,84.33499578306173
-28.482,38.492,-216.11747200000664,117.0,83.1941032911523
-28.424,38.514,-219.1061440000053,117.0,82.74351323342415
-28.424,38.516,-221.5807359999996,117.0,82.45505171606973
-28.422,38.517,-223.08529600000537,117.0,80.42743899581407
-28.42,38.516,-222.13887999999938,117.0,80.52180455829846
-28.421,38.513,-218.34059199999945,117.0,81.42449035364322
-28.519,38.497,-205.01684799999714,117.0,84.35334149701517
-28.519,38.499,-198.45361599998975,117.0,85.0538192633325
-28.517,38.497,-203.8788639999979,117.0,84.47646090250923
-28.493,38.48,-254.3483200000035,118.0,80.12941636756074
-28.489,38.481,-252.21269199998676,118.0,80.35684588420806
-28.486,38.483,-246.24954400000385,118.0,80.99058570955633
-28.483,38.485,-240.2289399999962,118.0,81.63067249600567
-28.479,38.486,-237.94967200000517,118.0,81.87367214959228
-28.474,38.488,-232.40185599999714,118.0,82.46433634788369
-28.47,38.489,-230.02204000000623,118.0,82.71822522599822
-28.497,38.482,-246.19655199999542,118.0,80.99420199599916
-28.501,38.483,-242.31428800000424,118.0,81.40453729295554
-28.422,38.508,-212.05590400000455,118.0,83.92545105314264
-28.427,38.509,-212.3770720000019,118.0,84.54670024296841
-28.43,38.51,-213.10719999999895,118.0,84.46726443411093
-28.435,38.513,-216.13911999999928,118.0,84.13141086846805
-28.438,38.517,-220.94718400000593,118.0,83.60249707573672
-28.441,38.52,-224.5592800000062,118.0,83.20718934918429
-28.443,38.524,-229.72532800000323,118.0,82.6440719421509
-28.437,38.526,-232.90724800000652,118.0,82.29458574522921
-28.431,38.522,-228.27572799999993,118.0,82.79293943751576
-28.425,38.522,-228.90040000000002,118.0,82.66614602441683
-28.421,38.525,-232.97560000000047,118.0,80.26201928241727
-28.416,38.523,-231.02747200000584,118.0,80.39378755633852
-28.414,38.517,-224.15435200000516,118.0,81.13442316162104
-28.414,38.512,-218.26307200000187,118.0,82.40153759517447
-28.417,38.508,-212.9897440000043,118.0,83.6388531096331
-28.507,38.481,-251.9113119999875,118.0,80.37611462796524
-28.51,38.482,-249.97551999999564,118.0,80.57730577443743
-28.513,38.486,-238.11884800000445,118.0,81.83366020701311
-28.514,38.491,-222.05166399999658,118.0,83.54248475247215
-28.519,38.491,-224.70654399999574,118.0,83.25415622428629
-28.526,38.493,-221.94884799998889,118.0,83.54094793201783
-28.53,38.497,-211.275759999998,118.0,84.67661522197945
-28.525,38.5,-198.6999999999975,118.0,86.02332027553253
-28.517,38.502,-197.43409600000294,118.0,86.15498526040105
-28.51,38.501,-191.5854399999964,118.0,86.78917243603564
-28.506,38.501,-189.22566399999587,118.0,87.04426757572264
-28.499,38.503,-189.27428800000078,118.0,87.03468040981241
-28.493,38.502,-188.9273440000046,118.0,87.07706603846864
-28.487,38.5,-187.04200000000054,118.0,87.5054281485153
-28.48,38.498,-195.67552000000794,118.0,86.37072820278172
-28.478,38.495,-206.6846800000069,118.0,85.19881025937957
-28.476,38.492,-217.75129600000682,118.0,84.02165980889761
-28.472,38.491,-222.3765759999977,118.0,83.5306651544577
-28.446,38.516,-218.51094399999906,119.0,84.86773148290314
-28.448,38.52,-223.74784000000614,119.0,84.29537220869175
-28.449,38.527,-233.32619200000363,119.0,83.25401938877556
-28.445,38.53,-237.70840000000405,119.0,82.77776042498002
-28.439,38.529,-236.723824000007,119.0,82.88094217608007
-28.432,38.528,-235.87878400000073,119.0,82.96246301934465
-28.426,38.527,-235.0418080000036,119.0,83.0062791208822
-28.418,38.528,-236.8404160000007,119.0,80.78056278545591
-28.412,38.525,-233.75320000000048,119.0,81.08927104032911
-28.411,38.52,-228.03688000000534,119.0,81.70893213184074
-28.408,38.513,-220.3848159999993,119.0,82.90421445328872
-28.41,38.508,-214.29712000000455,119.0,84.33388210793171
-28.414,38.504,-208.83702399999837,119.0,85.61526833462328
-28.422,38.503,-205.92846400000118,119.0,86.28712202305036
-28.426,38.505,-207.56152000000475,119.0,86.0878111020573
-28.431,38.506,-207.8177440000013,119.0,86.05542113480564
-28.436,38.508,-209.44115200000476,119.0,85.8708528239288
-28.441,38.511,-212.52030400000532,119.0,85.52744632090153
-28.533,38.483,-257.6835040000023,119.0,80.72525100348017
-28.528,38.484,-252.05747199998626,119.0,81.33086755485701
-28.521,38.482,-255.18899199999476,119.0,81.00728205806239
-28.514,38.479,-261.8112159999937,119.0,80.31382743910945
-28.507,38.477,-265.3419040000024,119.0,79.95005768661666
-28.5,38.477,-262.24600000000214,119.0,80.29015349413453
-28.491,38.476,-268.78820799999403,119.0,79.59755695073717
-28.487,38.478,-263.25536799998685,119.0,80.18521822813196
-28.483,38.48,-257.6459200000031,119.0,80.78124752798695
-28.477,38.483,-249.08810800000413,119.0,81.69098025296411
-28.472,38.485,-243.59295999999608,119.0,82.27566262821028
-28.466,38.489,-231.1687120000057,119.0,83.59726046908953
-28.54,38.494,-226.41135999999557,119.0,84.05258705273673
-28.536,38.497,-214.68971199999777,119.0,85.30779330953901
-28.53,38.501,-203.3843199999947,119.0,86.51538066156823
-28.525,38.503,-203.903799999998,119.0,86.45452957423612
-28.519,38.505,-203.7866800000026,119.0,86.46285123408373
-28.512,38.505,-199.6026400000043,119.0,86.91431363006193
-28.507,38.505,-196.61404000000522,119.0,87.23696175604259
-28.501,38.506,-194.71566400000162,119.0,87.4399988656862
-28.495,38.507,-196.76535999999703,119.0,87.2181839369984
-28.49,38.505,-194.47480000000505,119.0,87.47152483221313
-28.485,38.505,-195.49720000000482,119.0,87.36307859360514
-28.48,38.503,-193.38376000000062,119.0,87.59883219826334
-28.475,38.5,-189.85,119.0,87.99263548616246
-28.471,38.499,-194.3268519999917,119.0,87.51661355954265
-28.467,38.496,-205.96201599999125,119.0,86.27853612166894
-28.465,38.493,-217.1770599999902,119.0,85.08549193993586
-28.465,38.516,-215.85975999999903,120.0,86.15020409009243
-28.467,38.522,-224.52769599999988,120.0,85.2078183944983
-28.467,38.528,-233.4747040000006,120.0,84.2396171575406
-28.462,38.532,-239.66473599999765,120.0,83.57097229936142
-28.456,38.534,-242.78761600000132,120.0,83.23279668221944
-28.447,38.534,-243.08699200000132,120.0,83.19685589541929
-28.441,38.533,-241.94891200000433,120.0,83.3158541325197
-28.433,38.531,-239.68139200000095,120.0,83.55022061823597
-28.427,38.531,-239.987248000001,120.0,83.47739826380432
-28.419,38.532,-241.60283199999816,120.0,81.28416262626186
-28.414,38.533,-243.0064480000038,120.0,81.09541442152725
-28.409,38.529,-238.60734400000626,120.0,81.55983206283777
-28.406,38.523,-232.00955200000578,120.0,82.2740507744737
-28.402,38.518,-226.86534400000247,120.0,82.83608230563134
-28.398,38.515,-224.1248800000024,120.0,83.1389532145567
-28.4,38.51,-218.35599999999968,120.0,84.38682917335129
-28.405,38.506,-212.98072000000144,120.0,85.64890360519925
-28.41,38.504,-209.67855999999873,120.0,86.42174082884685
-28.416,38.5,-203.65600000000103,120.0,87.8323602337522
-28.421,38.5,-202.48600000000118,120.0,88.08415638226269
-28.426,38.501,-202.5651039999985,120.0,87.65377207232966
-28.43,38.502,-202.92544000000422,120.0,87.60352971441306
-28.459,38.517,-218.14091200000613,120.0,85.90375398782729
-28.456,38.511,-209.98446400000537,120.0,86.79635617577411
-28.45,38.508,-206.82640000000498,120.0,87.14751140415778
-28.445,38.509,-209.1215200000017,120.0,86.89889144664465
-28.439,38.507,-207.55499199999835,120.0,87.07695145865766
-28.436,38.503,-202.9004320000012,120.0,87.59692217919613
-28.54,38.502,-211.04752000000133,120.0,86.68699668859287
-28.533,38.504,-210.40460799999502,120.0,86.75148855247821
-28.526,38.506,-209.7072639999991,120.0,86.82247591443934
-28.52,38.509,-211.28391999999985,120.0,86.647173568966
-28.511,38.509,-205.83445600000024,120.0,87.23465566440491
-28.526,38.471,-293.16865599999926,120.0,77.96375474863903
-28.522,38.475,-278.50119999998435,120.0,79.52825589817512
-28.513,38.474,-277.95443200000136,120.0,79.60145768032672
-28.504,38.471,-284.27502400000094,120.0,78.94693146107264
-28.492,38.474,-275.31990400000115,120.0,79.9046798786203
-28.496,38.472,-280.72825599998527,120.0,79.33070687963406
-28.486,38.473,-280.9398639999929,120.0,79.3097172882822
-28.482,38.475,-275.41659999998575,120.0,79.89603609198726
-28.477,38.478,-266.6487279999862,120.0,80.82699525237771
-28.471,38.481,-258.062187999987,120.0,81.73938453664509
-28.465,38.484,-249.30327999998786,120.0,82.67054737710893
-28.461,38.49,-229.01331999998985,120.0,84.82756461222367
-28.506,38.509,-202.80697600000116,120.0,87.56120045607823
-28.501,38.511,-203.15538400000645,120.0,87.52048926779038
-28.495,38.511,-203.39128000000557,120.0,87.49602911790923
-28.489,38.509,-201.16350400000135,120.0,87.74136228970002
-28.482,38.507,-199.2700959999976,120.0,87.95219666157031
-28.476,38.505,-197.33752000000487,120.0,88.1682395032293
-28.469,38.502,-194.25995200000398,120.0,88.51303413558638
-28.463,38.499,-196.2371559999915,120.0,88.31539962702986
-28.459,38.495,-211.58554000000782,120.0,86.68214663975994
-28.523,38.467,-304.98097599999073,121.0,77.7158097975431
-28.517,38.468,-299.4132159999755,121.0,78.31782210685006
-28.512,38.468,-297.4869759999758,121.0,78.53150613393277
-28.505,38.467,-298.16055999999094,121.0,78.47348907056991
-28.499,38.467,-296.65800399999193,121.0,78.64244995396574
-28.493,38.468,-295.57451199997604,121.0,78.75779772786406
-28.485,38.47,-291.7245999999926,121.0,79.16667776874066
-28.48,38.472,-286.61727999998453,121.0,79.70871522072859
-28.474,38.474,-281.77268800000184,121.0,80.22325649831177
-28.469,38.477,-272.9138440000024,121.0,81.16363536138988
-28.463,38.48,-264.24112000000343,121.0,82.08481362749643
-28.458,38.486,-244.27134400000594,121.0,84.20631339940466
-28.455,38.491,-227.08713999999875,121.0,86.03372073581954
-28.454,38.494,-216.4974879999989,121.0,87.16068993394369
-28.454,38.499,-198.3862479999916,121.0,89.08941175382321
-28.448,38.5,-196.16800000000057,121.0,89.32814515758417
-28.443,38.498,-204.68783200000863,121.0,88.42183815032169
-28.436,38.495,-217.51816000000832,121.0,87.05485747030878
-28.43,38.493,-226.54011999999028,121.0,86.08570851020927
-28.423,38.493,-228.41273199999074,121.0,85.68609458907692
-28.415,38.493,-230.5528599999905,121.0,83.55889634398876
-28.411,38.496,-220.13852799999069,121.0,85.03806829886503
-28.405,38.5,-206.23000000000098,121.0,88.24456401827864
-28.393,38.506,-215.36363200000167,121.0,86.10135360859405
-28.39,38.51,-220.10559999999947,121.0,84.9843840641209
-28.386,38.514,-224.85721600000485,121.0,84.06714905218108
-28.365,38.513,-227.14648000000045,121.0,83.83402887464162
-28.36,38.514,-228.79216000000446,121.0,83.65570861966093
-28.356,38.519,-233.57665600000033,121.0,83.12535964624392
-28.354,38.523,-237.11636800000463,121.0,82.73329476639549
-28.349,38.526,-239.99089600000448,121.0,82.4176972275131
-28.342,38.526,-240.55436800000444,121.0,82.35947873298136
-28.334,38.524,-239.78646400000252,121.0,82.45093191884915
-28.33,38.52,-238.52000000000794,121.0,82.6024027415214
-28.323,38.52,-241.628000000007,121.0,82.2720429967694
-28.318,38.524,-246.3248000000052,121.0,81.7557091511685
-28.371,38.514,-227.12737600000472,121.0,83.82946101711069
-28.376,38.514,-226.37065600000443,121.0,83.90857935948998
-28.381,38.514,-225.61393600000463,121.0,83.98780163928598
-28.541,38.507,-220.46792799999437,121.0,86.66146362778994
-28.537,38.511,-225.09320800000285,121.0,86.15676998019464
-28.532,38.513,-225.54270399999575,121.0,86.1056672895971
-28.526,38.514,-223.5996160000045,121.0,86.31363560665874
-28.519,38.515,-221.01604000000012,121.0,86.59066552673318
-28.511,38.516,-217.7861439999973,121.0,86.93740743984789
-28.505,38.517,-215.7672400000058,121.0,87.1538418135608
-28.5,38.518,-214.34800000000286,121.0,87.30576637335722
-28.493,38.516,-211.95275199999884,121.0,87.56647565594804
-28.485,38.516,-213.06903999999886,121.0,87.44729653984334
-28.48,38.52,-220.03840000000673,121.0,86.692431204185
-28.477,38.525,-228.13720000000006,121.0,85.81634594140314
-28.477,38.531,-237.4384480000009,121.0,84.81297824016713
-28.476,38.535,-243.66663999999784,121.0,84.142811307461
-28.472,38.538,-248.33814399999824,121.0,83.64019254785734
-28.466,38.539,-249.8812960000055,121.0,83.47284399999104
-28.458,38.539,-249.91124800000532,121.0,83.46676403721825
-28.451,38.539,-249.93745600000517,121.0,83.46056646869418
-28.443,38.539,-249.96740800000498,121.0,83.45131513669507
-28.437,38.541,-252.61796799999885,121.0,83.15666946375448
-28.43,38.541,-252.56151999999886,121.0,83.13436489913177
-28.425,38.544,-256.25079999999923,121.0,82.57175385319925
-28.422,38.549,-262.3009120000026,121.0,80.2884088765976
-28.428,38.552,-266.415424000003,121.0,81.60051679478761
-28.437,38.552,-267.0724960000032,121.0,81.60158470577163
-28.442,38.555,-271.4682400000035,121.0,81.14337845545256
-28.311,38.521,-247.5374000000059,122.0,82.63957671446256
-28.319,38.517,-241.53020000000768,122.0,83.29651497294711
-28.326,38.514,-236.32160000000692,122.0,83.86498908533775
-28.334,38.515,-233.43304000000242,122.0,84.16639725428134
-28.34,38.518,-234.78448000000245,122.0,84.00622408853764
-28.346,38.516,-232.46454400000053,122.0,84.260172133396
-28.35,38.515,-231.10600000000215,122.0,84.40807267269572
-28.353,38.51,-226.57912000000002,122.0,84.91417047557105
-28.358,38.507,-223.16142399999995,122.0,85.30489544141382
-28.366,38.507,-221.620048,122.0,85.6582766685876
-28.372,38.505,-218.60344000000416,122.0,86.36559633827609
-28.379,38.504,-216.20046399999924,122.0,86.92472592336287
-28.385,38.504,-214.93815999999904,122.0,87.21430279313932
-28.391,38.5,-209.50600000000185,122.0,88.49368208545161
-28.396,38.496,-223.93580799999083,122.0,85.24711976084173
-28.402,38.492,-237.90179200000807,122.0,83.77132768372942
-28.408,38.489,-247.795456000007,122.0,82.7313108699253
-28.414,38.487,-253.7029839999882,122.0,82.12572108902692
-28.42,38.484,-263.28063999998733,122.0,81.27164898797656
-28.429,38.485,-256.74321999999745,122.0,83.84794888773042
-28.435,38.484,-258.6215199999882,122.0,83.67183639786258
-28.441,38.487,-245.70439599998895,122.0,85.05326257174653
-28.445,38.49,-233.52339999998935,122.0,86.3502370836056
-28.49,38.442,-386.4330399999778,122.0,70.14431084893455
-28.486,38.449,-364.19663199998666,122.0,72.49454789437279
-28.489,38.455,-342.0340599999882,122.0,74.839715638573
-28.488,38.461,-321.72678399999023,122.0,76.9887055311391
-28.482,38.464,-313.78662399999115,122.0,77.82969940807203
-28.477,38.468,-301.76996799997517,122.0,79.10312217139222
-28.467,38.472,-291.40211199998515,122.0,80.20306642523411
-28.459,38.478,-272.7567759999864,122.0,82.18140026246105
-28.453,38.484,-253.03057599998806,122.0,84.27616303113157
-28.45,38.49,-232.11399999998963,122.0,86.49987820856205
-28.489,38.524,-225.47934400000366,122.0,87.10309869349074
-28.489,38.531,-236.8267360000009,122.0,85.8801918423914
-28.489,38.539,-249.79518400000597,122.0,84.48806533761051
-28.482,38.542,-254.56057600000625,122.0,83.97602010249285
-28.47,38.543,-255.90184000000252,122.0,83.8287834435403
-28.462,38.547,-261.5894559999995,122.0,83.21702735505946
-28.463,38.553,-270.43825600000037,122.0,82.27368828229591
-28.467,38.558,-278.2097440000043,122.0,81.4503758983422
-28.497,38.523,-223.0726240000076,122.0,87.36280748800893
-28.503,38.522,-222.98430399999938,122.0,87.37295462972406
-28.511,38.521,-226.32306400000215,122.0,87.01424983562053
-28.519,38.521,-231.35365600000102,122.0,86.47294053767492
-28.524,38.519,-231.03246399999787,122.0,86.5088483685559
-28.533,38.518,-234.90673600000144,122.0,86.09270850587497
-28.54,38.514,-232.2126400000032,122.0,86.38650892889495
-28.38,38.458,-379.09551999999076,128.0,74.8879063999074
-28.375,38.459,-377.27049999997166,128.0,75.07667138057624
-28.373,38.46,-374.12103999998095,128.0,75.4066758759339
-28.37,38.461,-371.3731599999908,128.0,75.6942508795826
-28.367,38.463,-364.55774799998187,128.0,76.41015772935913
-28.365,38.465,-357.2832999999738,128.0,77.17536587474589
-28.363,38.468,-345.9125919999741,128.0,78.37271847142424
-28.362,38.472,-330.0488319999853,128.0,80.0448897965779
-28.359,38.475,-318.92169999998475,128.0,81.21854196700754
-28.361,38.479,-301.94417199999594,128.0,83.0103683958791
-28.362,38.481,-293.4841359999876,128.0,83.90355363738468
-28.364,38.482,-288.7810239999967,128.0,84.3999917612896
-28.366,38.486,-271.9662880000077,128.0,86.17601170686093
-28.368,38.488,-263.2961919999989,128.0,87.09190371456779
-28.365,38.49,-256.07379999999,128.0,87.85617039009475
-28.361,38.491,-253.13378799999924,128.0,88.16815499649157
-28.358,38.492,-249.88316800000922,128.0,88.51285775818211
-28.355,38.491,-254.79633999999942,128.0,87.99399231600793
-28.351,38.49,-260.02011999998984,128.0,87.44256151704683
-28.348,38.49,-260.86575999998985,128.0,87.35394367136927
-28.345,38.49,-261.7113999999899,128.0,87.26532753236975
-28.342,38.491,-258.39853600000004,128.0,87.6167023697354
-28.339,38.492,-255.05694400001022,128.0,87.97124846039398
-28.336,38.492,-255.87385600001033,128.0,87.88574793853935
-28.332,38.493,-253.15011199999276,128.0,88.17469208420675
-28.328,38.493,-255.40044799999367,128.0,87.93567416563485
-28.326,38.493,-256.5256159999931,128.0,87.81615353888675
-28.322,38.493,-258.77595199999394,128.0,87.57708598859269
-28.32,38.495,-251.46080000001396,128.0,88.35159120077694
-28.319,38.498,-239.3553440000156,128.0,89.63421182223995
-28.316,38.499,-236.79420799999605,128.0,89.90554021113068
-28.314,38.498,-242.13046400001525,128.0,89.33975994427598
-28.313,38.496,-251.14697599999528,128.0,88.3839636099063
-28.313,38.494,-259.6084640000047,128.0,87.48728150973344
-28.312,38.491,-272.86630400000246,128.0,86.08249152832923
-28.389,38.455,-386.98005999998975,128.0,74.06802748216145
-28.309,38.491,-274.5631280000027,128.0,85.90194623630816
-28.306,38.491,-276.25995200000284,128.0,85.72133619965535
-28.304,38.491,-277.3911680000043,128.0,85.60088685607965
-28.302,38.49,-282.76975999999337,128.0,85.0302197324849
-28.3,38.488,-292.4048000000022,128.0,84.00829053063664
-28.298,38.486,-302.05193600001314,128.0,82.98488191110246
-28.296,38.485,-307.45472000000217,128.0,82.4110407833096
-28.294,38.483,-317.1230240000111,128.0,81.38480615229074
-28.291,38.48,-331.64816000001036,128.0,79.84225382664026
-28.288,38.48,-333.39488000001046,128.0,79.65337868703848
-28.285,38.48,-335.1416000000107,128.0,79.46378984882026
-28.282,38.481,-332.61070399999085,128.0,79.72739851229831
-28.279,38.482,-330.0707360000015,128.0,79.99138938086467
-28.277,38.481,-335.5143439999904,128.0,79.40813944028152
-28.274,38.479,-345.83595200000013,128.0,78.3008499598701
-28.272,38.477,-355.5889280000112,128.0,77.25379986136701
-28.27,38.476,-361.0582400000002,128.0,76.65931113750679
-28.268,38.476,-362.2348159999996,128.0,76.51847000162138
-28.265,38.476,-363.9996799999997,128.0,76.29701382368444
-28.263,38.476,-365.1762559999991,128.0,76.137880964605
-28.26,38.476,-366.9411199999993,128.0,75.86273971147433
-28.258,38.477,-363.80379200001124,128.0,76.09291492131116
-28.255,38.478,-361.24567999999135,128.0,75.86763553580451
-28.253,38.48,-353.7732800000118,128.0,74.56052644500843
-28.251,38.481,-350.613271999991,128.0,73.00315933801188
-28.248,38.482,-348.0264320000017,128.0,72.84665610835701
-28.246,38.484,-340.5207679999936,128.0,73.5285463383598
-28.243,38.486,-333.5761760000149,128.0,74.18573813657952
-28.244,38.489,-319.997792000015,128.0,75.60191638177315
-28.244,38.492,-306.99257600001596,128.0,77.70009229127263
-28.244,38.494,-298.3224320000063,128.0,79.67950169460251
-28.383,38.457,-381.752427999981,128.0,74.61104971225978
-28.392,38.455,-385.6316799999896,128.0,74.21283978706968
-28.428,38.427,-474.3597279999722,128.0,66.58212801387866
-28.431,38.428,-468.87678399998134,128.0,67.22502505922621
-28.433,38.428,-467.719311999982,128.0,67.3599266610516
-28.436,38.429,-462.27467199996465,128.0,67.97014335369803
-28.439,38.431,-453.1646919999826,128.0,68.97585806272971
-28.44,38.434,-441.53247999998274,128.0,70.23991691559137
-28.441,38.438,-426.2445039999676,128.0,71.88158329386597
-28.442,38.442,-410.9948319999767,128.0,73.50874104630861
-28.443,38.445,-399.45837999997684,128.0,74.73665749533572
-28.444,38.448,-387.9506559999789,128.0,75.9597628879281
-28.447,38.449,-382.84596399998776,128.0,76.50518946020011
-28.45,38.45,-377.7699999999706,128.0,77.04618390021938
-28.452,38.453,-365.92772799997033,128.0,78.30289445436591
-28.454,38.455,-357.76515999998855,128.0,79.16894019192281
-28.456,38.458,-346.0282239999898,128.0,80.41330542841716
-28.454,38.459,-343.2761679999724,128.0,80.70418990159816
-28.451,38.46,-340.93047999998134,128.0,80.95131405960993
-28.447,38.46,-342.63255999998194,128.0,80.76793516107956
-28.444,38.462,-336.56886399997376,128.0,81.40728969205712
-28.441,38.464,-330.4477119999917,128.0,82.05154473609093
-28.437,38.465,-328.36953999997354,128.0,82.26173676202966
-28.435,38.463,-336.5991399999828,128.0,81.37975631893413
-28.432,38.461,-345.28777599999114,128.0,80.43638459092834
-28.429,38.459,-354.03386799997304,128.0,79.46600194661781
-28.427,38.458,-358.6460079999901,128.0,78.9217046287699
-28.424,38.457,-363.71718399998093,128.0,78.16747873302438
-28.42,38.457,-365.47671999997993,128.0,76.86022147943649
-28.417,38.457,-366.79637199998,128.0,76.39390189092643
-28.413,38.457,-368.55590799998055,128.0,76.09537522973396
-28.41,38.457,-369.8755599999806,128.0,75.92226122050748
-28.407,38.456,-375.0424959999714,128.0,75.36104863970448
-28.403,38.457,-372.9547479999813,128.0,75.56306062564926
-28.4,38.456,-378.15519999997184,128.0,75.00998079221165
-28.397,38.456,-379.48921599997186,128.0,74.86409284950767
-28.394,38.455,-384.7327599999901,128.0,74.30974255695084
-28.395,38.423,-509.2349799999626,128.0,61.94133459792556
-28.392,38.425,-503.2047999999817,128.0,62.31711178412927
-28.388,38.425,-505.5771999999804,128.0,62.044108913754776
-28.385,38.424,-511.3091199999708,128.0,61.5132357132183
-28.38,38.423,-518.2751199999627,128.0,60.84668495301929
-28.376,38.422,-524.6815359999798,128.0,60.25707585233711
-28.373,38.42,-534.5240799999605,128.0,59.476290880293334
-28.369,38.418,-545.0506959999702,128.0,58.26235932315687
-28.368,38.414,-561.8133759999605,128.0,55.19823341799204
-28.116,38.446,-598.1029759999941,128.0,45.89768248498055
-28.118,38.444,-604.9046719999743,128.0,45.18840837682684
-28.119,38.441,-616.8139639999722,128.0,43.920937268139475
-28.117,38.439,-626.9349079999804,128.0,42.81330858909903
-28.114,38.437,-637.8256879999897,128.0,41.60190106189371
-28.112,38.436,-643.6517119999812,128.0,40.94228597101969
-28.109,38.434,-654.4610959999873,128.0,39.708030745185965
-28.105,38.433,-661.8139399999778,128.0,38.81798604322983
-28.102,38.432,-668.3498239999676,128.0,38.00830979808973
-28.098,38.432,-671.4805759999683,128.0,37.52473507484392
-28.093,38.431,-679.5304279999866,128.0,36.280037132333476
-28.093,38.426,-700.2124879999651,128.0,33.53098702479792
-28.093,38.422,-716.7581359999833,128.0,29.77204415705989
-28.09,38.42,-727.224799999963,128.0,26.817579122128603
-28.085,38.417,-743.1876199999612,128.0,23.20636150266462
-28.082,38.415,-753.5214799999701,128.0,21.651952941365778
-28.078,38.412,-768.57737599997,128.0,18.970556688487033
-28.081,38.413,-762.40134799998,128.0,19.912687992785756
-28.075,38.41,-778.7869999999787,128.0,16.866493994250565
-28.071,38.407,-793.6672519999759,128.0,13.624284026551628
-28.069,38.406,-799.0520239999676,128.0,12.436483771290849
-28.065,38.403,-813.7866199999648,128.0,9.135433844491779
-28.505,38.551,-273.4217200000071,128.0,87.96483680209994
-28.504,38.549,-269.34702400000447,128.0,88.39988457188112
-28.504,38.546,-264.26569600000397,128.0,88.94202275411574
-28.506,38.543,-260.52755200000263,128.0,89.34039847906418
-28.522,38.54,-266.0867199999998,128.0,88.73966193512675
-28.519,38.538,-260.6435679999955,128.0,89.32359844584461
-28.515,38.539,-259.71124000000555,128.0,89.42456459829499
-28.51,38.54,-258.0976000000027,128.0,89.59885667464115
-28.508,38.541,-258.4676319999973,128.0,89.55992759853609
-28.512,38.539,-257.7197920000057,128.0,89.63870370830705
-28.517,38.538,-259.3198239999964,128.0,89.4659517113897
-28.521,38.539,-263.69413600000536,128.0,88.99622459564546
-28.359,38.416,-559.471071999978,129.0,56.67370840584728
-28.362,38.417,-553.4997519999612,129.0,57.80792850911007
-28.365,38.419,-543.5087799999809,129.0,59.332848756665
-28.367,38.421,-534.1875159999704,129.0,60.232682960744924
-28.369,38.423,-524.904555999962,129.0,61.01679361655537
-28.371,38.424,-519.6795519999724,129.0,61.50278580794845
-28.374,38.426,-509.8753119999635,129.0,62.432109550371074
-28.376,38.427,-504.7029759999717,129.0,62.94179878721582
-28.38,38.428,-498.3923199999829,129.0,63.58605760772334
-28.383,38.428,-496.6561119999827,129.0,63.78211930192124
-28.386,38.429,-490.9720719999642,129.0,64.35514150293591
-28.389,38.43,-485.3167599999737,129.0,64.92793601285857
-28.392,38.43,-483.60927999997375,129.0,65.1157090355063
-28.395,38.43,-481.9017999999737,129.0,65.30274377001007
-28.397,38.428,-488.55380799998306,129.0,64.68389876134334
-28.399,38.427,-491.28192399997204,129.0,64.45412482786205
-28.402,38.426,-493.40257599996266,129.0,64.30440485523269
-28.421,38.43,-467.10363999997395,129.0,67.67416977240481
-28.424,38.431,-461.630271999983,129.0,68.76158212310477
-28.428,38.431,-459.3727839999823,129.0,69.2252439275091
-28.43,38.432,-454.5068799999654,129.0,69.78860281130817
-28.421,38.454,-376.37759199998015,129.0,77.02393732153604
-28.425,38.454,-374.56059999997956,129.0,78.11391489964316
-28.428,38.454,-373.19785599997954,129.0,78.40312133681957
-28.431,38.453,-375.56748399997036,129.0,78.20821393930333
-28.433,38.451,-382.0950039999792,129.0,77.53658063225177
-28.435,38.449,-388.5842199999881,129.0,76.86278631440214
-28.437,38.447,-395.0351319999687,129.0,76.18885421637941
-28.439,38.444,-405.1418079999685,129.0,75.12345286657647
-28.438,38.441,-416.7405039999684,129.0,73.88698650533443
-28.438,38.437,-431.53592799998484,129.0,72.30911543471042
-28.435,38.434,-444.2825199999841,129.0,70.93131851668349
-28.433,38.433,-449.10533199997445,129.0,70.4009961511399
-28.384,38.454,-393.18476799997967,129.0,74.41266467015022
-28.381,38.455,-390.5757399999895,129.0,74.683677164444
-28.377,38.455,-392.37357999999006,129.0,74.49197883176889
-28.374,38.456,-389.7166719999714,129.0,74.76872511449204
-28.37,38.457,-387.4709199999802,129.0,75.0020453268198
-28.367,38.46,-376.67415999998104,129.0,76.1353817327658
-28.364,38.462,-369.844383999972,129.0,76.8526751810668
-28.361,38.464,-362.9571519999919,129.0,77.5767163071194
-28.358,38.468,-347.84867199997365,129.0,79.16778160260097
-28.356,38.471,-336.34868800000316,129.0,80.3800082148745
-28.354,38.474,-324.7912480000049,129.0,81.59913685737988
-28.353,38.478,-308.72639199998576,129.0,83.29489316960317
-28.353,38.482,-292.3030479999966,129.0,85.0294890146861
-28.352,38.485,-280.2913599999978,129.0,86.29895386817088
-28.348,38.487,-273.255087999989,129.0,87.043660483909
-28.343,38.488,-270.5825919999988,129.0,87.32748809704769
-28.339,38.489,-267.5755480000094,129.0,87.64661161645442
-28.336,38.489,-268.43555200000947,129.0,87.55643814916058
-28.332,38.49,-265.7561599999919,129.0,87.84035396437591
-28.328,38.491,-263.816576000003,129.0,88.04466510111695
-28.324,38.491,-266.07900800000186,129.0,87.80421071490635
-28.322,38.49,-271.42735999999303,129.0,87.23748564797592
-28.321,38.486,-288.8690720000105,129.0,85.39107191753621
-28.32,38.483,-302.1027200000103,129.0,83.99044580548949
-28.317,38.481,-312.2852239999898,129.0,82.91175626296054
-28.314,38.483,-305.5689440000107,129.0,83.62083369669794
-28.311,38.484,-303.06828799999107,129.0,83.88402914650129
-28.308,38.485,-300.5585600000016,129.0,84.14828250042002
-28.305,38.484,-306.5254399999914,129.0,83.51490479582539
-28.302,38.483,-312.5013920000114,129.0,82.8802561511599
-28.299,38.482,-318.48641600000104,129.0,82.24426447584153
-28.297,38.48,-328.15472000001,129.0,81.21847496055993
-28.295,38.479,-333.577159999999,129.0,80.64213047177016
-28.292,38.478,-339.5909119999888,129.0,80.00159730713429
-28.289,38.476,-349.88076799999845,129.0,78.90692712132356
-28.285,38.476,-352.2339199999994,129.0,78.65058421540256
-28.282,38.477,-349.72116800001,129.0,78.91104862219136
-28.279,38.476,-355.7636479999997,129.0,78.26198762463686
-28.275,38.474,-366.69320000001017,129.0,77.08648403506228
-28.272,38.472,-377.0526079999894,129.0,75.96876649725556
-28.268,38.472,-379.42995199998813,129.0,75.6834769620525
-28.264,38.471,-386.11212800000914,129.0,74.91275609480792
-28.261,38.47,-392.20903999999877,129.0,74.17646630186573
-28.257,38.47,-394.5984799999976,129.0,73.62879970997524
-28.253,38.47,-396.98791999999855,129.0,71.28864361918056
-28.25,38.472,-390.127999999989,129.0,69.88034390708626
-28.248,38.476,-374.0005759999999,129.0,71.21612965071591
-28.246,38.478,-366.51305599999176,129.0,71.86503807935384
-28.242,38.478,-368.85411199999055,129.0,71.52048962135865
-28.238,38.479,-366.85102400000204,129.0,71.67875173959746
-28.236,38.48,-363.6713600000121,129.0,71.99391009492794
-28.235,38.483,-351.2075600000138,129.0,73.28711552619494
-28.236,38.486,-337.5883520000139,129.0,74.71265575854396
-28.236,38.49,-320.1996799999946,129.0,76.52630314782965
-28.122,38.447,-588.7863439999744,129.0,47.93948323893582
-28.123,38.445,-596.4692599999829,129.0,47.12801141559573
-28.123,38.441,-613.5289879999713,129.0,45.305205126634675
-28.122,38.439,-622.8715279999815,129.0,44.2941947822805
-28.12,38.436,-637.2531199999794,129.0,42.7207698552773
-28.118,38.434,-647.3397919999906,129.0,41.59636031262848
-28.115,38.433,-653.9442199999801,129.0,40.83341490676685
-28.112,38.432,-660.5229439999696,129.0,40.05959075146271
-28.109,38.431,-667.0759639999861,129.0,39.2705127335162
-28.105,38.43,-674.3773999999768,129.0,38.3527951220842
-28.102,38.43,-676.6997599999768,129.0,38.021126859050966
-28.1,38.428,-686.580799999985,129.0,36.72932647676586
-28.098,38.426,-696.4275679999662,129.0,35.267192244032444
-28.098,38.423,-708.9010639999651,129.0,32.708238962305074
-28.097,38.421,-717.9522919999724,129.0,30.176102028593213
-28.095,38.419,-727.7133799999832,129.0,27.47208136800791
-28.093,38.417,-737.4401959999619,129.0,24.982411487546383
-28.09,38.417,-739.595479999962,129.0,24.55384036375268
-28.087,38.416,-745.8614719999812,129.0,23.25426243663623
-28.085,38.413,-759.5961799999793,129.0,20.388294021598245
-28.083,38.411,-769.1859079999606,129.0,18.787496886168224
-28.081,38.409,-778.7413639999687,129.0,17.222842717047413
-28.079,38.406,-792.3389839999667,129.0,14.513077429523097
-28.076,38.405,-798.4164799999569,129.0,13.396390020647015
-28.248,38.468,-408.6327679999769,130.0,68.71342219826614
-28.246,38.47,-401.16943999999955,130.0,69.31828372430869
-28.244,38.473,-389.35894399999984,130.0,70.44900709022849
-28.24,38.474,-387.3891200000114,130.0,70.56853743554237
-28.237,38.475,-384.81739999999127,130.0,70.80036257342115
-28.233,38.477,-378.4731920000113,130.0,71.43143142316737
-28.23,38.478,-375.8772799999912,130.0,71.68716654572054
-28.226,38.481,-365.1314719999929,130.0,72.79634828438441
-28.252,38.465,-419.20015999997725,130.0,69.02728314092892
-28.256,38.466,-412.46355199998686,130.0,72.49634663540684
-28.259,38.467,-406.3409359999972,130.0,73.54816265959836
-28.264,38.467,-403.33145599999773,130.0,74.06892299921793
-28.269,38.467,-400.32197599999813,130.0,74.46606837271037
-28.273,38.468,-393.6231679999771,130.0,75.21209996039525
-28.276,38.47,-383.248639999998,130.0,76.33132944610222
-28.278,38.471,-377.77025600000906,130.0,76.92157720424373
-28.283,38.473,-366.23880799999785,130.0,78.16067537216531
-28.288,38.473,-363.2746879999982,130.0,78.48553956340292
-28.293,38.475,-351.7885999999892,130.0,79.71047025031807
-28.296,38.477,-341.50630400000983,130.0,80.80324363046459
-28.3,38.479,-330.65839999999946,130.0,81.95592576928445
-28.302,38.481,-320.9961439999906,130.0,82.98065096209443
-28.304,38.48,-324.07904000001093,130.0,82.65568049973466
-28.307,38.48,-322.3323200000108,130.0,82.842668823487
-28.323,38.471,-350.95709600000646,130.0,79.82743229827985
-28.32,38.472,-348.52447999998697,130.0,80.08207307700769
-28.318,38.475,-337.04359999998724,130.0,81.29409574023605
-28.315,38.477,-330.35756000000805,130.0,81.99898727000682
-28.313,38.479,-323.0696240000002,130.0,82.76855759363615
-28.31,38.48,-320.58560000001063,130.0,83.02948367549143
-28.326,38.471,-349.1695520000064,130.0,80.01865390639489
-28.328,38.472,-343.76979199998726,130.0,80.5905533051999
-28.33,38.472,-342.5811199999879,130.0,80.71757321901165
-28.332,38.474,-332.9884160000069,130.0,81.73216383699952
-28.332,38.477,-320.38236800000783,130.0,83.06394183345694
-28.329,38.478,-317.9361439999884,130.0,83.32075974463417
-28.325,38.479,-316.06459999999953,130.0,83.51638936716813
-28.322,38.481,-309.38158399999026,130.0,84.22148052060085
-28.322,38.484,-296.7301759999912,130.0,85.55970327819726
-28.323,38.486,-287.722736000011,130.0,86.51311120296174
-28.347,38.482,-294.2241519999967,130.0,85.82737783945261
-28.336,38.487,-276.8100159999891,130.0,87.67052149010381
-28.333,38.488,-273.5900480000024,130.0,88.01170050873931
-28.329,38.489,-271.66407200001163,130.0,88.21433827110629
-28.327,38.489,-272.8013360000111,130.0,88.09342059373708
-28.324,38.488,-278.7213440000009,130.0,87.46599942663013
-28.351,38.471,-338.21294800000425,130.0,81.18289040259728
-28.349,38.475,-322.45869999998536,130.0,82.84526378794614
-28.349,38.478,-310.0837359999862,130.0,84.15182922009606
-28.346,38.485,-282.12627999999796,130.0,87.10618378528197
-28.372,38.45,-414.69519999996925,130.0,73.14748080569164
-28.371,38.453,-403.1096439999706,130.0,74.36096710579882
-28.368,38.456,-392.3847039999714,130.0,75.4846004344459
-28.364,38.457,-390.1102239999803,130.0,75.72111909778532
-28.36,38.461,-375.58047999999155,130.0,77.24738996048418
-28.356,38.462,-373.1719359999716,130.0,77.49936075226631
-28.352,38.464,-366.6144639999921,130.0,78.18871072772332
-28.351,38.468,-350.55918399997415,130.0,79.88077961595025
-28.383,38.44,-449.10975999998584,130.0,69.57776008724578
-28.38,38.442,-442.7204799999771,130.0,70.23388631726027
-28.377,38.443,-440.26466799998695,130.0,70.48367039206039
-28.374,38.445,-433.7748399999779,130.0,71.15507379419428
-28.373,38.447,-426.2520279999678,130.0,71.93935383857755
-28.382,38.438,-457.56500799996536,130.0,68.70213568921555
-28.382,38.436,-465.4989759999742,130.0,67.88691128884255
-28.38,38.434,-474.5329599999844,130.0,66.95716968784069
-28.376,38.432,-484.72441599996375,130.0,65.90565364022905
-28.373,38.432,-486.4031679999637,130.0,65.71974981797902
-28.37,38.431,-492.1063599999826,130.0,65.12670927128852
-28.367,38.43,-497.8382799999728,130.0,64.53062916497856
-28.365,38.428,-507.07335999998327,130.0,63.59538692927305
-28.362,38.425,-520.9977999999825,130.0,62.215825288040946
-28.359,38.423,-530.9313159999606,130.0,61.248861083072555
-28.356,38.423,-532.7393439999606,130.0,61.0163205393896
-28.353,38.422,-538.6532079999799,130.0,60.39910508242536
-28.35,38.422,-540.47559999998,130.0,60.151237141477424
-28.345,38.422,-543.5129199999815,130.0,59.73551108443037
-28.342,38.422,-545.3353119999816,130.0,59.48452991298332
-28.337,38.421,-552.5550759999709,130.0,58.57100762504341
-28.333,38.421,-555.0238159999724,130.0,58.20149300140463
-28.329,38.422,-553.5030559999813,130.0,58.34474952225495
-28.325,38.421,-560.3953999999719,130.0,57.38728445386131
-28.322,38.421,-562.4097439999721,130.0,57.078999224883475
-28.319,38.422,-560.2024159999826,130.0,57.39261909060602
-28.317,38.422,-561.542287999982,130.0,57.200546581449295
-28.317,38.425,-548.8681999999827,130.0,58.78279129248371
-28.319,38.427,-539.094055999974,130.0,59.891119907502706
-28.32,38.431,-521.5510399999845,130.0,61.79058855660518
-28.322,38.434,-507.586975999986,130.0,63.28509532482406
-28.325,38.436,-497.2063999999765,130.0,64.39538536214204
-28.325,38.44,-480.3559999999877,130.0,66.17424500625036
-28.325,38.444,-463.5055999999689,130.0,67.9518631701902
-28.322,38.447,-452.7642079999699,130.0,69.07848165244697
-28.319,38.448,-450.4389439999805,130.0,69.31780837203654
-28.316,38.447,-456.5570239999703,130.0,68.66534136056912
-28.312,38.446,-463.31782399998866,130.0,67.94185392592604
-28.309,38.443,-477.929143999988,130.0,66.3877753848857
-28.307,38.441,-487.68514399996894,130.0,65.3476928540639
-28.304,38.439,-498.0974719999785,130.0,64.23204047716784
-28.301,38.435,-517.0257199999674,130.0,62.19869457973974
-28.301,38.431,-534.0212719999862,130.0,60.357866609759384
-28.303,38.425,-558.1837999999827,130.0,57.60960114517979
-28.303,38.422,-570.9213919999819,130.0,55.84085911391297
-28.304,38.419,-582.9845119999825,130.0,53.36692998193734
-28.303,38.417,-592.1507119999603,130.0,51.18985453442062
-28.304,38.412,-612.6949759999704,130.0,46.28388355010507
-28.127,38.447,-584.5516039999757,130.0,49.42301414404314
-28.128,38.445,-592.2773599999841,130.0,48.60767276611051
-28.127,38.442,-605.961943999984,130.0,47.142901106238064
-28.127,38.439,-618.8081479999827,130.0,45.768165296010395
-28.125,38.437,-628.980499999991,130.0,44.658312060276145
-28.122,38.434,-644.1747679999897,130.0,42.979195857011376
-28.119,38.432,-655.0441279999689,130.0,41.74473113532843
-28.116,38.43,-665.862079999978,130.0,40.476483130997245
-28.112,38.428,-677.3941759999881,130.0,39.039104916817536
-28.11,38.427,-683.1345199999766,130.0,38.27009794402048
-28.108,38.426,-688.8577279999654,130.0,37.44399270965438
-28.106,38.424,-698.7559039999737,130.0,35.730022361997
-28.104,38.423,-704.4362719999651,130.0,34.5253126677149
-28.102,38.42,-718.4494399999631,130.0,30.732343881228594
-28.098,38.417,-733.8480559999628,130.0,26.755739218691392
-28.095,38.415,-744.293299999972,130.0,24.228144676358394
-28.092,38.414,-750.5550079999617,130.0,22.79925816820561
-28.09,38.412,-760.21327999997,130.0,20.598804344084325
-28.087,38.41,-770.525719999979,130.0,18.459293327518612
-28.084,38.408,-780.7867519999588,130.0,16.76582717368004
-28.082,38.406,-790.3250719999668,130.0,15.290212630601797
-28.079,38.404,-800.491855999947,130.0,13.664105428280326
-28.42,38.433,-456.31767999997334,130.0,69.56148994105125
-28.418,38.433,-457.42727199997466,130.0,69.14541890761207
-28.415,38.434,-455.28267999998405,130.0,69.16820767462687
-28.411,38.434,-457.4827119999829,130.0,68.84893203235606
-28.408,38.434,-459.1327359999829,130.0,68.64780203682191
-28.408,38.437,-447.6052479999838,130.0,69.82327966238654
-28.407,38.44,-436.5990399999852,130.0,70.94856177227797
-28.407,38.443,-425.0571879999861,130.0,72.14381121077002
-28.423,38.433,-454.65329199997524,130.0,70.36843121829699
-28.426,38.433,-452.9889039999752,130.0,70.83426304583628
-28.428,38.434,-448.132575999983,130.0,71.43103482620211
-28.431,38.435,-442.7501799999656,130.0,72.06429758247431
-28.433,38.436,-437.93694399997537,130.0,72.59948462852746
-28.434,38.439,-426.2424879999754,130.0,73.85494580984029
-28.434,38.442,-415.0884639999762,130.0,75.04168036520343
-28.434,38.444,-407.65244799996793,130.0,75.83175068051672
-28.418,38.454,-377.7403359999802,130.0,77.32814308836099
-28.413,38.454,-380.01157599997975,130.0,76.9004547619786
-28.409,38.453,-385.666275999971,130.0,76.26335039255297
-28.405,38.453,-387.50241999996996,130.0,76.04755413617701
-28.4,38.453,-389.797599999971,130.0,75.79071286949062
-28.393,38.452,-396.9251679999883,130.0,75.03131915016995
-28.388,38.453,-395.3060319999694,130.0,75.19442233664077
-28.433,38.447,-396.9861879999694,130.0,76.9559296796406
-28.43,38.449,-390.9751599999877,130.0,77.55650040719459
-28.427,38.449,-392.4097239999877,130.0,77.32553393118177
-28.422,38.451,-387.2497359999788,130.0,77.23079992868642
-28.419,38.451,-388.65557199997886,130.0,76.31293461935435
-28.408,38.446,-413.02278399998613,130.0,73.40205104026987
-28.409,38.449,-401.0171079999882,130.0,74.66104547745587
-28.411,38.45,-396.2325999999691,130.0,75.18040984316754
-28.415,38.451,-390.53001999997946,130.0,75.8515391183874
-28.249,38.466,-416.68740799998795,130.0,68.03945868597535
-28.264,38.459,-437.77011199997486,131.0,71.38405747651771
-28.261,38.458,-443.9214559999951,131.0,70.61643012293872
-28.257,38.457,-450.6988879999834,131.0,69.52486693878971
-28.253,38.456,-457.48841599997377,131.0,67.08523020204274
-28.249,38.454,-468.6175519999843,131.0,63.83940851986756
-28.246,38.453,-474.8142559999738,131.0,62.79948355505917
-28.243,38.454,-472.3468639999845,131.0,62.87132061018456
-28.243,38.457,-459.3371119999855,131.0,64.20911654833046
-28.243,38.461,-441.9907759999969,131.0,65.99464706628493
-28.244,38.465,-424.0395199999769,131.0,67.87984597427116
-28.243,38.468,-411.63468799997855,131.0,69.12321788813244
-28.24,38.471,-400.4124800000105,131.0,70.21800327630976
-28.236,38.471,-402.79587200000935,131.0,69.91999995380426
-28.234,38.472,-399.6373759999884,131.0,70.2314472301708
-28.231,38.474,-392.7109280000098,131.0,70.93413212573006
-28.229,38.475,-389.53579999999096,131.0,71.25557617004554
-28.226,38.477,-382.58062400001245,131.0,71.97059081025795
-28.223,38.479,-375.60730400000284,131.0,72.69108000415345
-28.269,38.456,-447.5919679999745,131.0,70.43002630973879
-28.271,38.454,-454.9434079999824,131.0,69.67155059478328
-28.271,38.45,-472.120399999971,131.0,67.84275586408558
-28.273,38.447,-483.73887199997074,131.0,66.62638086066077
-28.276,38.444,-494.7025279999697,131.0,65.48302413844995
-28.28,38.441,-504.9977599999679,131.0,64.40876613000596
-28.283,38.439,-511.6263439999773,131.0,63.71362527799784
-28.286,38.438,-513.9652159999666,131.0,63.47532635111853
-28.298,38.413,-612.5518879999811,131.0,47.4029481381587
-28.299,38.419,-586.3568719999819,131.0,53.742755378856515
-28.297,38.423,-570.6860719999623,131.0,56.937436855394125
-28.295,38.426,-559.2490399999625,131.0,58.4656834403376
-28.293,38.43,-543.5328799999755,131.0,60.27797256102051
-28.291,38.433,-532.0565359999757,131.0,61.536867623943664
-28.289,38.435,-524.8290799999656,131.0,62.315363285205095
-28.305,38.475,-344.7109999999886,131.0,81.47280637417978
-28.301,38.475,-347.07019999998954,131.0,81.21932195011023
-28.298,38.474,-353.0930240000095,131.0,80.57850941089121
-28.295,38.472,-363.38287999998676,131.0,79.48519165734672
-28.292,38.471,-369.4283840000069,131.0,78.8404034456498
-28.288,38.47,-376.08031999999736,131.0,78.12833163573231
-28.285,38.468,-386.41855999997665,131.0,77.02562262327278
-28.29,38.456,-434.6028799999735,131.0,71.93249723578342
-28.287,38.457,-432.18840799998407,131.0,72.17977862991664
-28.284,38.458,-429.76486399999465,131.0,72.42689014684044
-28.281,38.46,-423.05311999998526,131.0,73.12739240501898
-28.279,38.463,-411.43162399998556,131.0,74.35209225558764
-28.281,38.466,-397.3783519999871,131.0,75.85123589185184
-28.294,38.457,-427.86929599998297,131.0,72.65567133103067
-28.32,38.46,-399.1663999999833,131.0,75.73273423548152
-28.316,38.461,-397.3901119999946,131.0,75.91526147554183
-28.311,38.461,-400.44495199999403,131.0,75.58595151568319
-28.306,38.461,-403.4997919999936,131.0,75.25598993155864
-28.302,38.459,-414.43841599997387,131.0,74.09279886442124
-28.299,38.458,-420.5323039999938,131.0,73.44267067503618
-28.33,38.428,-527.6028799999846,131.0,62.20869784645698
-28.329,38.43,-519.8506399999737,131.0,63.021993669043766
-28.33,38.434,-502.37263999998635,131.0,64.87086597394544
-28.333,38.438,-483.61524799996755,131.0,66.85640763143795
-28.334,38.441,-470.4556719999665,131.0,68.24284944054808
-28.337,38.446,-447.9939759999876,131.0,70.61048917154173
-28.334,38.451,-428.4875919999791,131.0,72.66017374613172
-28.331,38.455,-413.44675999999197,131.0,74.24087093926435
-28.326,38.458,-403.9136959999924,131.0,75.23939186078648
-28.336,38.449,-435.924831999989,131.0,71.8792213387037
-28.322,38.459,-402.1585759999736,131.0,75.4193984219807
-28.354,38.428,-513.4394559999829,131.0,63.860733096821214
-28.351,38.428,-515.175663999983,131.0,63.65944980300641
-28.348,38.427,-521.041647999973,131.0,63.03783333395689
-28.344,38.426,-527.5246719999616,131.0,62.33867161014662
-28.339,38.425,-534.6390999999825,131.0,61.55247009966672
-28.334,38.425,-537.6045999999819,131.0,61.186772241249955
-28.357,38.43,-503.5298799999737,131.0,64.88686364947209
-28.36,38.433,-489.6054399999743,131.0,66.32728037394351
-28.361,38.436,-476.8480479999746,131.0,67.64700309515001
-28.363,38.438,-467.65127199996607,131.0,68.60632323019696
-28.365,38.442,-450.39603999997735,131.0,70.40608781283196
-28.367,38.446,-433.21741599998666,131.0,72.20308653816312
-28.365,38.451,-413.9606199999797,131.0,74.21753157713194
-28.363,38.454,-402.72397599998,131.0,75.39514995137898
-28.36,38.456,-395.942079999971,131.0,76.10563375759634
-28.356,38.458,-389.5378239999898,131.0,76.77674856102686
-28.352,38.458,-391.27820799999046,131.0,76.59139254302013
-28.345,38.46,-386.03559999998186,131.0,77.13979813221752
-28.341,38.463,-375.2478039999818,131.0,78.27503139988414
-28.337,38.466,-364.3450959999831,131.0,79.42360270286017
-28.331,38.467,-363.00442399999554,131.0,79.56197337595464
-28.327,38.467,-365.41200799999433,131.0,79.30418277511983
-28.324,38.468,-363.0035839999748,131.0,79.55578078517715
-28.319,38.468,-366.0055039999765,131.0,79.2340567196615
-28.316,38.47,-359.35423999999733,131.0,79.93412631736751
-28.312,38.472,-353.2791679999866,131.0,80.57275411670008
-28.309,38.475,-342.3517999999877,131.0,81.72585839693438
-28.413,38.438,-441.1084719999665,131.0,71.56015461748046
-28.412,38.442,-426.3459519999773,131.0,73.06485606428336
-28.412,38.446,-411.05257599998725,131.0,74.65173578709147
-28.43,38.443,-413.398119999986,131.0,76.17440480045866
-28.425,38.447,-400.8882999999688,131.0,77.30812056037067
-28.419,38.447,-403.81488399996886,131.0,75.75692473495519
-28.415,38.447,-405.7659399999694,131.0,75.27002244369199
-28.43,38.44,-424.60959999998516,131.0,74.98265917680952
-28.428,38.438,-433.14563199996644,131.0,74.02842973296718
-28.424,38.437,-439.03494399998453,131.0,73.15666062879399
-28.42,38.437,-441.1775199999834,131.0,72.1092688701883
-28.416,38.437,-443.32009599998423,131.0,71.43537828148975
-28.131,38.448,-576.8646079999853,131.0,51.26269711633809
-28.131,38.445,-589.7622199999842,131.0,49.893330798935864
-28.131,38.441,-606.9590359999725,131.0,48.062687854743345
-28.13,38.438,-620.6650399999721,131.0,46.5897445579413
-28.127,38.435,-635.936419999971,131.0,44.91913314834531
-28.125,38.433,-646.0744999999793,131.0,43.79298150184162
-28.123,38.431,-656.1783079999877,131.0,42.64705063986274
-28.12,38.429,-667.0176799999667,131.0,41.365395555316375
-28.118,38.427,-677.0443759999778,131.0,40.099999865324136
-28.115,38.425,-687.7894999999869,131.0,38.54397489780753
-28.112,38.423,-698.4832159999661,131.0,36.54848643666255
-28.109,38.421,-709.1255239999726,131.0,33.952170351898985
-28.107,38.418,-723.1858159999732,131.0,30.235111696267186
-28.104,38.416,-733.7210239999823,131.0,27.645863339647434
-28.102,38.415,-739.3242799999712,131.0,26.304962020522883
-28.098,38.413,-750.4793839999812,131.0,23.677062768199438
-28.095,38.411,-760.8732199999605,131.0,21.267562120069258
-28.093,38.41,-766.395079999979,131.0,20.02142939616915
-28.09,38.407,-780.8310799999779,131.0,16.780758408237755
-28.088,38.405,-790.4122399999568,131.0,14.709246873555877
-28.086,38.403,-799.9591279999676,131.0,12.77329537692492
-28.084,38.4,-813.5695999999656,131.0,10.158761513983208
-28.134,38.448,-574.3109119999855,132.0,52.54975559266302
-28.135,38.446,-582.092359999994,132.0,51.73018943253943
-28.135,38.442,-599.3577199999822,132.0,49.89701854718689
-28.134,38.44,-608.8073599999925,132.0,48.88459540535442
-28.132,38.437,-623.3517439999904,132.0,47.3149466437713
-28.131,38.434,-637.0534639999901,132.0,45.826957896650995
-28.128,38.432,-647.999935999969,132.0,44.60214500694603
-28.126,38.429,-662.3986639999669,132.0,42.949711019809094
-28.124,38.427,-672.4767679999778,132.0,41.70702884484071
-28.121,38.425,-683.2732999999871,132.0,40.19780249677456
-28.118,38.423,-694.0184239999662,132.0,38.29085750880092
-28.115,38.42,-708.942799999965,132.0,34.667984413086884
-28.112,38.418,-719.5722559999742,132.0,32.00384465760549
-28.108,38.415,-735.0651199999712,132.0,28.239660244911548
-28.105,38.413,-745.5703399999804,132.0,25.75178658690661
-28.102,38.412,-751.8491839999701,132.0,24.293862606555667
-28.099,38.41,-762.2644399999792,132.0,21.872616159102108
-28.097,38.409,-767.7948679999681,132.0,20.60509977649392
-28.094,38.407,-778.1287279999771,132.0,18.253912444744042
-28.091,38.405,-788.4111799999567,132.0,15.96635149048545
-28.09,38.402,-801.4488799999567,132.0,12.992270191447432
-28.088,38.4,-810.987199999965,132.0,10.929312694463022
-28.267,38.459,-435.92813599997476,131.0,71.64348751055284
-28.219,38.478,-382.31518399999106,132.0,72.97824940549717
-28.221,38.476,-389.88435200000134,132.0,72.1905347806074
-28.223,38.474,-397.44142400001164,132.0,71.40557383833718
-28.226,38.473,-400.0297760000009,132.0,71.14584982328003
-28.229,38.471,-406.9668080000105,132.0,70.43497805410458
-28.232,38.47,-409.5324799999996,132.0,70.1853834801515
-28.234,38.469,-412.6879519999875,132.0,69.87189510807403
-28.237,38.467,-419.5826479999991,132.0,69.18556774937818
-28.238,38.465,-427.6690399999772,132.0,68.359486068985
-28.237,38.461,-445.65658399999734,132.0,66.47805162291384
-28.241,38.45,-490.9483999999725,132.0,61.88388072298372
-28.239,38.452,-483.518335999993,132.0,62.59521551640545
-28.238,38.456,-466.7663359999745,132.0,64.30654629191977
-28.237,38.458,-458.6935519999964,132.0,65.1257981073138
-28.293,38.413,-615.9696079999806,132.0,47.67223277419377
-28.292,38.416,-603.8656639999798,132.0,50.62376518296615
-28.291,38.42,-587.4886399999616,132.0,54.814488554700944
-28.288,38.423,-576.7018879999628,132.0,57.10220781253327
-28.287,38.426,-564.5601439999645,132.0,58.80700021927531
-28.283,38.429,-554.3873839999641,132.0,60.01794342780347
-28.279,38.431,-548.4604879999858,132.0,60.677867063314075
-28.276,38.434,-537.569407999987,132.0,61.86763324562966
-28.272,38.436,-531.5911039999785,132.0,62.486070403637015
-28.268,38.438,-525.5886079999675,132.0,63.08066123736292
-28.265,38.441,-514.6158799999687,132.0,64.1931562707057
-28.259,38.442,-514.1507359999795,132.0,63.92817565152334
-28.253,38.444,-509.34598399997003,132.0,62.71003853647737
-28.248,38.446,-503.87129599999065,132.0,61.102216286900855
-28.243,38.448,-498.3663679999828,132.0,61.200599548433026
-28.352,38.446,-440.6056959999871,132.0,72.4081200954275
-28.35,38.449,-429.23019999998746,132.0,73.59936242656956
-28.347,38.452,-418.2610719999883,132.0,74.7490698645116
-28.349,38.454,-409.0834479999796,132.0,75.71599952454557
-28.355,38.447,-435.0317799999679,132.0,72.99671842782088
-28.357,38.447,-434.0562519999685,132.0,73.10163176081967
-28.36,38.448,-428.5206399999784,132.0,73.68561863974229
-28.361,38.451,-415.83506799997866,132.0,75.01706203909168
-28.358,38.452,-413.1590079999886,132.0,75.29519088655066
-28.353,38.454,-407.26645599997903,132.0,75.91019021860087
-28.306,38.466,-382.2931519999851,132.0,78.498432394021
-28.302,38.465,-388.9541599999757,132.0,77.78859382176499
-28.306,38.469,-369.56916799998606,132.0,79.84408966938813
-28.303,38.47,-367.11991999999657,132.0,80.09975168892257
-28.3,38.471,-364.6616000000071,132.0,80.35631399176037
-28.296,38.469,-375.5578879999872,132.0,79.19755666981756
-28.293,38.467,-385.8764719999969,132.0,78.10012126449789
-28.299,38.465,-390.76891999997576,132.0,77.59215660854593
-28.296,38.464,-396.8401279999958,132.0,76.94468702691842
-28.293,38.465,-394.3984399999761,132.0,77.19771717110537
-28.222,38.388,-773.709631999963,142.0,28.735555926236337
-28.223,38.391,-759.8878159999655,142.0,31.88444391280056
-28.224,38.394,-746.0750719999655,142.0,35.027415961643854
-28.225,38.397,-732.2713999999658,142.0,38.163107396651796
-28.226,38.4,-718.4767999999683,142.0,41.28934232963874
-28.227,38.403,-704.6912719999682,142.0,44.402433884605465
-28.226,38.408,-683.5784959999603,142.0,49.15482271112626
-28.227,38.413,-661.0835119999817,142.0,54.05985492177949
-28.226,38.417,-644.317903999963,142.0,57.36157168308781
-28.225,38.421,-627.5401999999731,142.0,59.23426566384414
-28.223,38.424,-615.7826239999757,142.0,59.56599970985345
-28.221,38.427,-604.0069039999759,142.0,60.319395888875235
-28.217,38.43,-593.5287199999779,142.0,61.17153070079921
-28.214,38.432,-586.7413759999682,142.0,61.78154132564431
-28.21,38.434,-580.5876799999883,142.0,62.34735461205348
-28.205,38.436,-575.0585599999803,142.0,62.861939481500706
-28.2,38.437,-573.9007999999906,142.0,62.943630940097634
-28.194,38.436,-582.19500799998,142.0,62.05368719991243
-28.19,38.434,-593.6235199999885,142.0,60.85679187744875
-28.187,38.432,-604.4214079999672,142.0,59.734344189031304
-28.183,38.429,-620.3225839999673,142.0,58.09407779023738
-28.178,38.428,-628.0542079999875,142.0,57.25392294424941
-28.173,38.426,-640.2433759999675,142.0,55.953643362864646
-28.169,38.424,-651.795871999976,142.0,54.68409082087585
-28.165,38.422,-663.4890799999882,142.0,53.18647824171421
-28.16,38.419,-680.4586399999858,142.0,50.126927338067965
-28.155,38.417,-692.8976599999633,142.0,47.45790257819707
-28.151,38.415,-704.5411399999737,142.0,44.85119581501708
-28.149,38.412,-719.0898079999716,142.0,41.52182613509205
-28.148,38.409,-732.9029119999714,142.0,38.34573567943873
-28.229,38.386,-777.3757279999433,141.0,26.840922160795145
-28.23,38.39,-759.2263999999537,141.0,30.969339525139354
-28.23,38.394,-741.8014399999652,141.0,34.93998572783994
-28.231,38.398,-723.6702559999451,141.0,39.05042464983531
-28.232,38.401,-709.9043839999475,141.0,42.157738703771784
-28.232,38.405,-692.491519999959,141.0,46.08941626572789
-28.233,38.409,-674.3890639999697,141.0,50.11483002301377
-28.233,38.414,-652.630543999961,141.0,54.7913760670298
-28.233,38.418,-635.2237279999724,141.0,57.95324743442433
-28.232,38.422,-618.4868479999849,141.0,59.06316262677335
-28.231,38.426,-601.737871999964,141.0,59.79808818211996
-28.231,38.429,-588.673687999965,141.0,60.87230161548571
-28.23,38.433,-571.9080799999772,141.0,62.433825494591545
-28.227,38.435,-565.1464399999678,141.0,63.06093359903676
-28.221,38.436,-564.6782719999787,141.0,63.04424771820345
-28.215,38.438,-559.8130399999693,141.0,63.48627998346434
-28.212,38.44,-552.9833599999907,141.0,64.16350548495389
-28.208,38.441,-551.1647359999713,141.0,64.32621321968952
-28.204,38.443,-544.9384639999914,141.0,64.94749849092638
-28.199,38.443,-548.129383999991,141.0,64.59294581498449
-28.195,38.444,-546.2729599999712,141.0,64.76731762175342
-28.196,38.448,-528.0056959999822,141.0,66.67209341398727
-28.196,38.452,-510.3751039999938,141.0,68.5116882764063
-28.196,38.456,-492.7445119999742,141.0,70.35491489644765
-28.194,38.46,-476.3388799999874,141.0,72.06763707273457
-28.191,38.46,-478.1763199999875,141.0,71.86805665861192
-28.186,38.46,-481.2387199999871,141.0,71.53559592434996
-28.182,38.459,-488.1174559999772,141.0,70.80493878746319
-28.178,38.456,-503.8780159999751,141.0,69.14175621977091
-28.14,38.406,-751.389439999969,141.0,33.123095361460855
-28.141,38.409,-737.692003999972,141.0,36.2818396389783
-28.142,38.413,-719.6225359999833,141.0,40.458505002488934
-28.144,38.415,-709.5101599999743,141.0,42.78396971158165
-28.148,38.419,-689.1825919999856,141.0,47.40117098731834
-28.151,38.42,-682.6167199999652,141.0,48.78571090994676
-28.155,38.422,-670.8875599999863,141.0,50.975882662449486
-28.159,38.424,-659.0898559999785,141.0,52.65309661232896
-28.175,38.454,-514.612399999985,141.0,68.00774316706297
-28.173,38.45,-533.6251999999749,141.0,66.00770775611417
-28.173,38.447,-546.9524719999739,141.0,64.61091200953953
-28.175,38.444,-559.0063999999713,141.0,63.35689770316296
-28.178,38.443,-561.531247999992,141.0,63.105588057589614
-28.181,38.442,-564.0470239999811,141.0,62.85646855164245
-28.184,38.442,-562.127935999981,141.0,63.06996940728726
-28.186,38.442,-560.8485439999816,141.0,63.21226526519129
-28.187,38.439,-573.4726159999798,141.0,61.90763205048124
-28.183,38.437,-584.9041519999906,141.0,60.70186814685316
-28.18,38.433,-604.573279999979,141.0,58.655006854479865
-28.176,38.433,-607.18649599998,141.0,58.35309859192111
-28.173,38.432,-613.5888319999693,141.0,57.66785643874023
-28.168,38.429,-630.2128639999679,141.0,55.90314543430347
-28.165,38.427,-641.2647799999797,141.0,54.714599231851835
-28.162,38.425,-652.4125999999894,141.0,53.472222087614355
-28.195,38.463,-462.4989199999876,140.0,72.52054690559362
-28.198,38.46,-473.88895999998647,140.0,71.33394860741411
-28.199,38.455,-495.2920399999947,140.0,69.0970135530957
-28.2,38.451,-512.2783999999843,140.0,67.32614087123814
-28.199,38.447,-530.5169359999712,140.0,65.4220325663797
-28.203,38.446,-532.385455999993,140.0,65.24421404210439
-28.208,38.445,-533.6067199999828,140.0,65.14006769028069
-28.212,38.444,-535.4495359999712,140.0,64.96941667097519
-28.217,38.443,-536.6420719999921,140.0,64.87479811973981
-28.22,38.441,-543.4702399999708,140.0,64.1927041195467
-28.225,38.439,-548.9917999999786,140.0,63.669228267441554
-28.229,38.438,-550.7726239999694,140.0,63.52975440278335
-28.233,38.437,-552.5413519999887,140.0,63.404641332380855
-28.234,38.432,-573.6450559999657,140.0,61.33437688479242
-28.234,38.426,-599.7462079999639,140.0,59.04903806880451
-28.235,38.421,-620.8257199999741,140.0,58.26359994484574
-28.236,38.417,-637.5429439999618,140.0,56.6473307575927
-28.236,38.41,-667.9731199999802,140.0,50.47092678782866
-28.236,38.403,-698.4032959999679,140.0,43.674178880927506
-28.235,38.399,-716.4966799999572,140.0,39.60425218399711
-28.235,38.394,-738.2400799999657,140.0,34.66470720399545
-28.234,38.391,-752.0029279999633,140.0,31.55329609444623
-28.233,38.386,-774.4782559999421,140.0,26.449753618851176
-28.169,38.453,-522.7901839999745,140.0,66.13306754321188
-28.169,38.451,-531.6871279999845,140.0,65.19891523821636
-28.169,38.446,-553.9294879999934,140.0,62.86548151176605
-28.171,38.443,-565.9985359999931,140.0,61.60912279964958
-28.173,38.441,-573.6070159999722,140.0,60.82255218834233
-28.176,38.44,-576.1212799999926,140.0,60.57473267600276
-28.18,38.439,-577.982239999981,140.0,60.401820994596825
-28.178,38.437,-588.1404319999901,140.0,59.3360724428622
-28.175,38.437,-590.0821999999904,140.0,59.116398190496156
-28.172,38.436,-596.4679039999796,140.0,58.43410318377799
-28.169,38.435,-602.8626799999689,140.0,57.749090940910904
-28.167,38.433,-613.0662319999781,140.0,56.67231705870096
-28.164,38.431,-624.2637439999901,140.0,55.47546085376406
-28.161,38.429,-635.4544039999682,140.0,54.267745451104844
-28.158,38.427,-646.5936559999778,140.0,53.04141944875573
-28.155,38.426,-653.279479999967,140.0,52.263210689586685
-28.152,38.424,-664.3287679999765,140.0,50.903962991882835
-28.149,38.422,-675.3266479999859,140.0,49.239737230244344
-28.147,38.42,-685.5418399999662,140.0,47.22872471728817
-28.143,38.418,-697.168183999974,140.0,44.66865782181466
-28.14,38.415,-712.3495999999727,140.0,41.17284819309335
-28.139,38.413,-721.7264119999832,140.0,38.998529113781174
-28.137,38.41,-736.103719999981,140.0,35.675568747233534
-28.136,38.406,-754.0746559999699,140.0,31.521644805453228
-28.202,38.47,-427.4532799999991,139.0,75.21019557332453
-28.206,38.469,-429.45636799998954,139.0,75.00821437175355
-28.209,38.469,-427.65975199998945,139.0,75.20316222774375
-28.211,38.467,-435.2319439999998,139.0,74.41475547136977
-28.213,38.465,-442.7920399999769,139.0,73.62875227457066
-28.214,38.461,-459.70884799999783,139.0,71.86251188187666
-28.213,38.459,-469.083703999975,139.0,70.87944624259839
-28.212,38.455,-487.2315199999954,139.0,68.98114011701618
-28.212,38.45,-509.1487999999731,139.0,66.69763766687404
-28.216,38.448,-515.3932159999819,139.0,66.0674608601656
-28.219,38.446,-522.2470879999914,139.0,65.37357726364894
-28.222,38.444,-529.08281599997,139.0,64.68663301969555
-28.225,38.444,-527.1727999999698,139.0,64.90582596746955
-28.23,38.445,-519.6331999999809,139.0,65.72834391239276
-28.234,38.445,-517.09255999998,139.0,66.03959303303736
-28.237,38.443,-523.8783919999919,139.0,65.39474975776467
-28.24,38.441,-530.6460799999705,139.0,64.780063827966
-28.244,38.438,-541.0864639999686,139.0,63.90701345861265
-28.245,38.435,-553.441399999967,139.0,62.7443952494843
-28.246,38.431,-570.1193119999876,139.0,61.20532719565706
-28.268,38.413,-633.0582079999803,139.0,51.119868655814315
-28.265,38.416,-622.1988799999813,139.0,53.954098123890645
-28.263,38.417,-619.2505519999605,139.0,54.85344492557217
-28.26,38.419,-612.6612799999816,139.0,56.957720872301735
-28.257,38.42,-610.3692799999617,139.0,57.97722212863306
-28.253,38.42,-613.0611199999627,139.0,57.96776995841056
-28.25,38.42,-615.0799999999628,139.0,58.20285946660236
-28.247,38.419,-621.4294159999831,139.0,57.82104947524902
-28.243,38.418,-628.4638879999737,139.0,57.06563598092465
-28.243,38.421,-615.4541359999746,139.0,58.032719206907906
-28.245,38.424,-601.1105599999737,139.0,58.555641899554495
-28.246,38.427,-587.4475039999761,139.0,59.61522114911895
-28.162,38.454,-523.884367999991,139.0,64.99376092784803
-28.16,38.45,-543.3319999999777,139.0,62.94023877968782
-28.159,38.445,-566.2875799999871,139.0,60.52145031611765
-28.159,38.441,-583.9642039999751,139.0,58.66287346589124
-28.158,38.439,-593.6151919999826,139.0,57.64195768600201
-28.157,38.436,-607.6596319999824,139.0,56.157062308201446
-28.156,38.433,-621.6783679999821,139.0,54.670547169267365
-28.154,38.431,-632.0477839999908,139.0,53.55276564693402
-28.151,38.429,-643.152763999969,139.0,52.32971000603486
-28.147,38.427,-654.9676039999794,139.0,50.975945989526174
-28.143,38.424,-671.0645119999764,139.0,48.92976921319902
-28.139,38.42,-691.3920799999652,139.0,45.10679082533856
-28.137,38.417,-705.8293639999632,139.0,41.75068313703421
-28.134,38.414,-720.920815999962,139.0,38.24070363821264
-28.131,38.411,-735.9351559999609,139.0,34.75994777461
-28.129,38.409,-745.9018759999693,139.0,32.454512191319075
-28.126,38.406,-760.7876959999683,139.0,29.016610511120398
-28.216,38.391,-764.9054719999643,145.0,33.77937483287835
-28.217,38.393,-755.4368719999561,145.0,35.936449523783494
-28.218,38.395,-745.9743199999455,145.0,38.08996729867168
-28.219,38.398,-732.1449439999456,145.0,41.23505124050425
-28.22,38.401,-718.3246399999481,145.0,44.37028717559501
-28.221,38.404,-704.5134079999482,145.0,47.49141524043307
-28.221,38.407,-691.4038639999801,145.0,50.441593322692164
-28.22,38.41,-678.9823999999819,145.0,53.21123440761139
-28.22,38.413,-665.868319999983,145.0,56.06219748708634
-28.218,38.416,-654.1122559999831,145.0,58.47037073249829
-28.216,38.42,-637.9606399999627,145.0,60.93286980929524
-28.214,38.422,-630.5456959999859,145.0,61.30969290458512
-28.211,38.425,-619.400599999987,145.0,61.81071519081692
-28.208,38.427,-612.6177919999773,145.0,62.26834751474617
-28.205,38.428,-610.2108799999883,145.0,62.418800366655574
-28.202,38.428,-612.1934719999861,145.0,62.17970069739688
-28.198,38.427,-619.2415519999762,145.0,61.45535655996659
-28.195,38.427,-621.2286799999764,145.0,61.21050287716626
-28.192,38.426,-627.6295039999659,145.0,60.56229903504295
-28.188,38.424,-639.1245439999766,145.0,59.43989937350878
-28.185,38.424,-641.1252799999769,145.0,59.16545030235888
-28.181,38.422,-652.6535839999854,145.0,57.9203579383839
-28.178,38.42,-663.5331199999639,145.0,56.3547953709101
-28.174,38.418,-675.1067839999746,145.0,54.15642713739449
-28.17,38.418,-677.8107199999733,145.0,53.61127282950222
-28.166,38.416,-689.4440959999849,145.0,51.12081355117124
-28.161,38.415,-697.442539999973,145.0,49.371193581845425
-28.159,38.412,-712.1197279999735,145.0,46.04874655741489
-28.158,38.409,-726.0613519999706,145.0,42.8631404102248
-28.21,38.394,-756.0468799999653,149.0,39.82788028999429
-28.211,38.397,-742.1797039999681,149.0,42.98830159315756
-28.212,38.4,-728.321599999968,149.0,46.14048703748222
-28.212,38.404,-710.7877759999485,149.0,50.12030389008289
-28.212,38.408,-693.2539519999601,149.0,54.070842323315766
-28.211,38.412,-676.4051839999728,149.0,57.80710326457364
-28.21,38.416,-659.5443199999827,149.0,61.357734740135136
-28.208,38.419,-647.7338239999854,149.0,63.42314097227538
-28.204,38.421,-641.6406079999742,149.0,63.9699207690799
-28.199,38.42,-649.4009599999629,149.0,62.917564232801496
-28.195,38.42,-652.0927999999639,149.0,62.43520932826371
-28.19,38.418,-664.2910399999732,149.0,60.32158779571844
-28.186,38.417,-671.4177439999632,149.0,58.89857848751976
-28.181,38.416,-679.2355519999835,149.0,57.26566025776833
-28.177,38.415,-686.3879599999736,149.0,55.72805626120013
-28.173,38.414,-693.552463999964,149.0,54.16069090625963
-28.17,38.411,-708.9394399999605,149.0,50.70745611290623
-28.169,38.409,-718.5229519999716,149.0,48.531879212303295
-28.203,38.396,-752.2386559999569,151.0,42.72183777979774
-28.205,38.399,-737.6380399999587,151.0,46.04639528040586
-28.205,38.401,-728.8499599999489,151.0,48.047937480881856
-28.205,38.404,-715.6678399999497,151.0,51.042818409299414
-28.205,38.407,-702.4857199999817,151.0,54.02351948555635
-28.205,38.411,-684.9095599999622,151.0,57.954185423551
-28.204,38.414,-672.4094719999616,151.0,60.68283452610265
-28.201,38.415,-670.0554799999725,151.0,61.18371175858337
-28.196,38.415,-673.4580799999719,151.0,60.466901953267424
-28.191,38.413,-685.6910959999838,151.0,57.824861735056366
-28.187,38.413,-688.4252719999823,151.0,57.23505485069613
-28.183,38.412,-695.5867519999725,151.0,55.656285661771676
-28.18,38.41,-706.5055999999825,151.0,53.211156948334015
-28.197,38.398,-747.6818719999475,152.0,44.78098232196357
-28.197,38.401,-734.4634639999484,152.0,47.79670793302822
-28.198,38.405,-716.1432799999591,152.0,51.9600850847194
-28.196,38.409,-699.9039679999701,152.0,55.637044827651366
-28.192,38.41,-698.2486399999818,152.0,56.023571666630104
-28.187,38.41,-701.6890399999813,152.0,55.26911395732661
-28.183,38.408,-713.2959679999608,152.0,52.66041059564658
-28.193,38.402,-732.8580319999576,153.0,49.175456143283824
-28.193,38.405,-719.6214799999585,153.0,52.18784773339634
-28.191,38.407,-712.1823439999818,153.0,53.882834065595524
-28.188,38.408,-709.8404479999614,153.0,54.42430420564254
-28.185,38.407,-716.338039999982,153.0,52.96221578154906
-28.041,38.428,-731.7483679999821,117.0,10.595867898528446
-28.042,38.426,-738.8186719999618,117.0,10.175532843490604
-28.041,38.423,-751.3165879999617,117.0,9.776566438766952
-28.039,38.421,-760.6150039999695,117.0,9.061148535395553
-28.037,38.419,-769.8791479999799,117.0,7.598069757985229
-28.034,38.417,-779.8274479999606,117.0,5.630977154616797
-28.032,38.415,-789.0144799999684,117.0,3.6828473601906104
-28.029,38.412,-802.7307679999675,117.0,0.6669473830866366
-28.045,38.431,-716.893819999982,118.0,12.97551896624184
-28.046,38.429,-723.9855439999648,118.0,12.386410929443404
-28.045,38.426,-736.5477199999618,118.0,11.476133554104347
-28.045,38.423,-748.340059999961,118.0,11.252891932204523
-28.043,38.421,-757.6727479999713,118.0,10.619624574478987
-28.041,38.419,-766.971163999979,118.0,9.19880410726606
-28.038,38.417,-776.9537359999598,118.0,7.247002830413042
-28.036,38.415,-786.1750399999676,118.0,5.3032131394637325
-28.034,38.412,-799.2457279999683,118.0,2.440027575801082
-28.031,38.41,-809.0783599999768,118.0,0.24582631334549632
-28.048,38.432,-710.6149759999666,119.0,14.620604484072803
-28.049,38.429,-721.6760359999647,119.0,13.673959420486842
-28.049,38.426,-733.5197839999637,119.0,12.87857849708534
-28.049,38.423,-745.3635319999628,119.0,12.728497421497224
-28.046,38.42,-759.4011199999618,119.0,11.566106825566962
-28.044,38.418,-768.7166719999695,119.0,9.938055094149608
-28.041,38.415,-782.6257399999686,119.0,7.079282406663594
-28.039,38.413,-791.8556119999764,119.0,5.074261982323645
-28.037,38.412,-797.1547039999684,119.0,3.9041279674042855
-28.034,38.409,-810.8966959999674,119.0,0.8348187413179602
-28.084,38.443,-637.3617919999906,122.0,30.919744473933385
-28.084,38.441,-645.5575039999704,122.0,30.08023130310075
-28.083,38.438,-658.6594639999703,122.0,27.47509876474283
-28.083,38.435,-670.9401799999691,122.0,26.277284027981
-28.081,38.433,-680.7012679999772,122.0,23.479579325974875
-28.079,38.431,-690.4280839999851,122.0,21.56658963553837
-28.075,38.428,-705.7195999999849,122.0,19.379042399301607
-28.072,38.426,-716.109151999965,122.0,18.42094408591025
-28.069,38.424,-726.4472959999738,122.0,17.98452305872509
-28.067,38.422,-735.9941839999817,122.0,18.063757424020952
-28.064,38.42,-746.238079999962,122.0,17.216375612548003
-28.062,38.417,-759.7114639999601,122.0,14.961005603621985
-28.059,38.414,-773.8390159999591,122.0,12.039069969753623
-28.056,38.412,-783.9115519999679,122.0,9.847614953544397
-28.054,38.409,-797.2135759999685,122.0,6.898120368551464
-28.052,38.406,-810.4641919999665,122.0,3.921800876776672
-28.063,38.441,-662.80362799997,120.0,20.625113861749718
-28.063,38.438,-674.8273039999689,120.0,19.421572744742203
-28.063,38.435,-686.850979999968,120.0,18.240815954027934
-28.061,38.432,-700.440031999966,120.0,16.894849009116726
-28.059,38.429,-713.977675999964,120.0,15.657770945094189
-28.056,38.426,-728.220895999963,120.0,14.591633589201592
-28.054,38.424,-737.6735359999734,120.0,14.24986884684326
-28.052,38.421,-751.0526719999716,120.0,13.875563390336143
-28.049,38.418,-765.1031119999706,120.0,11.702736918174633
-28.048,38.415,-777.6567199999703,120.0,9.167326294679448
-28.045,38.412,-791.5786399999669,120.0,6.1427632320059296
-28.043,38.409,-804.7392919999673,120.0,3.2133212504020143
-28.041,38.407,-813.9348919999752,120.0,1.1456203310973194
-28.078,38.443,-642.3406639999903,121.0,24.852993580021085
-28.078,38.44,-654.5571199999893,121.0,23.664223501803956
-28.077,38.437,-667.5776839999862,121.0,22.171032535269283
-28.075,38.434,-681.363799999987,121.0,20.51205179332001
-28.074,38.431,-694.3201039999841,121.0,19.18699735492939
-28.071,38.429,-704.7396439999642,121.0,18.02645241550564
-28.068,38.427,-715.107775999973,121.0,17.087467991720015
-28.066,38.425,-724.6717999999836,121.0,16.574011898162425
-28.064,38.423,-734.2015519999629,121.0,16.531809130512723
-28.061,38.421,-744.4325959999718,121.0,16.139317797720825
-28.058,38.419,-754.6122319999803,121.0,14.760871325973145
-28.055,38.417,-764.7404599999609,121.0,12.872759079660668
-28.053,38.415,-774.1074199999688,121.0,10.945907417113297
-28.05,38.413,-784.1413999999775,121.0,8.782205570918691
-28.049,38.409,-800.6343559999675,121.0,5.132618511081674
