Longitud_DD,Latitud_DD,Elevacion_m,Gravedad_Obs_mGal,Gravedad_Normal_mGal,Anomalia_Aire_Libre_mGal,Anomalia_Bouguer_Simple_mGal,Anomalia_Bouguer_Completa_mGal
-15.407777777777778,28.14611111111111,2.4577,979368.53,979181.7976817809,186.7323182191467,186.4643846805467,266.34852131036325
-15.407222222222222,28.14638888888889,2.7306,979368.95,979181.7343065684,187.21569343155716,186.91800888075716,267.2602672228528
-15.406944444444445,28.153888888888886,3.6803,979368.8,979182.0045311571,186.79546884295996,186.39424989755997,267.49038653901744
-15.406944444444445,28.16,4.2861,979369.14,979182.2766550595,186.86334494047333,186.3960828906733,267.9667192572547
-15.407222222222222,28.16,4.87,979369.96,979182.0964160969,187.86358390306123,187.33266624306123,268.76105885654465
-15.407144527777778,28.160139972222222,4.8186,979369.98,979182.122799081,187.857200918952,187.331886784152,268.8215875663044
-15.417222222222222,28.152777777777775,5.5269,979370.4,979181.3510504765,189.04894952347968,188.44641793927968,254.9976209358197
-15.426944444444445,28.1475,2.8084,979373.91,979181.7937485126,192.1162514874013,191.81008533620133,233.22393480679483
-15.440403777777778,28.13263611111111,10.4417,979375.64,979178.3212217926,197.3187782074092,196.1804449568092,228.55759531451756
-15.449888861111111,28.12711063888889,29.7648,979373.37,979171.941721403,201.42827859695535,198.18337963055535,230.55810569659351
-15.46458025,28.126689222222222,13.3668,979380.57,979176.9718007891,203.59819921082817,202.14097740842817,231.19833661267626
-15.476216,28.132900166666666,45.7417,979377.14,979167.4447158021,209.69528419792186,204.70861554732187,236.67474548549885
-15.476111111111111,28.13277777777778,44.1353,979378.92,979167.9313823703,210.9886176297441,206.1770754943441,237.97052364570695
-15.488176222222222,28.136216027777778,44.7909,979378.72,979167.9871928416,210.7328071583761,205.84979282217608,237.32111460164333
-15.502353305555555,28.14180763888889,82.1373,979369.33,979156.8792936426,212.4507063573692,203.4962621859692,238.835812652459
-15.516203583333333,28.145313583333333,71.3406,979370.75,979160.4752383038,210.2747616962297,202.49735216542967,236.52028844652537
-15.516111111111112,28.14527777777778,39.5019,979376.75,979170.3003260398,206.4496739602182,202.14325582601822,232.6608790668934
-15.5295655,28.151244638888887,30.3478,979378.43,979173.574180996,204.85581900400575,201.54736254360574,231.07630171111487
-15.544008472222222,28.146508166666667,9.0601,979386.85,979179.7894684125,207.06053158745635,206.07281760565635,233.08085888430418
-15.543888888888889,28.14638888888889,9.1055,979386.83,979179.7664952718,207.06350472813938,206.07084132913937,233.08274314661256
-15.559191055555557,28.145302555555556,14.1152,979388.53,979178.1385053287,210.39149467134848,208.85268379774848,236.33712552890412
-15.573619611111111,28.14247686111111,21.4139,979392.74,979175.6733192288,217.0666807711823,214.7321802209823,242.8292787474087
-15.587425444444445,28.139583916666666,89.858,979381.31,979154.3291446166,226.98085538344458,217.18471593944457,249.2017178307617
-15.5875,28.139722222222222,164.6118,979367.72,979131.2657579129,236.45424208708573,218.50859287468575,258.5619634594382
-15.600363444444444,28.14099347222222,164.5668,979367.74,979131.3751197873,236.36488021269906,218.42413681029907,254.92994483153655
-15.610962833333334,28.145190222222222,222.333,979358.12,979113.8605574105,244.25944258947857,220.02114359547858,262.71269803561626
-15.62466125,28.1436785,188.4992,979376.13,979124.1898899645,251.94011003547348,231.39030424987348,270.2491779620956
-15.634064083333334,28.141282277777776,162.0867,979389.66,979132.162313245,257.49768675502855,239.82731889442854,275.7881476038433
-15.647017555555555,28.14499013888889,129.5515,979397.39,979142.4831371697,254.90686283027753,240.78341740327753,273.27548006396177
-15.657600666666667,28.141381944444444,74.6233,979417.47,979159.1666739509,258.3033260491211,250.1680431297211,276.7059538250255
-15.661238944444445,28.134233388888887,97.1678,979419.57,979151.6710443295,267.8989556704182,257.30591645001823,286.4920687707743
-15.661111111111111,28.134166666666665,102.3697,979417.97,979150.0603763085,267.9096236914629,256.7494837368629,286.50272009881365
-15.665922555555555,28.124359805555557,168.4984,979412.37,979128.9126186637,283.4573813362513,265.0880227650513,302.4958579351237
-15.674147333333332,28.114723027777778,179.9021,979416.02,979124.6694084833,291.3505915167043,271.7380243789043,311.43987906054423
-15.685423833333333,28.110281305555556,158.1582,979421.87,979131.047469234,290.82253076601774,273.58044011841776,312.032444831109
-15.694302972222223,28.10787702777778,112.3769,979430.36,979144.9980124237,285.3619875762379,273.1108826920379,307.6950752188939
-15.700833333333332,28.1,39.9216,979445.97,979166.7718128759,279.1981871241005,274.8460141353005,306.28549276550933
-15.700833333333332,28.1,39.7306,979446.03,979166.8307700962,279.1992299038684,274.8678793530684,306.28923330837273
-15.700555555555555,28.10027777777778,39.95,979445.96,979166.783887975,279.17611202492844,274.82084292492846,306.0527367512992
-15.700562861111111,28.09567572222222,76.9866,979438.02,979155.0063870833,283.0136129166931,274.6206877578931,313.63981637192916
-15.70104125,28.092554527777775,133.2423,979425.09,979137.4079562136,287.6820437863935,273.15623472499345,321.4677532314801
-15.703272666666665,28.089491694444444,161.7759,979417.44,979128.3709934405,289.069006559439,271.432521493239,328.58097546142176
-15.705756694444444,28.08346772222222,103.9852,979428.59,979145.7570145302,282.8329854697222,271.4967269361222,357.11583230828273
-15.707069138888889,28.07922347222222,125.5601,979422.58,979138.7792770788,283.80072292115074,270.11241193935075,374.4898906083432
-15.706944444444444,28.079166666666666,127.0363,979422.12,979138.319367164,283.8006328359479,269.9513894825479,374.4306182831715
-15.708058666666666,28.07768888888889,190.8137,979408.72,979118.5230555243,290.1969444756396,269.3948165290396,374.3517439535052
-15.712314194444444,28.072436333333332,187.5511,979404.22,979119.1362041673,285.0837958327029,264.6373500129029,376.8722143113189
-15.718187055555555,28.070098333333334,155.0231,979409.31,979129.0009165461,280.30908345396165,263.4087751381617,379.37950802367897
-15.725695805555556,28.064598055555557,186.6504,979398.44,979118.8265381985,279.613461801433,259.265208494233,374.9653920126069
-15.73130925,28.06051411111111,182.2568,979403.89,979119.8764989737,284.0135010263184,264.1442292039184,380.0870022356968
-15.730233944444445,28.058893972222222,162.6677,979409.42,979125.8013775961,283.6186224039411,265.8849150853411,383.81950101020936
-15.731111111111112,28.051944444444445,68.1035,979428.53,979154.4692387532,274.0607612468302,266.63625388383025,392.376899339808
-15.731228416666667,28.051910638888888,66.373,979429.06,979155.0008635294,274.05913647066336,266.8232847566634,392.65749718298997
-15.730660527777777,28.04593580555556,84.862,979424.63,979148.8460841374,275.7839158625575,266.5324303465575,391.6941861431087
-15.734892916666666,28.041721972222224,169.5759,979406.04,979122.3821938636,283.65780613641255,265.17098067021254,382.3495631936932
-15.737193638888888,28.032932777777777,263.5586,979380.37,979092.715833976,287.65416602394544,258.9215345691454,368.07074232295236
-15.741529527777777,28.038633,345.9826,979365.07,979067.7036658509,297.3663341490319,259.6480030622319,360.6556961512925
-15.74996425,28.036442055555558,453.1142,979337.48,979034.476063317,303.0039366829442,253.6063328273442,340.1977229581608
-15.749722222222221,28.03638888888889,454.3207,979337.11,979034.0997339049,303.0102660950506,253.4811320224506,340.39343042567884
-15.756601444444444,28.035219805555556,528.2823,979318.34,979011.1867578654,307.15324213460553,249.56096235320553,323.267226981803
-15.76561361111111,28.030763083333333,534.0333,979309.56,979009.0780961665,300.48190383356996,242.26266153416995,307.99624280701016
-15.772679694444445,28.026215583333332,526.1028,979307.41,979011.1848590781,296.22514092188794,238.87046587148794,301.83933458181275
-15.778011111111113,28.020329166666667,449.6691,979327.46,979034.3323387707,293.12766122922767,244.10563528542767,298.49443645839784
-15.784709694444444,28.019011444444445,364.1513,979342.09,979060.6264758679,281.4635241320357,241.76447770863567,286.486565964219
-15.784722222222221,28.01888888888889,363.6334,979342.25,979060.7771373799,281.4728626201395,241.83027661893948,286.49269438067057
-15.784722222222221,28.015,298.7014,979360.43,979080.5261904593,279.90380954078864,247.33998031558866,285.1030791256495
-15.784802444444445,28.012120555555555,289.591,979363.24,979083.1224180622,280.11758193781134,248.54695029981133,285.2731626007867
-15.788955111111111,28.012081777777777,213.887,979379.13,979106.4852731257,272.6447268743068,249.3271939083068,277.5186939352421
-15.79805,28.008178666666666,122.1999,979395.32,979134.4930407273,260.82695927261375,247.50497057441376,264.8076272711816
-15.80796538888889,28.005949083333334,57.4039,979405.95,979154.3266927045,251.62330729549285,245.36524892529286,254.87141320586406
-15.811388888888889,28.003888888888888,42.9137,979410.42,979158.6452351887,251.77476481138729,247.09639906478728,257.9514820141643
-15.815000000000001,28.001666666666665,8.5691,979413.66,979169.0803479337,244.57965206634253,243.64546592254254,258.0098926652524
-15.814924916666667,28.001582388888888,8.174,979413.92,979169.195999446,244.72400055406615,243.83288742206616,258.2407987339721
-15.805294916666668,27.995091416666668,40.4588,979409.35,979158.7445013074,250.60549869260285,246.19476123420284,257.5085165664969
-15.794364166666666,27.988557361111113,60.816,979408.81,979151.9717340778,256.8382659222698,250.20822723426977,260.9925363701597
-15.784326472222222,27.981125249999998,88.7943,979403.84,979142.7794982061,261.0605017938651,251.38032479646512,266.78965069059103
-15.781876194444445,27.973490499999997,148.8617,979390.42,979123.6675691418,266.75243085820694,250.52382604760695,272.6250324198467
-15.77900938888889,27.964098416666666,222.5956,979372.67,979100.206638042,272.4633619580418,248.19643483724178,278.4108414431595
-15.776666666666667,27.954722222222223,252.0256,979363.89,979090.421938246,273.46806175401434,245.99273489321433,279.6675095395704
-15.776678833333333,27.954595583333333,252.3728,979363.78,979090.3053069289,273.47469307109714,245.96151516069713,279.6650099301142
-15.767953416666668,27.952866999999998,342.3136,979343.04,979062.4167253473,280.623274652753,243.30493060795303,289.270686850206
-15.762327416666666,27.948676805555557,468.7836,979313.51,979023.0717139565,290.4382860434707,239.33243553867072,299.7547247445967
-15.758071361111112,27.941246888888887,597.3537,979285.53,978982.8387807556,302.69121924438514,237.56891357778514,309.4102714233732
-15.758288805555555,27.93858675,673.2686,979272.03,978959.2132766693,312.8167233307613,239.4183270959613,314.9893762185806
-15.75165163888889,27.933973666666667,661.3393,979271.61,978962.5496995212,309.06030047882814,236.96241267142813,313.05016598345094
-15.751666666666667,27.933888888888887,661.7755,979271.47,978962.408757521,309.0612424790161,236.9158010200161,312.98965824946805
-15.747740805555555,27.925626,657.5066,979273.31,978963.108587236,310.20141276402865,238.52135824522864,312.7822278887593
-15.7402365,27.924498833333335,586.8419,979283.17,978984.8309981294,298.3390018705977,234.3626716163977,310.3973711097083
-15.7334585,27.920148055555558,506.8863,979299.04,979009.1805367464,289.85946325364057,234.59973260024057,304.39871247988407
-15.726508777777777,27.923695944444447,470.4692,979299.62,979020.6843941833,278.9356058166595,227.64599457105953,309.82747887723747
-15.729420388888888,27.914391249999998,392.4883,979325.81,979044.0557557332,281.7542442668928,238.96595477749278,296.10431945844147
-15.727321388888889,27.90699425,322.466,979339.49,979065.114323433,274.37567656696774,239.22107817896773,293.80050111690326
-15.727222222222222,27.90694444444444,321.6311,979328.75,979065.3682843345,263.381715665455,228.31813640565497,282.9508470824055
-15.72377375,27.901754416666666,368.7744,979328.74,979050.4306725485,278.3093274515122,238.10627991231223,285.3502129035845
-15.721953305555555,27.897428444444444,424.7464,979315.27,979032.8332130908,282.43678690923844,236.13178387403843,276.5375312431847
-15.71529811111111,27.899685527777777,379.7535,979324.59,979046.887700655,277.70229934493545,236.30233228193546,281.7179059072798
-15.708822972222222,27.900624666666666,324.1163,979333.4,979064.1292782892,269.2707217108691,233.9362109174691,285.4029755103271
-15.716587472222221,27.891853916666665,277.5257,979342.16,979077.8540863144,264.30591368558817,234.05061692298818,288.23281738444075
-15.72425675,27.88400736111111,249.702,979345.35,979085.8559594215,259.49404057848733,232.27202794248734,288.2475195571902
-15.724166666666667,27.883888888888887,248.1872,979345.82,979086.3146550026,259.50534499739297,232.44847282779295,288.5623634274828
-15.72950661111111,27.87560597222222,214.2328,979349.68,979096.1764477848,253.50355221529026,230.14832082489025,288.9081242727477
-15.737259527777777,27.867596972222223,168.5234,979354.99,979109.6872527746,245.30274722538888,226.93066320418887,289.156485716436
-15.743495777777778,27.857752666666666,135.7618,979358.55,979119.0650300733,239.4849699267652,224.6844900143652,288.33231194756104
-15.746300777777776,27.84574861111111,89.1513,979364.85,979132.556804463,232.29319553694222,222.57409911354222,288.1988832484226
-15.749752527777776,27.83747333333333,67.253,979366.79,979138.6991138287,228.0908861713251,220.75909861732512,283.6929367409868
-15.755277777777778,27.83,39.7304,979371.41,979146.6374984935,224.77250150649343,220.44117275929344,263.92266892309715
-15.75518311111111,27.830004416666668,37.0723,979370.59,979147.4583258874,223.13167411251925,219.09012611111925,262.76028162472716
-15.759139722222223,27.819377,82.0823,979357.01,979132.772673377,224.23732662305702,215.288878441657,254.26574442230515
-15.751168111111111,27.81952097222222,23.1711,979371.35,979150.9679021984,220.38209780154284,217.85603082174285,279.38003244756845
-15.748149083333333,27.808276055555556,62.3925,979360.56,979138.0231390838,222.53686091629788,215.73495535129788,281.83101628029857
-15.741270944444443,27.80620163888889,50.7526,979364.06,979141.4615325925,222.59846740751527,217.06552046071528,288.8654017153075
-15.73660625,27.799533583333336,43.7003,979364.59,979143.1416377514,221.44836224860046,216.68424294320047,290.622307516149
-15.736666666666666,27.799444444444447,43.4264,979364.67,979143.2195441816,221.4504558184417,216.7161965432417,290.6693988078687
-15.728218472222222,27.79853452777778,9.3368,979373.9,979153.674550564,220.22544943599496,219.20757017359497,297.2722138810031
-15.721725805555556,27.791428194444446,23.4951,979368.73,979148.7748101058,219.95518989418633,217.39380108238635,294.99116203359586
-15.715873416666666,27.784639861111113,18.6264,979369.04,979149.7721269795,219.26787302049343,217.23726014529342,295.8760702753723
-15.70837986111111,27.782479305555555,22.4685,979367.89,979148.4252530623,219.4647469377378,217.0152760047378,295.5804075578287
-15.70111111111111,27.77638888888889,24.0311,979365.77,979147.4894198328,218.28058016719297,215.66075770739297,294.6215338422011
-15.701158444444443,27.77637922222222,22.6695,979366.19,979147.9090000943,218.2809999056626,215.8096163546626,294.88745615377644
-15.689428444444445,27.771652194444442,36.0978,979359.93,979143.4120256706,216.51797432941385,212.58266436901386,291.02837806135665
-15.683708972222222,27.762287305555557,15.3948,979362.1,979149.1055469789,212.99445302109234,211.31614271469235,292.95948481291737
-15.675172944444444,27.759744166666668,6.8286,979362.66,979151.5605094824,211.09949051763397,210.35505020283398,293.0056173748091
-15.66421525,27.766692638888888,52.0156,979353.95,979138.1293566003,215.82064339960925,210.15000671880927,288.0198656711429
-15.65144475,27.76976197222222,106.6874,979341.71,979121.4821354029,220.22786459710915,208.59701762390915,281.35249449897816
-15.651388888888889,27.76972222222222,106.9893,979341.62,979121.3859891864,220.23401081364136,208.57025130624137,281.3104736920723
-15.637226277777778,27.770987277777778,122.2096,979338.33,979116.7821490177,221.54785098228604,208.22480480948605,279.3038197066551
-15.626692277777778,27.76338311111111,85.9878,979344.16,979127.3966677515,216.76333224854898,207.38911426814897,283.46396437227247
-15.614775583333333,27.756800944444443,51.1966,979344.91,979137.6459458688,207.26405413122848,201.68270319242848,282.20476915816175
-15.602796083333333,27.764662,76.8156,979341.5,979130.3230648765,211.17693512351252,202.8026520427125,278.1280015166157
-15.593767861111111,27.77048897222222,49.2059,979349.28,979139.27924582,210.00075418001506,204.63642537381506,277.54740921026416
-15.59388888888889,27.770555555555553,50.1281,979349.0,979138.9995404405,210.00045955949463,204.53559435369462,277.4355609163514
-15.56551563888889,27.767692722222222,26.519,979351.76,979146.0740574613,205.68594253866468,202.79489419666467,250.05483695768797
-15.553337861111112,27.773824138888887,45.6759,979348.66,979140.6171686179,208.04283138213214,203.06333611593215,245.47395849937465
-15.541249194444445,27.77989872222222,99.3636,979338.95,979124.497465441,214.45253455895,203.62011361415,239.1258707028199
-15.526820944444445,27.78316811111111,43.793,979351.85,979141.894109636,209.9558903640136,205.1816650900136,245.31415983014026
-15.514293416666666,27.787105972222225,16.5985,979358.77,979150.5817559909,208.18824400915764,206.37870873615765,248.56805572647394
-15.514166666666666,27.787222222222223,17.1679,979358.59,979150.4146500935,208.17534990643617,206.30373978423617,248.42352046735806
-15.499851027777776,27.789808055555557,23.5197,979358.95,979148.6465496178,210.3034503821982,207.73937972759822,248.99720473437475
-15.491951138888888,27.794961472222223,21.645,979360.6,979149.6090733244,210.9909266756149,208.6312320656149,249.62906421078446
-15.482273694444444,27.80445063888889,19.0961,979365.37,979151.1027723124,214.26722768764012,212.1854090578401,252.86597878897427
-15.471484472222222,27.815730916666666,53.5002,979363.09,979141.3234963345,221.76650366547983,215.93401886187982,252.83412174983627
-15.457528944444444,27.823500555555555,70.873,979361.77,979136.5400296815,225.2299703184981,217.5035376044981,252.82807751890277
-15.4575,27.82361111111111,70.4215,979361.91,979136.6876365364,225.22236346360296,217.54515237660297,252.9114781847507
-15.446562861111111,27.829674722222222,70.6334,979364.35,979137.0742351793,227.2757648206316,219.5754528194316,255.3804011558991
-15.43844925,27.841621777777778,69.584,979369.19,979138.2889325299,230.90106747008394,223.31515895808394,259.8486626806677
-15.43006425,27.853282361111113,55.2253,979376.84,979143.5907626831,233.2492373168934,227.22868556149342,266.84856571400854
-15.422598916666667,27.86539438888889,46.5341,979381.97,979147.177117558,234.7928824420087,229.7198279282087,274.7675458176839
-15.415879805555555,27.87427277777778,44.7456,979381.39,979148.3917016658,232.99829833419062,228.12022251339062,278.6998543039365
-15.415833333333333,27.874166666666667,44.9742,979381.32,979148.3132191233,233.00678087666165,228.10378354106166,278.7482031798266
-15.409368361111111,27.88642597222222,52.1485,979379.79,979147.0137121443,232.77628785569686,227.09116268269688,283.3474784433966
-15.405938083333334,27.89533408333333,41.5368,979379.88,979150.9543651498,228.9256348501658,224.3973759877658,280.9317617085996
-15.399628277777778,27.90896638888889,51.857,979372.03,979148.7868020822,223.24319791782182,217.5898514918218,275.0543508714649
-15.397921527777777,27.92031916666667,49.2893,979370.35,979150.4274531624,219.9225468375953,214.5491259301953,263.6887534284591
-15.393781944444443,27.93299641666667,35.6478,979364.88,979155.5855465143,209.29445348575246,205.40820162535246,245.56276045938824
-15.389166666666666,27.943333333333335,30.1107,979360.73,979158.0673393698,202.66266063018702,199.38005233758702,237.64770515848267
-15.389094111111111,27.943421805555555,29.5715,979360.9,979158.2403925309,202.65960746910423,199.43578168210422,237.63710408199339
-15.386954916666665,27.94998838888889,23.0685,979360.91,979160.738638347,200.1713616530178,197.6564799200178,234.80991739341593
-15.387380416666666,27.95522422222222,39.6172,979356.86,979156.0218822489,200.83811775106005,196.51912984146006,235.36089478421692
-15.390252583333332,27.967418055555555,59.8617,979350.98,979150.6847949421,200.29520505783148,193.76920224723148,234.9656946610828
-15.391022222222222,27.98004647222222,44.4149,979352.98,979156.3975248745,196.5824751254404,191.7404515572404,231.54464884601168
-15.392019444444443,27.99200013888889,58.4612,979349.61,979152.9562419096,196.65375809033867,190.28043498873868,231.74251266520216
-15.390346472222221,28.006548388888888,51.5042,979351.58,979156.1926486099,195.38735139009077,189.77246651449076,230.50035584560678
-15.390277777777778,28.006666666666668,51.4327,979352.6,979156.223573697,196.3764263029443,190.76933621434432,231.48323210468362
-15.393055555555556,28.009166666666665,40.9398,979352.19,979159.6496481047,192.5403518952662,188.0771767788662,228.17017616896464
-15.396101527777777,28.028063027777776,31.35,979356.9,979164.0248659569,192.8751340431627,189.4574197431627,229.53948832124968
-15.405581194444444,28.03659738888889,29.5548,979359.3,979165.2183112374,194.08168876264244,190.85968357624245,234.24940676949416
-15.415000000000001,28.04416666666667,58.2839,979355.89,979156.9174398637,198.97256013634615,192.61856592614615,248.78503477634615
-15.415096638888889,28.044186833333335,57.7511,979356.05,979157.0834126049,198.96658739517443,192.67067797537442,249.00906318493114
-15.413684083333333,28.051508138888888,27.1375,979362.49,979167.081747846,195.40825215401128,192.44977617901128,244.24823107766895
-15.420096611111111,28.062060583333334,7.8512,979368.02,979173.8259784936,194.19402150646783,193.33809938486783,268.0842234925117
-15.41529763888889,28.075473333333335,9.6557,979369.3,979174.2745695865,195.0254304135451,193.9727853109451,249.56755304721835
-15.415117361111111,28.088721472222222,5.4222,979371.15,979176.5749482735,194.57505172654055,193.98393432694056,258.1120858617111
-15.412344972222222,28.103356277777777,6.9594,979369.71,979177.198375822,192.51162417791784,191.75292430871784,264.5285963914211
-15.406944444444445,28.106944444444444,7.8329,979370.46,979177.1979919815,193.26200801844243,192.40808092624243,270.5724835602732
-15.418429138888888,28.115643694444447,8.0085,979371.34,979177.7966568697,193.5433431302663,192.67027247726628,254.00655257593348
-15.427209305555555,28.12552272222222,6.2821,979372.93,979179.0711358379,193.85886416211724,193.17400218431723,233.7737656527879
-15.428876083333332,28.13495097222222,5.8041,979373.71,979179.9265797824,193.7834202175727,193.1506688437727,232.0001908563709
-15.415923555555556,28.10041075,16.6673,979368.68,979173.9807260209,194.6992739791749,192.8822382677749,260.3615542550121
-15.422785805555556,28.098115583333332,29.7783,979367.87,979169.7614354673,198.10856453271117,194.86219382331117,246.0107617063292
-15.428240666666666,28.08800361111111,78.848,979356.59,979153.8563029212,202.73369707877282,194.13784581477282,252.93945520875644
-15.43501588888889,28.085565694444444,149.0586,979342.94,979132.0018313865,210.93816861347295,194.68809815867294,264.1755278303699
-15.441508166666667,28.080279527777776,230.8256,979326.74,979106.3675908615,220.37240913847927,195.20826387767926,275.20871606669044
-15.450425833333332,28.072012722222222,311.7375,979312.86,979080.7747796121,232.08522038790397,198.10022161290397,276.0969626290795
-15.459109138888888,28.063637500000002,333.1565,979311.23,979073.5361862758,237.6938137242105,201.3737584072105,277.64214483995136
-15.459166666666667,28.06361111111111,333.2124,979311.21,979073.5169553368,237.69304466317408,201.36689523997407,277.6289020295828
-15.465289972222221,28.054217166666668,398.2052,979299.5,979052.7541050144,246.74589498562273,203.3343604920227,273.7413601724273
-15.474089527777778,28.046202583333336,443.5755,979292.93,979038.1512125717,254.77878742839675,206.42107356939675,272.27587911083384
-15.480941194444444,28.040890194444447,472.0807,979289.58,979028.9559779253,260.6240220746258,209.15872832202584,272.0626771891065
-15.490435944444444,28.033680694444445,498.1826,979288.17,979020.3604667891,267.80953321093693,213.49866252413693,273.5568118379554
-15.496174333333332,28.031692749999998,507.2521,979287.92,979017.4126074794,270.50739252066705,215.20778308286705,274.26430652721376
-15.501014833333333,28.027212249999998,492.763,979292.13,979021.5484672898,270.58153271023184,216.86149597623185,277.1179710115096
-15.504849555555555,28.027085555555555,552.8234,979281.29,979003.0039270878,278.2860729122767,218.01837149107672,272.5013144254836
-15.509700944444445,28.023744527777776,608.1158,979270.2,978985.6905304103,284.50946958968416,218.21390130528414,267.2446226789142
-15.515226805555555,28.021951166666664,664.5305,979257.71,978968.1471793111,289.5628206888214,217.11703463982138,260.5976275814513
-15.522612583333334,28.017280638888888,726.6195,979245.95,978948.6378610695,297.3121389304288,218.09753427942877,255.34114861277658
-15.526484027777778,28.014448944444446,791.0824,979232.96,978928.5343213744,304.42567862558644,218.18345754238644,249.02098691922373
-15.52638888888889,28.014444444444443,790.9347,979233.01,978928.5795599138,304.4304400861729,218.20432096157288,249.05691843522706
-15.532631444444446,28.01053,832.6672,979223.99,978915.4092599961,308.5807400038466,217.80502719424658,244.4031810772272
-15.542028222222221,28.007129527777778,884.1155,979213.85,978899.2798580786,314.57014192140196,218.18563834240194,239.58358740183175
-15.54909675,28.008220583333333,973.4834,979194.9,978871.7872572694,323.1127427306492,216.98552942944917,229.55443464990742
-15.55359413888889,28.006351083333332,1034.0311,979182.32,978852.9660695575,329.3539304424776,216.62592798267758,234.0592530108458
-15.557777777777778,28.005277777777778,1107.7047,979165.24,978830.1553853451,335.08461465488654,214.32486367028653,240.38359843754927
-15.557673583333335,28.005413694444446,1108.1437,979165.1,978830.0301200798,335.06987992022187,214.26227003362186,240.3779540041682
-15.558300805555556,28.004291277777778,1120.9492,979162.36,978825.9953201695,336.36467983049806,214.16103994489805,241.73737887701301
-15.565972166666667,27.999987027777777,1208.1995,979144.92,978798.7551627479,346.16483725211583,214.44934416111585,251.9466962876649
-15.566195777777779,27.99894116666667,1241.1166,979137.25,978788.5217755408,348.72822445922066,213.42417496042066,254.6897828963186
-15.56741936111111,27.99238366666667,1302.7558,979124.08,978769.015339836,355.0646601639455,213.04082835954551,261.1985879054312
-15.566856583333333,27.988326750000002,1385.7143,979104.56,978743.1200148792,361.43998512090184,210.37218356350184,268.0590210523065
-15.574166666666667,27.984166666666667,1476.7644,979085.77,978714.7219830825,371.04801691754255,210.05411555834255,277.06466902044724
-15.574105583333333,27.98405916666667,1479.2295,979085.01,978713.9535327997,371.05646720028017,209.79382556928016,277.0949208822846
-15.577445888888889,27.98842980555556,1580.3814,979063.7,978683.0792078587,380.6207921413006,208.33077267610062,285.83206010573986
-15.579332166666667,27.98317258333333,1651.794,979044.79,978660.6586654127,384.13133458734956,204.05605629534955,288.25999455202003
-15.581659666666667,27.976144694444443,1705.8147,979032.22,978643.4706787703,388.74932122963946,202.78481426503947,290.80953517582526
-15.584015916666667,27.97109147222222,1679.8096,979041.14,978651.1135613539,390.0264386461349,206.8969556733349,288.7446605336903
-15.589166666666667,27.980277777777776,1626.4862,979052.51,978668.2481141891,384.26188581087627,206.94561325927626,270.83589142065534
-15.589127583333333,27.963705472222223,1626.4339,979052.53,978667.0244239043,385.50557609577663,208.19500518557663,272.3918798968282
-15.595173472222223,27.959503972222223,1636.0058,979048.79,978663.7577566786,385.0322433214169,206.6781630170169,265.5056294234422
-15.59854988888889,27.96576261111111,1594.5758,979057.98,978677.0049094324,380.97509056760464,207.13762600320462,258.677264296249
-15.603921138888888,27.965964833333334,1528.1239,979073.12,978697.5175578264,375.6024421736365,209.00943084343652,250.74461692964545
-15.604109138888889,27.961997444444442,1438.0049,979092.4,978725.019623732,367.3803762680618,210.6119580798618,240.85458087488826
-15.607234416666666,27.959326027777777,1335.6379,979115.66,978756.3981890788,359.261810921249,213.65323833904898,230.57861779553124
-15.607222222222221,27.959444444444443,1334.5458,979116.0,978756.7439465469,359.2560534530785,213.76653942867847,230.54810426746994
-15.608147722222222,27.95212711111111,1284.9089,979125.7,978771.5093815998,354.1906184001127,214.11241993991274,233.43995939911449
-15.612589555555555,27.945875722222222,1261.1392,979132.16,978778.3748821702,353.7851178298006,216.29824452420058,238.0031637799459
-15.613711666666667,27.938330944444445,1220.7087,979142.02,978790.2837914864,351.7362085136119,218.65698745701192,244.6083709823713
-15.604353111111111,27.936111083333333,1201.2964,979146.01,978796.1067009965,349.90329900349025,218.94036806829024,247.15591739256712
-15.597171694444445,27.930858555555556,1233.7027,979141.06,978785.7165592868,355.3434407132445,220.84763976464447,248.40606752638166
-15.592583333333334,27.936527777777776,1170.2824,979153.15,978805.7060137765,347.4439862235449,219.8621395403449,251.22492420216076
-15.592500000000001,27.936666666666667,1169.7752,979153.3,978805.8728733739,347.42712662613485,219.90057387253484,251.28297407963308
-15.586697833333334,27.93699063888889,1099.1147,979170.64,978827.697171025,342.9428289750358,223.11954261043581,255.0677188303971
-15.576498388888888,27.935163305555555,1033.4513,979188.66,978847.819618894,340.8403811060125,228.1755872826125,247.67028313171147
-15.576638888888889,27.93536111111111,949.8613,979207.68,978873.625209881,334.05479011905845,230.50281091565844,247.53696099955295
-15.573619833333334,27.92594002777778,887.1444,979223.03,978892.2724263929,330.7575736071449,234.04286540794487,259.6190897161554
-15.573611111111111,27.925833333333333,887.1355,979223.03,978892.2671996464,330.7628003535792,234.04906241457923,259.70123818065946
-15.574405583333332,27.91588263888889,939.1127,979210.73,978875.486098779,335.2439012209652,232.86371289236519,293.16089195398575
-15.56999475,27.906878527777778,920.7055,979213.97,978880.4929987348,333.477001265157,233.10352906615702,300.5951837851634
-15.569231888888888,27.901512,843.1668,979229.74,978904.0171773368,325.7228226631414,233.80246446074142,294.8336656353339
-15.566015333333334,27.901235916666664,750.7618,979251.0,978932.5097705653,318.490229434683,236.64367952228298,288.7920396834252
-15.562883277777779,27.8934925,664.2563,979268.28,978958.6254768644,309.65452313562855,237.23862982222855,280.7963637275268
-15.563990444444444,27.887609833333332,606.2555,979278.44,978976.0848137343,302.35518626566045,236.26242416666045,273.7022657169803
-15.56388888888889,27.8875,606.2793,979288.43,978976.0692694136,312.36073058645707,246.26537385905706,283.70845348218245
-15.566104583333335,27.878802361111113,536.7392,979288.99,978996.8801290037,292.1098709963262,233.5956368907262,263.60162217368224
-15.56498775,27.869568416666667,471.3334,979298.11,979016.3759024586,281.7340975414263,230.35027294022632,253.3410479489812
-15.565487444444445,27.860485805555555,415.15,979305.68,979033.0374913432,272.64250865683425,227.38368595683426,244.3582491111909
-15.565062111111112,27.849911777777777,340.0422,979314.72,979055.429145799,259.2908542009536,222.2201336413536,231.12746403195305
-15.570559194444444,27.84062822222222,390.5859,979299.98,979039.1374394089,260.84256059105974,218.26166694485974,233.09497149951125
-15.573055555555555,27.831944444444446,410.8959,979291.75,979032.221757509,259.52824249095283,214.73319326475283,232.1648802398385
-15.573119,27.831909638888888,411.016,979291.71,979032.182096755,259.5279032449471,214.71976095694708,232.17022232926013
-15.576280361111111,27.82421311111111,411.7811,979287.25,979031.372201241,255.87779875902925,210.98624679922926,229.15221550671907
-15.578928777777778,27.819467361111112,475.5393,979273.04,979011.3414307152,261.6985692848684,209.85622587746843,235.0707879395627
-15.577678805555555,27.818542583333333,464.4104,979276.47,979014.7070589672,261.7629410327645,211.1338480455645,235.17594817719424
-15.582986305555556,27.81113841666667,401.5127,979286.78,979033.5668266203,253.21317337977234,209.44106185117235,230.1346104041217
-15.583834027777778,27.801384388888888,314.4918,979302.18,979059.6975078406,242.48249215946998,208.19722510706998,227.41380377010324
-15.581352361111112,27.794292722222224,219.7404,979320.59,979088.4138075203,232.17619247967377,208.22053355247377,235.54126436750988
-15.582336388888889,27.783723416666668,149.2467,979333.26,979109.3850388718,223.87496112822555,207.60438438762554,245.96715001035133
-15.582462611111112,27.772763972222222,90.6352,979340.23,979126.660453063,213.56954693701118,203.68867870341117,251.07427176536237
-15.5825,27.772777777777776,87.1942,979341.29,979127.7236193144,213.566380685661,204.060643390061,251.86585429868808
-15.523247833333334,28.151688916666664,44.8454,979375.1,979169.1324867611,205.96751323889475,201.07855742169474,232.27658614215986
-15.386739472222223,28.019448583333332,45.5384,979350.77,979159.0000558139,191.76994418608956,186.80543889488956,226.77329217655586
-15.41466975,28.11029730555556,7.8227,979370.46,979177.4527533228,193.00724667718168,192.15443156858169,262.18341872696436
-15.784489722222222,28.011467833333334,299.9487,979360.04,979079.8767445228,280.1632554772077,247.4634481006077,285.2979880502812
-15.747821944444444,27.925415805555556,663.1764,979271.56,978961.3432510892,310.21674891083967,237.91858413563966,311.8763553236142
-15.639999999999999,27.77027777777778,132.8816,979335.04,979113.435248873,221.60475112707354,207.11826485827353,277.5288187893013
-15.635833333333332,27.766944444444444,144.7138,979330.93,979109.534936391,221.39506360900123,205.61865456060121,276.1055447570035
-15.633277583333333,27.763829694444443,154.1691,979327.31,979106.3845916255,220.92540837451816,204.11820143071816,275.28000226929464
