X,Y,fid,Bouguer_mG
-14.0751207730288,28.3134940782281,1,280
-14.082786148987,28.3098607123161,2,280
-14.0918232305833,28.3080785870233,3,280
-14.0871582790011,28.3081015935416,4,280
-14.0988412750098,28.3081792177568,5,280
-14.0961708718406,28.3081615632066,6,280
-14.1068179469131,28.3123677060363,7,280
-14.1094736969627,28.3141576571878,8,280
-14.1118030750469,28.3150591346699,9,280
-14.1141349417492,28.3156651558144,10,280
-14.117134490851,28.3162754580693,11,280
-14.1201243480022,28.3180673661175,12,280
-14.1224514796543,28.3192640830771,13,280
-14.1251149239532,28.3201674838542,14,280
-14.1271034884122,28.3219528189059,15,280
-14.1294307849866,28.3231494197773,16,280
-14.1314194774305,28.3249346939783,17,280
-14.134080748213,28.3261333422388,18,280
-14.1354018433777,28.3279143214372,19,280
-14.1373907245208,28.3296995115084,20,280
-14.1407104273123,28.3320839286124,21,280
-14.1433672445808,28.3338732383166,22,280
-14.1460217892417,28.3359579167304,23,280
-14.1490103361704,28.3380446283981,24,280
-14.1513288424192,28.3404225426043,25,280
-14.1533229087239,28.3416166694479,26,280
-14.1543176188337,28.3425091415584,27,280
-14.1559755059628,28.3439965794887,28,280
-14.1576217835105,28.346961095057,29,280
-14.1606038966126,28.3499338191857,30,280
-14.0787878566041,28.3109996830178,31,280
-14.0720732500629,28.3153856742106,32,280
-14.0693872544035,28.3171399737754,33,280
-14.0670375811719,28.3186010871148,34,280
-14.0646878443043,28.3200621581658,35,280
-14.0620042050284,28.3215208927195,36,280
-14.0599855808193,28.3232795859354,37,280
-14.0575171208841,28.3251311072115,38,280
-14.0572129661358,28.3269154321934,39,280
-14.0569133059663,28.3281893796865,40,280
-14.0568952827459,28.3302308838828,41,280
-14.0560120245985,28.3322664036322,42,280
-14.0554171481798,28.3343039134738,43,280
-14.0553990917621,28.336345414958,44,280
-14.055962400409,28.3378805338595,45,280
-14.0553697460664,28.3396628535437,46,280
-14.0556423782079,28.3414511631478,47,280
-14.055626578001,28.3432374752244,48,280
-14.0558947081173,28.3455361584094,49,280
-14.0561605918457,28.3480900278468,50,280
-14.0572986303689,28.3498843190685,51,280
-14.0590181336985,28.3511722086075,52,280
-14.0604581990381,28.3514373403427,53,280
-14.0616053204339,28.3522108474392,54,280
-14.0636111438164,28.3537558530789,55,280
-14.0673456396026,28.3555678671839,56,280
-14.0702259425643,28.3560979431478,57,280
-14.0719501438225,28.3568752983969,58,280
-14.0748282949815,28.357660466625,59,280
-14.077415800068,28.3586988117996,60,280
-14.0794329880052,28.3589676489947,61,280
-14.0834717813668,28.3589948568682,62,280
-14.0863500812684,28.3597797849268,63,280
-14.0892262465958,28.3608198422917,64,280
-14.0920981258727,28.3623702187831,65,280
-14.0943974233612,28.3634063259883,66,280
-14.0961154390819,28.3649489500948,67,280
-14.0978335044818,28.3664915533395,68,280
-14.0995516195648,28.3680341357183,69,280
-14.1021374793747,28.36932721114,70,280
-14.1035693287697,28.3706126542112,71,280
-14.1047126906294,28.3718961880904,72,280
-14.1058539399378,28.373434902646,73,280
-14.1075722829536,28.3749773875331,74,280
-14.1090000081083,28.3767731556142,75,280
-14.1110027339879,28.3788278647842,76,280
-14.1124284428393,28.3808787884431,77,280
-14.1138478408777,28.383695267999,78,280
-14.1152779046454,28.3852357829629,79,280
-14.1187237323117,28.3872997425867,80,280
-14.1221781036874,28.3883428556931,81,280
-14.1244803578256,28.3891232800457,82,280
-14.126508717238,28.3881154814482,83,280
-14.1276776103949,28.386336539824,84,280
-14.1305798952402,28.3843134527117,85,280
-14.133193518168,28.3822884657433,86,280
-14.1349455427183,28.3797475508287,87,280
-14.1367607213433,28.3775930086365,88,280
-14.1386898699977,28.3750729414032,89,280
-14.1412528619472,28.372838203002,90,280
-14.1434863526889,28.3720081638938,91,280
-14.1457198094902,28.3711780873335,92,280
-14.1473192927842,28.3700626452736,93,280
-14.1036308054545,28.3099158188852,94,280
-14.1013781955343,28.3091011657908,95,280
-14.1052022980843,28.3111258935339,96,280
-14.1385787849913,28.4117433860507,97,260
-14.1338541840233,28.4158609898167,98,260
-14.1312769749205,28.4181068820078,99,260
-14.1286965701498,28.4207297536928,100,260
-14.1252568650737,28.4241011570076,101,260
-14.119273530757,28.425570785166,102,260
-14.115011720052,28.4251660986617,103,260
-14.1103423691713,28.4224963169981,104,260
-14.1052436150028,28.4202006066953,105,260
-14.101411738021,28.4194212731565,106,260
-14.0963133316316,28.4171252350786,107,260
-14.0925009243226,28.4140834860197,108,260
-14.0891087168374,28.411798542332,109,260
-14.0861495550358,28.4087623234092,110,260
-14.0827641501524,28.4057231718809,111,260
-14.0793756792062,28.4030609666114,112,260
-14.0759841072717,28.400775706994,113,260
-14.0734487237029,28.3981191413885,114,260
-14.0700607288065,28.395456712527,115,260
-14.0662498506638,28.3924142545606,116,260
-14.0632918774693,28.3893775583404,117,260
-14.0599010894629,28.3870919121384,118,260
-14.0556644808208,28.3840462266359,119,260
-14.0526969892014,28.382140386378,120,260
-14.0488803584562,28.3798515105923,121,260
-14.0446375995353,28.3775595435898,122,260
-14.0416704894981,28.3756534705112,123,260
-14.0382840097772,28.3729902789538,124,260
-14.0361764911993,28.3703360541365,125,260
-14.0336496556355,28.3669247288015,126,260
-14.0315457928447,28.3638934115309,127,260
-14.0307172983271,28.3612481838804,128,260
-14.0286101946117,28.3585938478528,129,260
-14.0286342213362,28.355954678018,130,260
-14.0278127243203,28.3525553841018,131,260
-14.0269947133487,28.3487790603145,132,260
-14.0265960420399,28.3457598224226,133,260
-14.0270565672105,28.3419926149837,134,260
-14.0270909212019,28.3382223646052,135,260
-14.027118399631,28.3352061627738,136,260
-14.028001525826,28.3318190082047,137,260
-14.0288914473448,28.3276777930661,138,260
-14.0314856006147,28.3235486747488,139,260
-14.0332206076584,28.320167519683,140,260
-14.0341034023453,28.3167803104539,141,260
-14.034982734194,28.3137701198737,142,260
-14.0358654142105,28.3103828934542,143,260
-14.0363186258437,28.3073696795202,144,260
-14.0363492061992,28.3039764277446,145,260
-14.037657738456,28.3005921878716,146,260
-14.0393819996898,28.2983420155026,147,260
-14.0411095671802,28.2957147898121,148,260
-14.0428370484798,28.2930875391996,149,260
-14.0449903899912,28.2904632430336,150,260
-14.0467076123053,28.2889670271884,151,260
-14.0488540726877,28.2870967249246,152,260
-14.0505778764946,28.2848463958017,153,260
-14.0523082834913,28.2818419803787,154,260
-14.05445117157,28.2803486137384,155,260
-14.057019901938,28.2788581524603,156,260
-14.0583108735599,28.2773588390771,157,260
-14.0591759186659,28.2758565798934,158,260
-14.0621670582893,28.2747459814284,159,260
-14.064309668477,28.2732524519048,160,260
-14.0672974006125,28.2725187708121,161,260
-14.0702883670742,28.2714079897615,162,260
-14.0737084040003,28.2699229954949,163,260
-14.0771218500263,28.2691919819541,164,260
-14.0801029116416,28.2692120850149,165,260
-14.0818193065878,28.2677154034256,166,260
-14.0848003310415,28.267735403051,167,260
-14.0877845698495,28.2673783020124,168,260
-14.0920463670953,28.2670296306753,169,260
-14.0967339985236,28.2666836415604,170,260
-14.1009925824404,28.266711726799,171,260
-14.1053366908751,28.2672214716511,172,260
-14.1096888447754,28.2667686661402,173,260
-14.115127997074,28.2663227649199,174,260
-14.118924692568,28.2673097657079,175,260
-14.1232649877019,28.2683001510868,176,260
-14.1275936065996,28.2707340263217,177,260
-14.1313788717292,28.2731643131262,178,260
-14.135719529017,28.274154309791,179,260
-14.1400679997957,28.2741817502278,180,260
-14.1433139558899,28.2761270810924,181,260
-14.1460087738644,28.2790313606295,182,260
-14.14979475941,28.2814611497312,183,260
-14.151950087322,28.2838807209007,184,260
-14.1541093156301,28.2858190483868,185,260
-14.1573520940214,28.2882452665806,186,260
-14.1589603004467,28.2911425869478,187,260
-14.1632756175209,28.2955002062365,188,260
-14.1659789656475,28.2974416826476,189,260
-14.1692186283116,28.3003488398621,190,260
-14.1724621906743,28.3027747107006,191,260
-14.175702191386,28.3056817189162,192,260
-14.1789386728559,28.3090698650475,193,260
-14.1821790399771,28.3119767245297,194,260
-14.1848684716159,28.3158426884166,195,260
-14.1875654118382,28.3187461758265,196,260
-14.1962185902711,28.2221532947127,197,240
-14.1885648155926,28.2221081043267,198,240
-14.1816609236165,28.2241008173191,199,240
-14.1763032016769,28.2240686568066,200,240
-14.1701696158141,28.2253874743811,201,240
-14.164025321428,28.2280618401347,202,240
-14.1555630832655,28.2334334083061,203,240
-14.1456014356723,28.2347274164775,204,240
-14.1356504945227,28.2346648782454,205,240
-14.1272194589125,28.2359672079253,206,240
-14.1195537038739,28.2372739440297,207,240
-14.113407522032,28.2399459878159,208,240
-14.1072441050643,28.2446514520288,209,240
-14.100348733068,28.2452841867763,210,240
-14.0934475569097,28.2465944704995,211,240
-14.0857922449122,28.2465434895865,212,240
-14.0766000574838,28.2471596422592,213,240
-14.0689211877749,28.2498192924095,214,240
-14.0620015820599,28.2531616489842,215,240
-14.0573962266042,28.2544858308184,216,240
-14.0520011821394,28.2585161051717,217,240
-14.0466117666764,28.2618682662447,218,240
-14.0435129262602,28.2659141897903,219,240
-14.0381167874157,28.2699438826309,220,240
-14.0342394448752,28.2753399532921,221,240
-14.0272986586891,28.2807141221323,222,240
-14.0226607647811,28.2854264953026,223,240
-14.0180100179966,28.2914944566845,224,240
-14.0156750885993,28.2955451890175,225,240
-14.0148530341943,28.301640569193,226,240
-14.0125114929197,28.3063691099726,227,240
-14.0109357142771,28.3111031545436,228,240
-14.0101006853613,28.3185542331883,229,240
-14.0069798802248,28.3246328418896,230,240
-14.0046311420274,28.3300390833819,231,240
-14.0045806028198,28.3354620644113,232,240
-14.0052772905575,28.342924246012,233,240
-14.0059866853199,28.3490306760101,234,240
-14.0051698899954,28.3544480559355,235,240
-14.0051256478552,28.3591931483678,236,240
-14.0066014751689,28.3653051537527,237,240
-14.0088627694224,28.3693891076722,238,240
-14.0095599028227,28.3768512438895,239,240
-14.011036197888,28.3829631981493,240,240
-14.0109984554536,28.3870304106598,241,240
-14.0124812390781,28.3924644776423,242,240
-14.0124183976972,28.3992431572898,243,240
-14.0146617800665,28.4053606208907,244,240
-14.0169054102457,28.4114780485252,245,240
-14.0153281227564,28.4162120380886,246,240
-14.0183450300697,28.4216571157974,247,240
-14.0213684749166,28.4264242632846,248,240
-14.0205392558018,28.433197411414,249,240
-14.0197036680728,28.4406484102592,250,240
-14.0234759504958,28.4474546304352,251,240
-14.0287889181089,28.4535938448002,252,240
-14.0272797282367,28.4508714245347,253,240
-14.0294940098339,28.4603779711417,254,240
-14.0302115568809,28.4658063602903,255,240
-14.0301620370299,28.4712292748929,256,240
-14.0316592105344,28.4753073920228,257,240
-14.033144146638,28.4807412205906,258,240
-14.0331132727398,28.4841305382312,259,240
-14.0330762170156,28.488197717128,260,240
-14.0338002649152,28.4929482119168,261,240
-14.0337508725711,28.4983711106265,262,240
-14.0329279172259,28.5044664079263,263,240
-14.0328722730753,28.510567156748,264,240
-14.0328227970734,28.5159900399052,265,240
-14.0319934279639,28.5227631706969,266,240
-14.0342526942252,28.5275245750219,267,240
-14.0341970730233,28.5336253055188,268,240
-14.0341476174297,28.539048172385,269,240
-14.0340981481625,28.5444710348397,270,240
-14.0356149486503,28.5465155213991,271,240
-14.0386610368019,28.5492487302947,272,240
-14.0432611027872,28.5499591273345,273,240
-14.0168928679088,28.5964068381094,274,240
-14.0106833974381,28.5999954531503,275,240
-14.0044649469311,28.6044921493969,276,240
-13.9982287320011,28.6108052950336,277,240
-13.9940592969336,28.6162250504093,278,240
-13.9898894287873,28.6216446625164,279,240
-13.9857191274125,28.6270641312686,280,240
-13.9836163099679,28.6315905488066,281,240
-13.9804836896384,28.636109183016,282,240
-13.9855880901826,28.6406896605292,283,240
-13.989689338984,28.6425371729775,284,240
-13.9948031145706,28.6462089477278,285,240
-13.9999258670277,28.6489721658159,286,240
-14.0046635402659,28.6509969651263,287,240
-14.2900033379153,28.139246268356,288,220
-14.2832328879852,28.1429483060019,289,220
-14.2773002124566,28.1474018771154,290,220
-14.2722153946316,28.1511122344808,291,220
-14.2662818165047,28.1555653063518,292,220
-14.2603683007627,28.1570284116851,293,220
-14.2544442716064,28.159986104901,294,220
-14.2493632963345,28.1629481589165,295,220
-14.2417413136611,28.1673908740059,296,220
-14.2366490345782,28.1718472778161,297,220
-14.2315616753896,28.1755560636317,298,220
-14.227317465757,28.1792694142912,299,220
-14.2222564746951,28.1792407597182,300,220
-14.2180389878299,28.1792167380346,301,220
-14.2112690839595,28.1821676866106,302,220
-14.2044932826639,28.1858657032251,303,220
-14.1994208734078,28.1873310198446,304,220
-14.1909740632032,28.188776244547,305,220
-14.1824986057841,28.1939579771109,306,220
-14.1748832058869,28.1969020387123,307,220
-14.1689546946309,28.1998559230903,308,220
-14.1613618657156,28.199809604439,309,220
-14.1546009339644,28.2012628799414,310,220
-14.1453088293197,28.2027000324359,311,220
-14.1368361374659,28.2071314587562,312,220
-14.1292186119216,28.2100729258635,313,220
-14.1216129095985,28.2115191726276,314,220
-14.112300993474,28.2151962251574,315,220
-14.1038384782909,28.2181307693446,316,220
-14.096219312194,28.2210703560026,317,220
-14.0894562437592,28.2225203574696,318,220
-14.0818427878025,28.2247117414006,319,220
-14.0725348920427,28.2276386400734,320,220
-14.0649272671279,28.2290816843769,321,220
-14.060694908464,28.2305475267094,322,220
-14.0539176270943,28.2334904966618,323,220
-14.0471266999667,28.2379278694482,324,220
-14.0394912624802,28.2423589616917,325,220
-14.0335566496149,28.2453068121918,326,220
-14.0275945940742,28.2512438710585,327,220
-14.0199505818297,28.2564211867199,328,220
-14.0131430493444,28.2623515150045,329,220
-14.0080299835425,28.2675463854049,330,220
-14.0029094602679,28.273488408731,331,220
-13.9994768334376,28.2794425984104,332,220
-13.9960297942658,28.2868914024201,333,220
-13.9917660830279,28.2913444432456,334,220
-13.9891624876346,28.2987992702094,335,220
-13.9874029571205,28.3062602965221,336,220
-13.9856431646663,28.3137212858081,337,220
-13.9855793259585,28.3204474531424,338,220
-13.9855012710679,28.328668315142,339,220
-13.9837480378606,28.3353818934126,340,220
-13.983676907821,28.3428553841237,341,220
-13.9836128675615,28.349581518619,342,220
-13.983344472625,28.3553578561688,343,220
-13.9832813414881,28.3619828860678,344,220
-13.9838318452566,28.3697167337535,345,220
-13.9843666313394,28.3791068258826,346,220
-13.9836634279872,28.3873834310007,347,220
-13.9835896976419,28.3951125963484,348,220
-13.9829021057797,28.4017329274605,349,220
-13.9840876452914,28.4083672323213,350,220
-13.9846225363051,28.4177572765449,351,220
-13.983918998999,28.4260338307058,352,220
-13.9850942872785,28.4337722721296,353,220
-13.9862749922251,28.4409586194726,354,220
-13.9874558412764,28.44814495317,355,220
-13.9892374911719,28.4582021401042,356,220
-13.987478548419,28.467067739591,357,220
-13.9890755425093,28.4752184004521,358,220
-13.9889909917299,28.4840964320833,359,220
-13.9880760220696,28.4922283860321,360,220
-13.9879983871329,28.5003665592599,361,220
-13.9887441664909,28.509990623434,362,220
-13.9886594656341,28.5188686087211,363,220
-13.9886029770909,28.5247872590023,364,220
-13.9910455840119,28.5322042583798,365,220
-13.9934955499074,28.538881383982,366,220
-13.9951009353898,28.5462920982588,367,220
-13.9975654720372,28.5514894916465,368,220
-13.9950025869208,28.5566497115299,369,220
-13.9915944109493,28.5625434770057,370,220
-13.9856220728688,28.5735971503973,371,220
-13.9881716910363,28.5699167943056,372,220
-13.9805365659373,28.5794780533032,373,220
-13.9771124970517,28.5868510399689,374,220
-13.9711804389805,28.5934650479077,375,220
-13.9652476329593,28.6000787709124,376,220
-13.9601451226433,28.6074384561018,377,220
-13.9567332995693,28.6133312101808,378,220
-13.9541448517611,28.6207099601283,379,220
-13.9490479053262,28.627329348693,380,220
-13.9456273959093,28.6339615824373,381,220
-13.9422064450879,28.6405937121443,382,220
-13.9431311557512,28.6468710647833,383,220
-13.9452597513315,28.6513615168096,384,220
-13.9481130383805,28.6558575661581,385,220
-13.9516783936329,28.6616373164778,386,220
-13.9559687294215,28.6674225672273,387,220
-13.9588102557169,28.6731965513724,388,220
-13.9616646912686,28.6776923312267,389,220
-13.9652503489884,28.681554521865,390,220
-13.9702982206368,28.6841495069179,391,220
-13.974609157671,28.6880169717494,392,220
-13.9796513792732,28.6912506953735,393,220
-13.9868621293664,28.6951396114225,394,220
-13.9919234494551,28.6964556586233,395,220
-14.0290052599688,28.6930668783104,396,220
-14.0363032991385,28.6886425689703,397,220
-14.0422898539937,28.6860559949119,398,220
-14.0488771069887,28.6829475577572,399,220
-14.0542715461942,28.6798304639297,400,220
-14.060327556095,28.6693563129409,401,220
-14.0578958912766,28.6745975778575,402,220
-14.0633691249034,28.6625417642815,403,220
-14.0670017152965,28.6562570249711,404,220
-14.0694464070978,28.649438201341,405,220
-14.0730781650142,28.6431532682039,406,220
-14.0760950800012,28.6389673152351,407,220
-14.0799149435114,28.6315266531165,408,220
-14.0799967860571,28.6221412958141,409,220
-14.080709029958,28.6122080879619,410,220
-14.0814163106736,28.6028269409722,411,220
-14.0796309852165,28.5923246536272,412,220
-14.0778315350829,28.5834785842038,413,220
-14.0766866955894,28.5713242414447,414,220
-14.079250727194,28.5641641404571,415,220
-14.0818191893794,28.5564518897469,416,220
-14.0849886537572,28.5515042228365,417,220
-14.0862916198894,28.5454396865795,418,220
-14.0894747753186,28.5388356297925,419,220
-14.0914024704601,28.5327752136337,420,220
-14.0970665811865,28.528396015378,421,220
-14.0995999744054,28.5245479777718,422,220
-14.1033927081256,28.5196039592565,423,220
-14.1059303123986,28.5152036959727,424,220
-14.1103381754719,28.5113677613466,425,220
-14.1153799487098,28.5064315546252,426,220
-14.1210462337786,28.5014991901476,427,220
-14.1269967274657,28.4975655621144,428,220
-14.1346260149347,28.493587662751,429,220
-14.1392435986661,28.4862347111918,430,220
-14.1461282767194,28.4802380738921,431,220
-14.1514985771168,28.4735605128914,432,220
-14.153846517302,28.4648505979257,433,220
-14.1546753489656,28.4561311956065,434,220
-14.1577712623926,28.4487680680007,435,220
-14.1616524384274,28.4380540834756,436,220
-14.1670248315128,28.430704711492,437,220
-14.1746738405138,28.4233689278765,438,220
-14.1815833606408,28.4133437424392,439,220
-14.1877274630888,28.4039847389579,440,220
-14.1946192455951,28.3959721111589,441,220
-14.2022688598464,28.3879635491432,442,220
-14.2053543998397,28.3812702612054,443,220
-14.2107605904404,28.3685501475119,444,220
-14.2131407602067,28.3544700799692,445,220
-14.2155103943495,28.3417321464337,446,220
-14.2084495072127,28.3732346810162,447,220
-14.2147074182171,28.3477677533318,448,220
-14.2163428154934,28.3316698719943,449,220
-14.2179187269761,28.3236252548184,450,220
-14.2202331661333,28.3182693861307,451,220
-14.2256001964635,28.3102462612193,452,220
-14.2301888169844,28.304903084804,453,220
-14.2378243355979,28.2975633570856,454,220
-14.2446911411004,28.291561219207,455,220
-14.2500643750645,28.2821948012033,456,220
-14.2554273206188,28.2741703838668,457,220
-14.2607894529014,28.2661457314572,458,220
-14.2661599650175,28.2567785951013,459,220
-14.2715204018599,28.2487534699963,460,220
-14.2746155760108,28.2393738121898,461,220
-14.2746791195532,28.2299780194736,462,220
-14.2785130918649,28.223286767463,463,220
-14.2808312303757,28.2165874348846,464,220
-14.2823959292239,28.2092129480396,465,220
-14.2824452610641,28.2018304953357,466,220
-14.2824811270633,28.1964614337692,467,220
-14.2840409160343,28.189758032967,468,220
-14.2864819553286,28.1827048295188,469,220
-14.167794785864,28.3998149561689,470,260
-14.1728612256855,28.3939264680827,471,260
-14.1779328093476,28.3872978897133,472,260
-14.1830094267367,28.3799292162177,473,260
-14.1864122620101,28.3725503556381,474,260
-14.1881360270047,28.3659013299358,475,260
-14.1915324314593,28.3592622006637,476,260
-14.1949228231018,28.3533628637907,477,260
-14.1974820546667,28.3467186182814,478,260
-14.1983517257416,28.3422841751172,479,260
-14.0367410727091,28.2138645404944,480,200
-14.0289592304945,28.2189488325697,481,200
-14.0221358587784,28.2248960702091,482,200
-14.012426302143,28.2291090419678,483,200
-14.0056251985418,28.2324859430374,484,200
-13.9968654247767,28.2384177726435,485,200
-13.9900713239461,28.2409373846748,486,200
-13.9832687901898,28.2443131305953,487,200
-13.9774085295453,28.2502651994283,488,200
-13.9705803326298,28.256209712566,489,200
-13.9637430931708,28.2630103326423,490,200
-13.959807187236,28.2698327074772,491,200
-13.9558540620411,28.2783678871148,492,200
-13.953835395841,28.2869177619939,493,200
-13.9537516483533,28.2954824301168,494,200
-13.9565709945831,28.3040693070668,495,200
-13.9564706841394,28.3143468906568,496,200
-13.955419170833,28.3229041260249,497,200
-13.9563033829469,28.3314761615052,498,200
-13.9571877139654,28.3400481844118,499,200
-13.9551845883545,28.3468850547706,500,200
-13.9551175119849,28.3537367328774,501,200
-13.9511775256263,28.3605586665845,502,200
-13.950125008518,28.3691157807718,503,200
-13.9490891845999,28.3759599622477,504,200
-13.9490047440319,28.38452450551,505,200
-13.9498887823502,28.3930965062605,506,200
-13.9488357520718,28.401653559032,507,200
-13.9487342859343,28.4119309700177,508,200
-13.9486496901453,28.4204954670646,509,200
-13.9524066928033,28.4325156259175,510,200
-13.9542433801337,28.4428079078163,511,200
-13.9551281673801,28.4513798263011,512,200
-13.9579513283503,28.4599665932709,513,200
-13.9578504975131,28.470243946172,514,200
-13.9558278336173,28.4787935220788,515,200
-13.9557435744252,28.4873579544103,516,200
-13.9556761405646,28.4942094923389,517,200
-13.957564522899,28.4993630265516,518,200
-13.9613585957194,28.5079571360774,519,200
-13.9632307263581,28.5148234773845,520,200
-13.9621772308547,28.5233804793621,521,200
-13.961140341455,28.530224580857,522,200
-13.9591503058649,28.5353483591718,523,200
-13.9581130785995,28.5421924175394,524,200
-13.9531874699466,28.549863032062,525,200
-13.9492396561354,28.5566845211415,526,200
-13.9481930192352,28.5643848912903,527,200
-13.9451973698313,28.5729266008197,528,200
-13.9402779193477,28.5797402233308,529,200
-13.9343702752713,28.5882588733975,530,200
-13.9294493925482,28.5950720505464,531,200
-13.9254895688934,28.6027491382959,532,200
-13.9234352081644,28.6138671846213,533,200
-13.9204185107519,28.624121026494,534,200
-13.9203133339932,28.6343980056524,535,200
-13.9182489110017,28.6463723034896,536,200
-13.919105558643,28.6575134048456,537,200
-13.9189825277345,28.6695031479881,538,200
-13.9218079507662,28.6780904725362,539,200
-13.9285273220075,28.6858521403343,540,200
-13.9362449163339,28.6910518964549,541,200
-13.9439632797572,28.6962512285382,542,200
-13.9516994836816,28.6997373070285,543,200
-13.95846485112,28.7032154803616,544,200
-13.9671734628248,28.7067081712178,545,200
-13.9749279370565,28.7084801168596,546,200
-14.0265942628764,28.7146918228647,547,200
-14.0332895343187,28.7099167895005,548,200
-14.0432102470158,28.7036105308042,549,200
-14.0537872172582,28.6973081094778,550,200
-14.0630378114358,28.6921550806339,551,200
-14.073637977438,28.6829526551677,552,200
-14.0803127713113,28.671403891537,553,200
-14.0856817160982,28.6586865143224,554,200
-14.0897150576634,28.6482787816226,555,200
-14.096356001971,28.6402071904409,556,200
-14.0877035076843,28.6529029843841,557,200
-14.0930406446412,28.6436633462949,558,200
-14.1009951590758,28.6356002994185,559,200
-14.1017509422022,28.6240109154648,560,200
-14.1018742633005,28.6095187100156,561,200
-14.1019777826915,28.5973452331093,562,200
-14.1047278682324,28.5828703309343,563,200
-14.1113829152651,28.5724790362059,564,200
-14.118707728084,28.5603525485718,565,200
-14.1273582143987,28.5464949587727,566,200
-14.1327052798305,28.5349346222931,567,200
-14.1393638891334,28.5233823536136,568,200
-14.1433864537257,28.512972590957,569,200
-14.1506615626603,28.5060614531187,570,200
-14.1625475964716,28.4968594487361,571,200
-14.1659106807943,28.4864448664517,572,200
-14.168616997462,28.4760261619951,573,200
-14.1726212471874,28.4673544992761,574,200
-14.1753218733457,28.4575153215779,575,200
-14.1799673420811,28.4505865097546,576,200
-14.1859106506473,28.4454045200514,577,200
-14.1944460968859,28.4442958270884,578,200
-14.2016913716627,28.4402803154451,579,200
-14.205031378339,28.4321834432435,580,200
-14.2063949107873,28.425234457286,581,200
-14.2097254518498,28.4182968780834,582,200
-14.2143583744232,28.4125262178978,583,200
-14.2229332334704,28.4056184376908,584,200
-14.2314902511537,28.4010289925043,585,200
-14.237440727539,28.3941054307465,586,200
-14.2421040688494,28.3836959299207,587,200
-14.2454514530177,28.3738587160578,588,200
-14.2468360781882,28.3634308154901,589,200
-14.2495351594601,28.3524303665424,590,200
-14.2528808117887,28.3425928938356,591,200
-14.2573558650734,28.3311830125852,592,200
-14.2600921979001,28.3164361878894,593,200
-14.2706643141175,28.3110545576844,594,200
-14.2768882454916,28.2994336479058,595,200
-14.2839884875618,28.2878170141054,596,200
-14.2937148199384,28.2769905131731,597,200
-14.2973169807591,28.2630241571016,598,200
-14.3044125260412,28.2514063169953,599,200
-14.3123339812086,28.2475616757252,600,200
-14.3132710599833,28.2382430444961,601,200
-14.3141980245636,28.2304782349966,602,200
-14.3177563202193,28.2227265586395,603,200
-14.3204222382388,28.2173011911511,604,200
-14.3257239777323,28.2111118298088,605,200
-14.3327743086222,28.2057077383045,606,200
-14.3450763422726,28.2018824089834,607,200
-14.3556049466946,28.2011554374326,608,200
-14.3626485329005,28.1965266959223,609,200
-14.3670790709062,28.1887777013954,610,200
-14.3732716779044,28.1794827098105,611,200
-14.3820845002678,28.1717531790222,612,200
-14.3917507826544,28.1679116531345,613,200
-14.4005310307818,28.1656194827344,614,200
-14.4110557885897,28.164888180974,615,200
-14.4224487748826,28.165713658496,616,200
-14.4329611375495,28.1673115105054,617,200
-14.4452273094881,28.1689156738856,618,200
-14.4548557216206,28.1720621968322,619,200
-14.4671150948738,28.175218310566,620,200
-14.4767447354892,28.178363308094,621,200
-14.4986291193896,28.1862148538911,622,200
-14.4872480934436,28.182287872903,623,200
-14.5161319650172,28.1940475025106,624,200
-14.5082606985562,28.1893576545056,625,200
-14.5343549307185,28.1939758634862,626,200
-14.547894398161,28.1931646463501,627,200
-14.5624074928816,28.1906419865518,628,200
-14.574969388764,28.1923947859799,629,200
-14.5827573021391,28.178712974234,630,200
-14.5808839655893,28.1632882286882,631,200
-14.5703063651118,28.1495496370355,632,200
-14.5597314514027,28.1358102312402,633,200
-14.5472196193548,28.1237768536646,634,200
-14.535665618219,28.1143154331106,635,200
-14.5250759197113,28.1057130026466,636,200
-14.5164121809106,28.0988297957966,637,200
-14.5116016254941,28.0945296676606,638,200
-14.0970271170465,28.1804418432666,639,200
-14.1059943199386,28.1762389289456,640,200
-14.1149658444745,28.1714266166125,641,200
-14.1273961446327,28.1635916497746,642,200
-14.1432737319241,28.1539506334598,643,200
-14.1632553384981,28.1461593341042,644,200
-14.1804915318646,28.1377398444592,645,200
-14.1943004311132,28.1280803635493,646,200
-14.209480231419,28.1184273520767,647,200
-14.2163382044992,28.1196843961225,648,200
-14.2218361337504,28.1191068719136,649,200
-14.2307935081454,28.1148955421772,650,200
-14.2363342557196,28.1082292700355,651,200
-14.2446206339236,28.1015779057861,652,200
-14.2515286899795,28.0955273500825,653,200
-14.2584234191638,28.0913028896423,654,200
-14.2598173346544,28.0882661974347,655,200
-14.2667443642645,28.0791707168395,656,200
-14.2750184626359,28.0737350596636,657,200
-14.2819230318272,28.067682883581,658,200
-14.2895131606243,28.0616338940493,659,200
-14.2964161453845,28.0555809492857,660,200
-14.3012674532556,28.0482995177309,661,200
-14.3047378613154,28.0422286190347,662,200
-14.3109525721164,28.0361714144739,663,200
-14.3150927551933,28.032539001268,664,200
-14.3226480631157,28.0313587509785,665,200
-14.3343125612934,28.0314157623672,666,200
-14.349385872078,28.0351410997488,667,200
-14.3603430596844,28.0388456885737,668,200
-14.3699250187353,28.0431519645732,669,200
-14.3809011827113,28.0438107321825,670,200
-14.3925637365893,28.0444716612767,671,200
-14.4042163868205,28.0469581317882,672,200
-14.4192911448438,28.0512847060139,673,200
-14.4316282851208,28.0543806142114,674,200
-14.4439598850777,28.0586931156428,675,200
-14.5737542146122,28.0447446474142,676,200
-14.5882420440682,28.0439321052785,677,200
-14.6056390519152,28.0396994595169,678,200
-14.6172504631337,28.0328783788206,679,200
-14.6307855228659,28.0277749664954,680,200
-14.6404717590476,28.0183764744694,681,200
-14.6482340085615,28.0064021288116,682,200
-14.6540641371827,27.9944224659859,683,200
-14.6618178007628,27.9841607682494,684,200
-14.675352392277,27.9764826246585,685,200
-14.6753857297324,27.9653449320873,686,200
-14.665754809278,27.9593246106997,687,200
-14.6512870423383,27.957575210132,688,200
-14.6348958205285,27.9541056994802,689,200
-14.6194644655634,27.952350401277,690,200
-14.6040148772692,27.9557338240001,691,200
-14.5904682274504,27.9659751638998,692,200
-14.5827157777703,27.974519340125,693,200
-14.5768755550011,27.9873526771221,694,200
-14.5729677866761,27.9993350043274,695,200
-14.5690591367015,28.0113171900641,696,200
-14.5680390976929,28.0250218252227,697,200
-14.5680014682497,28.034445828908,698,200
-13.9180362654253,28.2844231638545,699,180
-13.9179863892189,28.2893560595444,700,180
-13.9179079869087,28.2971077454056,701,180
-13.9194006597303,28.306986129882,702,180
-13.9193151772641,28.3154424961239,703,180
-13.9184404137964,28.3231878460836,704,180
-13.9183333876323,28.3337582737515,705,180
-13.9182405848565,28.3429192975093,706,180
-13.9181334507471,28.3534896938941,707,180
-13.9172367353378,28.3633490571832,708,180
-13.9171508800301,28.3718053474773,709,180
-13.9162466955256,28.3823693607126,710,180
-13.9169289154676,28.3936507143814,711,180
-13.9168070878095,28.4056304012883,712,180
-13.9166780125817,28.4183147521599,713,180
-13.9165560314385,28.4302943946707,714,180
-13.9164483390641,28.4408646495593,715,180
-13.9163621433283,28.4493208413745,716,180
-13.914652360325,28.4605830321277,717,180
-13.9137324476541,28.4725562245158,718,180
-13.9135954312559,28.4859451154556,719,180
-13.911094191186,28.4964961234822,720,180
-13.910978419799,28.5077709311895,721,180
-13.9108770652174,28.5176363722261,722,180
-13.9107756596378,28.5275017985992,723,180
-13.9098979892629,28.5352467917961,724,180
-13.9089693345124,28.5479244606832,725,180
-13.9088603564118,28.5584945059226,726,180
-13.9056022177075,28.5648108160987,727,180
-13.903595526939,28.5734455035269,728,180
-13.9023867330504,28.5815938010721,729,180
-13.9015962213679,28.5879794570692,730,180
-13.8971713871003,28.5956140045401,731,180
-13.8934835255738,28.6019759972384,732,180
-13.8905396248213,28.6064263589455,733,180
-13.8897414380216,28.6134510444389,734,180
-13.8882120444604,28.6211089209854,735,180
-13.8844956729451,28.6300271819939,736,180
-13.8800745378113,28.6370218995872,737,180
-13.8799998621917,28.6440524582917,738,180
-13.8798979887081,28.6536395717455,739,180
-13.8812589250365,28.6619603729647,740,180
-13.8804120049947,28.6734588906576,741,180
-13.8817663924902,28.6824188092072,742,180
-13.8852954947468,28.6913966379543,743,180
-13.8859255771768,28.70035053532,744,180
-13.894550483138,28.7074524094585,745,180
-13.9002966120105,28.712612793192,746,180
-13.9111118576411,28.7184530402689,747,180
-13.9219283241402,28.7242924496976,748,180
-13.9305836776307,28.7288355448764,749,180
-13.9843715774577,28.7375866760589,750,180
-13.9939021896625,28.7392355568448,751,180
-14.0046513008481,28.7382633792804,752,180
-14.0124369656883,28.7351652300448,753,180
-14.0244275589127,28.7289417717999,754,180
-14.0310237284432,28.7253080625791,755,180
-14.0405972787069,28.7222210542348,756,180
-14.0501560272513,28.7207108902156,757,180
-14.0609545310164,28.71394985768,758,180
-14.0699576589649,28.7077014844745,759,180
-14.0783540895022,28.7025001229999,760,180
-14.0861670046717,28.695716632676,761,180
-14.093987967069,28.6878809525379,762,180
-14.1023771581183,28.6832038786512,763,180
-14.1036503871701,28.6737463605214,764,180
-14.1043316224685,28.6637590121158,765,180
-14.1085762756894,28.6553728085138,766,180
-14.1128158125349,28.647512307181,767,180
-14.1182468540668,28.6396594137788,768,180
-14.1254564517761,28.6328695540041,769,180
-14.1350361898372,28.627672114795,770,180
-14.1440446048036,28.619315010161,771,180
-14.1566271037405,28.6109795550541,772,180
-14.169195219022,28.6042204955036,773,180
-14.1794028680406,28.5942905886467,774,180
-14.1830794731325,28.5811653022573,775,180
-14.1855799590345,28.5659292212111,776,180
-14.1892587522776,28.5522777991804,777,180
-14.1941395926955,28.5370556639785,778,180
-14.190047441561,28.5270391442609,779,180
-14.1925534575053,28.5107510044919,780,180
-14.1961933909096,28.5018321766128,781,180
-14.2022097865516,28.4934531062956,782,180
-14.2130025700423,28.4829978400625,783,180
-14.2243576412873,28.4767521651346,784,180
-14.2321519554914,28.4689077271648,785,180
-14.2405289249921,28.4626438102435,786,180
-14.2488974755756,28.4574311392897,787,180
-14.2572688864104,28.4516920395393,788,180
-14.261492615474,28.4433003852377,789,180
-14.2645403201666,28.4327985658976,790,180
-14.2646130253982,28.4222806191757,791,180
-14.2674451095177,28.408040878401,792,180
-14.2746158582452,28.3937837170952,793,180
-14.2797823291305,28.3768351232035,794,180
-14.2849411113838,28.3607797079863,795,180
-14.2870626610332,28.3456016789422,796,180
-14.2921950563221,28.3331196739598,797,180
-14.297337971796,28.3188505239473,798,180
-14.3074807422908,28.3117544799943,799,180
-14.3156145783089,28.3028606261724,800,180
-14.3187170490046,28.2912607815429,801,180
-14.3187796100291,28.2814326959441,802,180
-14.3228846055569,28.2707311966585,803,180
-14.3360374123425,28.2654347767668,804,180
-14.3421307191197,28.2592097744748,805,180
-14.3502522183378,28.2512071459018,806,180
-14.3563760672828,28.239620620516,807,180
-14.3594614971393,28.2298065938563,808,180
-14.3645532184453,28.2217888190885,809,180
-14.3746667018886,28.217367903404,810,180
-14.3918197751398,28.2165517298344,811,180
-14.4039390772642,28.2139245466341,812,180
-14.4150540185845,28.2103984823869,813,180
-14.4251691951865,28.2050802868684,814,180
-14.4463498094648,28.2051676216252,815,180
-14.4695477315341,28.2052595127426,816,180
-14.4866855485609,28.2071119053471,817,180
-14.5018149875976,28.2071678244519,818,180
-14.5148949066975,28.2143629624273,819,180
-14.5320350474984,28.2162097003928,820,180
-14.5529048693909,28.2171609984019,821,180
-14.5650945340864,28.2165652844326,822,180
-14.577314080794,28.2083484634855,823,180
-14.5888149869124,28.2001283697643,824,180
-14.6067669701158,28.1912909581541,825,180
-14.618946705598,28.1925954308602,826,180
-14.6253751276949,28.1989633043969,827,180
-14.6346650910459,28.207243581709,828,180
-14.6375023884905,28.2161412943781,829,180
-14.6446355246267,28.2269552007063,830,180
-14.6518010116461,28.2282436521927,831,180
-14.6561191124732,28.2231744866487,832,180
-14.6575772973772,28.2155580010582,833,180
-14.6576016003725,28.207937909725,834,180
-14.656917222962,28.1977759798755,835,180
-14.654082868225,28.1876086166807,836,180
-14.6448035625401,28.176154585883,837,180
-14.6297916879792,28.1653195618126,838,180
-14.6147714784054,28.1576579530469,839,180
-14.6062130317838,28.1468383448406,840,180
-14.6084177227446,28.1316042445148,841,180
-14.612765863596,28.1176461796147,842,180
-14.6164012372585,28.1024159068185,843,180
-14.6214631599531,28.0884594849383,844,180
-14.6329904251879,28.072403910382,845,180
-14.6430709176165,28.0635153092211,846,180
-14.6659323816688,28.0570890540153,847,180
-14.6851393214655,28.0498401645235,848,180
-14.6979493217887,28.042574648614,849,180
-14.7107727767381,28.0296346000272,850,180
-14.7217687104747,28.0158791457695,851,180
-14.7345921034795,28.0005053436347,852,180
-14.7455820382945,27.9867478846057,853,180
-14.7456124683205,27.9737801665772,854,180
-14.7520343166851,27.9600135997359,855,180
-14.7693859811503,27.9559913219436,856,180
-14.7803571333357,27.9470938719177,857,180
-14.7785565566385,27.9349336134005,858,180
-14.7676333081753,27.9219477313134,859,180
-14.7512255076792,27.914624636214,860,180
-14.7329813033393,27.9129694990967,861,180
-14.7147249159617,27.9161748785741,862,180
-14.6946585192448,27.9137003918028,863,180
-14.6813612920866,27.9057277414614,864,180
-14.6700985617651,27.8948946760267,865,180
-14.6570933563229,27.8863720598326,866,180
-14.6405875246612,27.8863300179121,867,180
-14.6205879936299,27.8916797032573,868,180
-14.6075370003792,27.8970464292281,869,180
-14.5953420957531,27.9055019951905,870,180
-14.5822674607162,27.9162694666421,871,180
-14.5691841167122,27.9285794112712,872,180
-14.5552318129873,27.9401133760353,873,180
-14.5430312722049,27.9477922836336,874,180
-14.5386228918217,27.9624433817613,875,180
-14.5385309321978,27.984055777369,876,180
-14.5350065770246,27.9948502318026,877,180
-14.5210522983219,28.0040648775477,878,180
-14.5097083364502,28.0125155330766,879,180
-14.4974533878367,28.029452510175,880,180
-14.481733110089,28.0425159312504,881,180
-14.4703782666828,28.0517350542147,882,180
-14.4556266026649,28.0439586865189,883,180
-14.4443685887434,28.0338793143499,884,180
-14.4331248024292,28.021483476372,885,180
-14.4157666530395,28.0144639595194,886,180
-14.3931625160463,28.0128222855436,887,180
-14.3670893994451,28.0096172409804,888,180
-14.3461892117814,28.0141506058431,889,180
-14.32353337871,28.0209877203386,890,180
-14.3061332320915,28.0216728272697,891,180
-13.9034052168836,28.2442625177912,892,180
-13.9014882351734,28.2344192810945,893,180
-13.8965272618973,28.2263383679241,894,180
-13.8966466809525,28.2147245840917,895,180
-13.9038433789538,28.2013807672501,896,180
-13.9130096679559,28.1925194088241,897,180
-13.92010403972,28.1890017685231,898,180
-13.9281973339143,28.1863850259281,899,180
-13.9372808553972,28.1855623931642,900,180
-13.9503886852226,28.1856635247442,901,180
-13.9604025309431,28.1928875905869,902,180
-13.9694692912251,28.1938496148538,903,180
-13.9805784508259,28.1921458920888,904,180
-13.9886706321225,28.1895255416887,905,180
-13.9988206938128,28.182452456204,906,180
-14.003928337635,28.1753419979196,907,180
-14.0080271447357,28.1682240258656,908,180
-14.0201494116043,28.1656308907751,909,180
-14.029222607436,28.1656955039489,910,180
-14.036287562863,28.1648519285487,911,180
-14.046384709311,28.1631356593436,912,180
-14.049424847033,28.1613698458602,913,180
-14.0555283527429,28.1551577453651,914,180
-14.0706644777471,28.15347430912,915,180
-14.0857849998628,28.1535760467281,916,180
-14.0998826116025,28.1554563610645,917,180
-14.1080285447171,28.145681330033,918,180
-14.1171442442717,28.1403794560695,919,180
-14.1292971292486,28.1333093096936,920,180
-14.1333788857901,28.127080755984,921,180
-14.1404905268816,28.119977604695,922,180
-14.1496236228977,28.111993119698,923,180
-14.1607914112281,28.1013399725211,924,180
-14.1739445737006,28.0942718295638,925,180
-14.1860818519168,28.0880898706251,926,180
-14.2052234914716,28.0882020837608,927,180
-14.2233642066519,28.0874124589194,928,180
-14.2355738966225,28.0705043685698,929,180
-14.2447395580665,28.0562589256268,930,180
-14.263924505127,28.0492149910286,931,180
-14.2811226120787,28.0376903587693,932,180
-14.2922464501133,28.030599957894,933,180
-14.2294663461091,28.0794053000119,934,180
-14.2122691799998,28.0891362191957,935,180
-13.8911004231559,28.7684674697358,936,160
-13.9073124065798,28.7694929416464,937,160
-13.9245477925207,28.7696312470778,938,160
-13.9366959059729,28.7715141661394,939,160
-13.9538961438165,28.7752219803443,940,160
-13.9680909721499,28.7753311645702,941,160
-13.9772946668497,28.7673606960139,942,160
-13.9905434554761,28.760313233862,943,160
-14.0047703212916,28.756845204735,944,160
-14.021023736662,28.7533903545278,945,160
-14.0372925248378,28.748146845367,946,160
-14.0535355802959,28.7455813646255,947,160
-14.065755143016,28.7394125638289,948,160
-14.0820274783855,28.7332702057957,949,160
-14.0901822911802,28.7279648880081,950,160
-14.1013766370626,28.7226792919857,951,160
-14.1124944338786,28.7263263487422,952,160
-14.1246414390604,28.7281923457897,953,160
-14.1347618429246,28.7300443048247,954,160
-14.1469677560814,28.7247613726018,955,160
-14.1592153406929,28.7141170734935,956,160
-14.1694338779783,28.7034591720173,957,160
-14.1877489178939,28.6937427124112,958,160
-14.2060875675489,28.680450142106,959,160
-14.2135640527706,28.6687558330219,960,160
-14.2230022762087,28.6580162549887,961,160
-14.2345194226203,28.6580818383669,962,160
-14.2452985915047,28.6606821211216,963,160
-14.2553629373798,28.6626426754197,964,160
-14.2661431242007,28.6652413154451,965,160
-14.279127000869,28.6615013586694,966,160
-14.293592201193,28.6514183633154,967,160
-14.2863599454163,28.6564600621116,968,160
-14.2950997036433,28.6412669799256,969,160
-14.2894317956051,28.6279033616487,970,160
-14.2801416434118,28.6183300365809,971,160
-14.2694229728345,28.6074784852966,972,160
-14.25940810179,28.599169758782,973,160
-14.2493451875685,28.5978445263663,974,160
-14.2414453144349,28.5958957126938,975,160
-14.2386317680499,28.5869906057381,976,160
-14.2387277917388,28.5736571104837,977,160
-14.2381183087845,28.5584147632354,978,160
-14.2410813966032,28.5463671835251,979,160
-14.246906162262,28.5362402837442,980,160
-14.2462820378432,28.5229026764889,981,160
-14.253564993434,28.5096087058394,982,160
-14.2673058679006,28.4976191857596,983,160
-14.2795933921006,28.4875254198647,984,160
-14.2875413952066,28.4812176354514,985,160
-14.2962280843793,28.4717383517219,986,160
-14.297001285874,28.4634877547997,987,160
-14.2977827441549,28.4539672444265,988,160
-14.300723365511,28.4438228548863,989,160
-14.3093604080312,28.4413270713449,990,160
-14.3108753052343,28.4292702651403,991,160
-14.3109452079727,28.4184760617463,992,160
-14.3096035015597,28.4038648403016,993,160
-14.3111218489456,28.3911729995784,994,160
-14.3191093681801,28.3772436280768,995,160
-14.321339943546,28.3651901412546,996,160
-14.3307038852711,28.3601565834824,997,160
-14.3307914850277,28.346187411813,998,160
-14.3318564115758,28.3250501398934,999,160
-14.3425228997693,28.3112222402114,1000,160
-14.3600266839006,28.2948015425771,1001,160
-14.3775058961494,28.2816791813803,1002,160
-14.3999332645458,28.2718771356807,1003,160
-14.4161012983365,28.2697466469548,1004,160
-14.432233726433,28.2742157216115,1005,160
-14.4433846565495,28.2808632393554,1006,160
-14.4620168874332,28.2831384361412,1007,160
-14.4782069722863,28.2765995898794,1008,160
-14.4894450124904,28.2656392728896,1009,160
-14.5093436289567,28.2624113270518,1010,160
-14.5317263884793,28.2591890053219,1011,160
-14.564039837138,28.2581956133779,1012,160
-14.5863777232772,28.2659670527978,1013,160
-14.5764619340916,28.2593349595066,1014,160
-14.547880852368,28.2592434000115,1015,160
-14.595700981212,28.2803997961116,1016,160
-14.6048637637237,28.2912890942833,1017,160
-14.6119796167174,28.3030771774854,1018,160
-14.6242113999901,28.3148790608708,1019,160
-14.6313215659983,28.3293817148827,1020,160
-14.6343410272293,28.3438730761902,1021,160
-14.6373612857514,28.3583643474923,1022,160
-14.6383385477408,28.3719449238704,1023,160
-14.6444398493517,28.3837285402142,1024,160
-14.6566873144201,28.3946223014578,1025,160
-14.6474865099413,28.3909780251043,1026,160
-14.6628520892127,28.3873961225635,1027,160
-14.6649276938301,28.3783492639537,1028,160
-14.6710853773615,28.3729330680399,1029,160
-14.6752066901982,28.3638909475496,1030,160
-14.6752369979019,28.3539338033661,1031,160
-14.6763014263511,28.340358287515,1032,160
-14.6814521484797,28.3286027466541,1033,160
-14.6937412816602,28.324104848002,1034,160
-14.7080554636169,28.3268518427223,1035,160
-14.7223774516395,28.3268817314094,1036,160
-14.7356809382116,28.3250977308619,1037,160
-14.7489861175231,28.3224072244228,1038,160
-14.7633075569391,28.3224328137321,1039,160
-14.7786538513624,28.3215533555254,1040,160
-14.7919504892016,28.322479483861,1041,160
-14.8011638966581,28.3188723718091,1042,160
-14.8062982260785,28.3080172026193,1043,160
-14.8001849506253,28.2953353949742,1044,160
-14.7981685665609,28.2799437599389,1045,160
-14.7961510253494,28.265457279682,1046,160
-14.8002643242835,28.2527902776878,1047,160
-14.8023306193297,28.2410254032446,1048,160
-14.813609271191,28.2211263193972,1049,160
-14.8095084293399,28.2283624665639,1050,160
-14.8228281619478,28.2084654028965,1051,160
-14.8259202013289,28.1921752634631,1052,160
-14.8361539849048,28.181325131969,1053,160
-14.8453563738614,28.1759044452827,1054,160
-14.8515007841778,28.1650484526736,1055,160
-14.8484567871724,28.1505613681308,1056,160
-14.8403076497569,28.136068334714,1057,160
-14.844408099832,28.1252101959856,1058,160
-14.8485128066117,28.110730958215,1059,160
-14.8495564867844,28.0944377560179,1060,160
-14.84754174853,28.0754254078063,1061,160
-14.8577586441915,28.0672891616796,1062,160
-14.8638978491645,28.0546219198614,1063,160
-14.8730943883545,28.0437677353748,1064,160
-14.8914646688929,28.0392572261318,1065,160
-14.8822802118405,28.0410601639714,1066,160
-14.8924948426209,28.0293002686969,1067,160
-14.8965824949252,28.0220613837334,1068,160
-14.9078068406783,28.0184483571812,1069,160
-14.9244796930819,28.0183862753063,1070,160
-14.9326397753179,28.019295771003,1071,160
-14.9458995813119,28.022017392343,1072,160
-14.9663004803421,28.0265501777274,1073,160
-14.987723805975,28.0265537616031,1074,160
-15.0009858165059,28.0211227832549,1075,160
-15.0213877823816,28.0202158683143,1076,160
-13.8796994104813,28.7663373486475,1077,160
-13.8661367262005,28.7674182203329,1078,160
-13.8539157620798,28.7697031266924,1079,160
-13.8389974496178,28.7707697503794,1080,160
-13.8281172924584,28.7742578251415,1081,160
-13.8105151303489,28.772909966362,1082,160
-13.7970333099406,28.7668205762161,1083,160
-13.7877831804,28.746439890192,1084,160
-13.7825997570354,28.7260952613337,1085,160
-13.7874829691702,28.7555819957789,1086,160
-13.784515048939,28.7368447095071,1087,160
-13.782685034463,28.7115688328979,1088,160
-13.7860842211942,28.6928886360007,1089,160
-13.7915283129368,28.6807753394862,1090,160
-13.7917108071215,28.664872751204,1091,160
-13.7833340072811,28.6554423185909,1092,160
-13.7781941328426,28.6413629037159,1093,160
-13.7762470809234,28.626376619095,1094,160
-13.7816777584101,28.6151989830162,1095,160
-13.7839918978598,28.5983798715456,1096,160
-13.791561257191,28.5853497961896,1097,160
-13.7927706360494,28.5722627975123,1098,160
-13.7897842741716,28.5553961822594,1099,160
-13.7952841129958,28.5376694754953,1100,160
-13.7996486671689,28.5264813796773,1101,160
-13.8040439240157,28.5124866801784,1102,160
-13.8063095380436,28.4994086665647,1103,160
-13.8149274825779,28.4863861010005,1104,160
-13.8182497786007,28.4733170044221,1105,160
-13.8194332706873,28.4621003907112,1106,160
-13.8216749432183,28.4508929121175,1107,160
-13.8281701810024,28.4378509009536,1108,160
-13.8975786359421,28.2510091525986,1109,160
-13.8925408935753,28.26504861856,1110,160
-13.8837864776165,28.2833898685186,1111,160
-13.8800028648542,28.2941897378966,1112,160
-13.8936190172793,28.2598058596103,1113,160
-13.8870787099809,28.2743006718191,1114,160
-13.8767319101868,28.303311681278,1115,160
-13.8702633456271,28.3105322009852,1116,160
-13.8646899533044,28.3193762555592,1117,160
-13.8609336250492,28.3290434409955,1118,160
-13.8562805001207,28.3370865696414,1119,160
-13.8516179637472,28.3459376400622,1120,160
-13.8478681670853,28.3547962391257,1121,160
-13.845953686556,28.3628620591415,1122,160
-13.8449875776406,28.3677030780783,1123,160
-13.842176452232,28.3741448223883,1124,160
-13.8402699349836,28.3814023946403,1125,160
-13.8392593555894,28.3902839557396,1126,160
-13.8382133185078,28.4023979721816,1127,160
-13.8363059553734,28.4096554367239,1128,160
-13.8362176042174,28.4177366135466,1129,160
-13.8324194432974,28.4306351596505,1130,160
-14.5832652157001,27.7280433827555,1131,140
-14.5802603882902,27.7398847948633,1132,140
-14.5742845897539,27.7543504381199,1133,140
-14.5683071880898,27.7688157752518,1134,140
-14.5667695502877,27.7832947996242,1135,140
-14.5593088702574,27.7977550069431,1136,140
-14.551862404425,27.8082646982087,1137,140
-14.5443815163666,27.8266740528758,1138,140
-14.5384127921105,27.8371878160197,1139,140
-14.5383458981522,27.8529879468746,1140,140
-14.5368141346392,27.8648330540723,1141,140
-14.5234743758698,27.866104305073,1142,140
-14.5131269204309,27.8608014084585,1143,140
-14.499829720407,27.8528536980034,1144,140
-14.4850283192925,27.850165869403,1145,140
-14.4672521938158,27.8500983813339,1146,140
-14.4524586426855,27.8460904134679,1147,140
-14.4406151472546,27.8447262276457,1148,140
-14.4228191301641,27.8486029905608,1149,140
-14.4050218887798,27.8524774368534,1150,140
-14.3901936038858,27.855046049836,1151,140
-14.3827195388678,27.8668628789999,1152,140
-14.3767330771429,27.8773693263419,1153,140
-14.3722120841775,27.8905155003077,1154,140
-14.3661849056013,27.9076045590805,1155,140
-14.3690574057226,27.9234176842536,1156,140
-14.3660159511156,27.9365703058941,1157,140
-14.3585646140968,27.9431190762473,1158,140
-14.345197599992,27.9470061094976,1159,140
-14.3335438396346,27.9519923780347,1160,140
-14.3210719414778,27.9546963876158,1161,140
-14.3039464909436,27.9546108484802,1162,140
-14.289934815213,27.9545392772968,1163,140
-14.2790093269704,27.9586298975407,1164,140
-14.268064377585,27.9654844712283,1165,140
-14.2602228142176,27.9737373363535,1166,140
-14.2507846000219,27.987510888147,1167,140
-14.2382678369643,27.9957368822077,1168,140
-14.2257491858376,28.0039616894302,1169,140
-14.210133516784,28.0094026588027,1170,140
-14.1914422536697,28.0092939857605,1171,140
-14.1758031358059,28.0174957584757,1172,140
-14.1617195040029,28.0257052036325,1173,140
-14.147611968329,28.0366778783331,1174,140
-14.1303964406757,28.0462469705908,1175,140
-14.119399600627,28.0572362873844,1176,140
-14.1068306687995,28.0695968667362,1177,140
-14.0911183565756,28.0847002643186,1178,140
-14.0754134858629,28.0984194016511,1179,140
-14.0675356455296,28.1080428904088,1180,140
-14.0596202012018,28.1218128224516,1181,140
-14.0455019917063,28.1313920034321,1182,140
-14.0329655521995,28.1382160697619,1183,140
-14.0188932532928,28.1422631993599,1184,140
-13.9970224566957,28.1462519984067,1185,140
-13.9766965481405,28.1516311925158,1186,140
-13.9610876305184,28.1528960822617,1187,140
-13.9439052573084,28.1555294275345,1188,140
-13.9252177107147,28.1526193648001,1189,140
-13.9049295702375,28.1538410474696,1190,140
-13.8877459202665,28.1564673051139,1191,140
-13.8705324843325,28.1618558285445,1192,140
-13.8672384686889,28.1784167082961,1193,140
-13.8623978514103,28.1935822680128,1194,140
-13.859116123893,28.2087606040078,1195,140
-13.851166548042,28.2225173541354,1196,140
-13.8494874367126,28.2335618341171,1197,140
-13.8493094320711,28.2501481948051,1198,140
-13.8475403607484,28.2694857364568,1199,140
-13.8442985925459,28.2805168628959,1200,140
-13.8362813270749,28.2998011134262,1201,140
-13.8314453501703,28.313582848903,1202,140
-13.8265776996446,28.330128684582,1203,140
-13.8264258082284,28.3439503466312,1204,140
-13.8275768198557,28.3573149840384,1205,140
-13.8256162703446,28.3694210700725,1206,140
-13.8264231859106,28.3791263729417,1207,140
-13.8253758502176,28.3912402703808,1208,140
-14.520899870839,27.6822739786511,1209,120
-14.5168225865123,27.6942028892422,1210,120
-14.5113812510208,27.7109040564499,1211,120
-14.4939252961939,27.7132299480735,1212,120
-14.4764800426104,27.713165074113,1213,120
-14.4576515553435,27.7214526601565,1214,120
-14.4428345153952,27.7321424385728,1215,120
-14.4279833988781,27.7488018796749,1216,120
-14.4171808931534,27.7606996297886,1217,120
-14.4184726195425,27.7702593322083,1218,120
-14.4050463696318,27.7702022024591,1219,120
-14.3902575672363,27.7737206009816,1220,120
-14.3741114691667,27.7796198153554,1221,120
-14.3606143286529,27.7915007577506,1222,120
-14.3444497246388,27.7997848903696,1223,120
-14.3323046011244,27.809280845043,1224,120
-14.3174859099263,27.8163739812455,1225,120
-14.3013297136137,27.8222644754714,1226,120
-14.2851561608116,27.8305414694075,1227,120
-14.2716829937838,27.8364423000498,1228,120
-14.2594950862249,27.8507084245945,1229,120
-14.2512859558705,27.8721605082089,1230,120
-14.23909130964,27.8864246268944,1231,120
-14.2255577691482,27.8994858415422,1232,120
-14.2133652941002,27.9125533188359,1233,120
-14.2011962104663,27.922037109993,1234,120
-14.1903784583187,27.9303335104367,1235,120
-14.1822393355772,27.9398391802898,1236,120
-14.1687654426771,27.9433411444236,1237,120
-14.1579245853087,27.9540231848906,1238,120
-14.1444293684967,27.9599110079341,1239,120
-14.1336226232852,27.96581443279,1240,120
-14.1174832101382,27.9657118667112,1241,120
-14.1119958678458,27.9788127780714,1242,120
-14.1011954192922,27.9835194228719,1243,120
-14.0849728549098,27.9929660043965,1244,120
-14.0714587398519,28.0000405525373,1245,120
-14.0579948221714,28.0011431493053,1246,120
-14.0498493059075,28.009446385158,1247,120
-14.0416496637268,28.0237196280315,1248,120
-14.0469270274727,28.0356981262281,1249,120
-14.0347509905927,28.0427781627032,1250,120
-14.0266112514155,28.0498857530255,1251,120
-14.0171026736716,28.0593713794002,1252,120
-14.0089276500672,28.0700601039625,1253,120
-14.0088509254529,28.078418699703,1254,120
-14.0060593504804,28.089145968335,1255,120
-14.0005961716582,28.0974653972123,1256,120
-13.985761803315,28.0997448270018,1257,120
-13.9709496457192,28.0996345021377,1258,120
-13.9588537218032,28.0971549223703,1259,120
-13.9427072379668,28.0958372731095,1260,120
-13.9345928916085,28.0993569258019,1261,120
-13.9278127341917,28.1040806648008,1262,120
-13.9196973027734,28.1075994015507,1263,120
-13.9116175170903,28.1075355153273,1264,120
-13.9008323381203,28.1086436314663,1265,120
-13.8860070310162,28.1097181335254,1266,120
-13.8711689835829,28.1119850492146,1267,120
-13.8576897107812,28.1130675468119,1268,120
-13.84950772051,28.1225521174207,1269,120
-13.8467118921767,28.1320815845951,1270,120
-13.841234344805,28.1403942036684,1271,120
-13.8332170065722,28.1343555977494,1272,120
-13.8251615049859,28.1318985526089,1273,120
-13.8117321314448,28.1282004469588,1274,120
-13.803571530613,28.1352941120544,1275,120
-13.8020917674198,28.147222254584,1276,120
-13.8006116251288,28.1591503507361,1277,120
-13.7977703838826,28.1722605612938,1278,120
-13.793554033018,28.1877467556334,1279,120
-13.7946336382095,28.2116381735426,1280,120
-13.7930574731986,28.2319238285127,1281,120
-13.7942444970431,28.2462633645774,1282,120
-13.7954451888026,28.2594089035424,1283,120
-13.8021208306393,28.2654380172121,1284,120
-13.8020139763279,28.2749897631624,1285,120
-13.8005315078477,28.2869175862612,1286,120
-13.7963372695003,28.3000155649949,1287,120
-13.7948940928805,28.3083613794399,1288,120
-13.793423706393,28.3190950739767,1289,120
-13.790603619414,28.3298167725155,1290,120
-13.7890647100025,28.3465201140932,1291,120
-13.7876201973135,28.3548657592744,1292,120
-13.7821533503478,28.3607873714095,1293,120
-13.7753360698991,28.3666966205826,1294,120
-13.769757704838,28.3821691715627,1295,120
-13.7615882614521,28.3880654540989,1296,120
-13.7752400800885,28.3750541920489,1297,120
-13.7561182335227,28.3939858955676,1298,120
-13.7492552977104,28.4034754671137,1299,120
-13.7423911181932,28.4129646412044,1300,120
-13.7327962411538,28.4248161245939,1301,120
-13.723227868181,28.4342790357063,1302,120
-13.7136288900993,28.4461290013598,1303,120
-13.7026913805995,28.4567714329731,1304,120
-13.6917810838255,28.4650251302471,1305,120
-13.6902238852313,28.4817264694948,1306,120
-13.690047024999,28.4960530134975,1307,120
-13.7021221780487,28.503332989373,1308,120
-13.7142279730153,28.5082241653025,1309,120
-13.7208706699954,28.5178390570034,1310,120
-13.718037245907,28.528558548162,1311,120
-13.7098098237937,28.5380327881265,1312,120
-13.7012452262133,28.5430561183056,1313,120
-13.691607064779,28.551383432567,1314,120
-13.6893723497895,28.56071725004,1315,120
-13.6881271845197,28.5756737906334,1316,120
-13.6954178807267,28.5860349822805,1317,120
-13.694230943597,28.5963144343282,1318,120
-13.6951521351196,28.6075496936254,1319,120
-13.6971566727219,28.6169242890618,1320,120
-13.7044509556352,28.627285054823,1321,120
-13.7117352178402,28.6385808811925,1322,120
-13.7115637322816,28.6526122046859,1323,120
-13.713513308261,28.6666636693736,1324,120
-13.7175847997285,28.6807352105941,1325,120
-13.711037078723,28.6956414094774,1326,120
-13.7066325059516,28.7086966859723,1327,120
-13.7000582033459,28.7254730017462,1328,120
-13.693539896036,28.7375718806415,1329,120
-13.689142880291,28.7496909826344,1330,120
-13.6867741938093,28.7693137041317,1331,120
-13.6890026529857,28.7609157586295,1332,120
-13.678151563324,28.7795201792132,1333,120
-13.6684535317172,28.790650952477,1334,120
-13.6587294597714,28.8036517032407,1335,120
-13.651199412231,28.8110606454416,1336,120
-13.6415441014034,28.8184477562958,1337,120
-13.630776302374,28.8295648101934,1338,120
-13.6200432312322,28.8378748300501,1339,120
-13.6061961948287,28.8405389012812,1340,120
-13.590211251259,28.8441146797555,1341,120
-13.5752621582524,28.8495704324643,1342,120
-13.5592491363479,28.8550131196678,1343,120
-13.5421067783683,28.8651189803751,1344,120
-13.5281226467403,28.8771280147902,1345,120
-13.5173900087781,28.8844940299591,1346,120
-14.4388587560578,27.6334540762474,1347,100
-14.4299516083538,27.6491386847183,1348,100
-14.4221505759555,27.6638447199865,1349,100
-14.4099803046163,27.6696887600834,1350,100
-14.3945032991907,27.6745347509012,1351,100
-14.3789860552929,27.6862566430641,1352,100
-14.3645465857398,27.7019118601839,1353,100
-14.3534324748971,27.7146334404317,1354,100
-14.3335066137994,27.7233817697726,1355,100
-14.3191473423041,27.7242944084768,1356,100
-14.3014818185693,27.7242063727864,1357,100
-14.2849204636411,27.7241217917338,1358,100
-14.2683591816388,27.7240352291727,1359,100
-14.2484790043437,27.7249112279455,1360,100
-14.2219252063675,27.7326246574707,1361,100
-14.2019931638186,27.7403712820355,1362,100
-14.1842083939135,27.7559877725166,1363,100
-14.1719858575854,27.765740234114,1364,100
-14.1696426307542,27.783411330628,1365,100
-14.1716881053815,27.8050387354139,1366,100
-14.1681938251666,27.8285977906319,1367,100
-14.1693886740426,27.8168149658584,1368,100
-14.1582099223548,27.8334497657752,1369,100
-14.1438043270649,27.8382736414013,1370,100
-14.128260825324,27.8470187757985,1371,100
-14.1149415617588,27.8538114160337,1372,100
-14.1126428533311,27.8646040208704,1373,100
-14.1124266372879,27.8911297409998,1374,100
-14.1144301325702,27.9166871663817,1375,100
-14.1120736535692,27.9343566183235,1376,100
-14.1032161911588,27.9352816949182,1377,100
-14.0943585944782,27.9362061980471,1378,100
-14.0810761045839,27.9371006688236,1379,100
-14.067734392906,27.9448707421975,1380,100
-14.0545020315256,27.9398681591613,1381,100
-14.0412795935609,27.9338819244274,1382,100
-14.0258641038621,27.925914015694,1383,100
-14.0059551434942,27.9257717608841,1384,100
-13.9860463299786,27.9256266291244,1385,100
-13.9704314477411,27.9392651553872,1386,100
-13.9570630211054,27.9489890488163,1387,100
-13.9491764606487,27.9636657875675,1388,100
-13.9357934763491,27.9743698167808,1389,100
-13.9234461687004,27.9919576580818,1390,100
-13.9244260620048,28.0047370163355,1391,100
-13.9187545856645,28.0184466127916,1392,100
-13.918656417886,28.0282701724953,1393,100
-13.9163143361419,28.0410233252159,1394,100
-13.9052125762501,28.043882569371,1395,100
-13.8930130738936,28.0457496332303,1396,100
-13.8796855765856,28.0495712514114,1397,100
-13.8530591636329,28.0542635298613,1398,100
-13.8674747764659,28.0524183493216,1399,100
-13.8319779700082,28.0580154670167,1400,100
-13.8087240275664,28.0578156661168,1401,100
-13.7876408610651,28.0615607242381,1402,100
-13.7699344421505,28.060420814203,1403,100
-13.7577085978438,28.0642403121486,1404,100
-13.7454362805852,28.0719878451481,1405,100
-13.7429926179101,28.0916132995013,1406,100
-13.7416672318547,28.1102665165764,1407,100
-13.7403757121342,28.1259728214528,1408,100
-13.7446130611556,28.1427122199079,1409,100
-13.7488516271303,28.1594514897443,1410,100
-13.7553198225212,28.175228526632,1411,100
-13.758418404637,28.1949042557021,1412,100
-13.7571391771312,28.2096283020057,1413,100
-13.7514120227542,28.2252941356926,1414,100
-13.7456946035278,28.2399773769679,1415,100
-13.7410733287866,28.255652781557,1416,100
-13.736292084682,28.2706237690368,1417,100
-13.7310333130733,28.2808098818945,1418,100
-13.7231635781162,28.2943829712499,1419,100
-13.7178750463356,28.3068426062945,1420,100
-13.7112728605088,28.3215639756584,1421,100
-13.7072666009641,28.334035196441,1422,100
-13.7019879113108,28.3453569631938,1423,100
-13.6967219487027,28.3555414179481,1424,100
-13.6889398734507,28.3611527268186,1425,100
-13.6785155385328,28.3724238706889,1426,100
-13.668145817048,28.3791459845746,1427,100
-13.6628606007879,28.3904659497876,1428,100
-13.6588171640977,28.4052094028416,1429,100
-13.656087369791,28.4176913218739,1430,100
-13.6505961345541,28.4262948158845,1431,100
-13.6455774148116,28.4360520764383,1432,100
-13.6398556035442,28.4445818024309,1433,100
-13.6333753346578,28.4557190001795,1434,100
-13.6304145323527,28.466891326315,1435,100
-13.6274369657681,28.4793080604356,1436,100
-13.628684663334,28.4917673839197,1437,100
-13.6285237487414,28.5042124721456,1438,100
-13.6269698492296,28.5153987984468,1439,100
-13.6268247071362,28.52659933189,1440,100
-13.6238447373193,28.5390158090599,1441,100
-13.6208153475891,28.5551656585349,1442,100
-13.6206043834488,28.5713440639973,1443,100
-13.619048351282,28.5825301293544,1444,100
-13.617467507217,28.5955828754893,1445,100
-13.6144923096472,28.6073766788382,1446,100
-13.6129512894661,28.6173180970404,1447,100
-13.6128122266814,28.6278961576006,1448,100
-13.6112296859948,28.6409486960623,1449,100
-13.6124683384574,28.6540301160853,1450,100
-13.6108770120876,28.6677048208278,1451,100
-13.6097912802816,28.6792331154751,1452,100
-13.6048424551016,28.6958614506927,1453,100
-13.6087355099686,28.6875619070771,1454,100
-13.6028402995108,28.7041803999783,1455,100
-13.5998697426787,28.7141571985874,1456,100
-13.5978890362433,28.720808342607,1457,100
-13.5920794587163,28.7307554517594,1458,100
-13.586336104327,28.7356992435893,1459,100
-13.5777539460389,28.7406129347161,1460,100
-13.5709951450528,28.7505490429108,1461,100
-13.5690004653756,28.7580334678596,1462,100
-13.5660819689289,28.7638401537045,1463,100
-13.5612361324194,28.7721280830242,1464,100
-13.5611102537398,28.7813001244423,1465,100
-13.5572326432573,28.7879302913323,1466,100
-13.5505148390432,28.7945298651237,1467,100
-13.5448007267518,28.7969702108675,1468,100
-13.5353116146884,28.7985354644448,1469,100
-13.5285917682659,28.8051338628781,1470,100
-13.521882843694,28.8108980866429,1471,100
-13.5142145973137,28.8174853236473,1472,100
-13.5056342998685,28.8215602128836,1473,100
-13.4979642608341,28.828146449853,1474,100
-13.4846601869877,28.8313333554548,1475,100
-13.4922471554109,28.8305844461285,1476,100
-13.4750942929925,28.8378969160108,1477,100
-13.4674456110872,28.8428137276546,1478,100
-13.458898383851,28.8443841568026,1479,100
-13.4493544671356,28.8492782305551,1480,100
-13.4417162193281,28.8533597294075,1481,100
-13.4340523957523,28.8591082964861,1482,100
-13.4292291696391,28.8648895321815,1483,100
-13.423433030687,28.8723270079495,1484,100
-13.4176486899572,28.8789304405425,1485,100
-13.4109162837872,28.885522420306,1486,100
