Linea,ID_Punto,Latitud,Longitud,Alt_Ortometrica,Alt_Elipsoidal,Precision_m,Gravedad_mGal
Tenerife,930003,28° 28' 13'',- 16° 14' 50'',10.1490,no encontrada,no encontrada,979398.9
Tenerife,931001,28° 28' 32'',- 16° 14' 56'',28.5925,no encontrada,no encontrada,979394.79
Tenerife,931002,28° 28' 19'',- 16° 15' 19'',52.7189,no encontrada,no encontrada,979388.87
Tenerife,931003,28° 28' 11'',- 16° 15' 35'',62.3199,no encontrada,no encontrada,979386.13
Tenerife,931004,28° 27' 52'',- 16° 15' 44'',72.8529,no encontrada,no encontrada,979381.98
Tenerife,931005,28° 27' 33'',- 16° 15' 50'',75.2698,no encontrada,no encontrada,979379.1
Tenerife,932001,28° 27' 32'',- 16° 15' 22'',49.0165,no encontrada,no encontrada,979383.38
Tenerife,932002,28° 27' 34'',- 16° 15' 12'',18.9541,no encontrada,no encontrada,979389.69
Tenerife,932003,28° 27' 40'',- 16° 14' 57'',4.3687,no encontrada,no encontrada,979392.01
Tenerife,932004,"28° 27' 58,2682''","- 16° 14' 50,2146''",4.7428,48315,0.05,979394.77
Tenerife,932005,28° 28' 15'',- 16° 14' 49'',8.7556,no encontrada,no encontrada,979396.41
Tenerife,932006,28° 28' 23'',- 16° 14' 50'',8.8779,51,no encontrada,979399.06
Tenerife,932007,28° 28' 43'',- 16° 14' 37'',8.9121,no encontrada,no encontrada,979398.07
Tenerife,932009,"28° 28' 35,3852''","- 16° 14' 47,0112''",11.1178,55081,0.05,9793988.92
Tenerife,932010,"28° 28' 39,8461''","- 16° 14' 41,7327''",8.8193,52994,0.05,9793993.14
Tenerife,932011,"28° 28' 35,3852''","- 16° 14' 46,5269''",11.1248,55081,0.05,9793988.92
Tenerife,932015,"28° 28' 39,8461''","- 16° 14' 46,5269''",8.8263,52994,0.05,9793993.14
Tenerife,932016,"28° 28' 40,4273''","- 16° 14' 46,5269''",10.1562,no encontrada,no encontrada,979398.9
Tenerife,932017,"28° 28' 37,6042''","- 16° 14' 46,5269''",3.7725,47653,0.05,979399074
Tenerife,932018,28° 34' 21'',- 16° 14' 47'',4.1682,no encontrada,no encontrada,979399382
Tenerife,933001,28° 27' 22'',- 16° 16' 01'',84.3081,no encontrada,no encontrada,979376.31
Tenerife,933002,28° 27' 06'',- 16° 16' 17'',105.2885,no encontrada,no encontrada,979369.81
Tenerife,933003,"28° 26' 49,9600''","- 16° 16' 28,6600''",118.7142,163053,no encontrada,979364.31
Tenerife,934001,28° 27' 01'',- 16° 16' 39'',169.9857,no encontrada,no encontrada,979356.11
Tenerife,934002,28° 26' 57'',- 16° 16' 51'',172.0708,no encontrada,no encontrada,979356.12
Tenerife,934003,28° 26' 53'',- 16° 17' 01'',214.0944,no encontrada,no encontrada,979347.22
Tenerife,934004,"28° 26' 52,8600''","- 16° 17' 00,7300''",214.9611,259480,no encontrada,979347.03
Tenerife,934005,"28° 26' 48,5200''","- 16° 17' 21,4800''",257.0595,301434,no encontrada,979338.56
Tenerife,934006,28° 27' 01'',- 16° 17' 28'',297.1634,no encontrada,no encontrada,979333.01
Tenerife,934007,28° 27' 25'',- 16° 17' 37'',341.3372,no encontrada,no encontrada,979326.52
Tenerife,934008,28° 27' 38'',- 16° 17' 51'',375.3891,no encontrada,no encontrada,979321.15
Tenerife,934009,"28° 27' 38,2300''","- 16° 17' 51,4300''",378.1839,422809,no encontrada,979320.72
Tenerife,934010,28° 27' 58'',- 16° 18' 11'',432.2710,no encontrada,no encontrada,979312.58
Tenerife,934011,28° 28' 15'',- 16° 18' 28'',467.3186,no encontrada,no encontrada,979309.14
Tenerife,934012,28° 28' 35'',- 16° 18' 49'',511.7489,no encontrada,no encontrada,979304.25
Tenerife,934013,28° 28' 35'',- 16° 18' 49'',512.3449,no encontrada,no encontrada,979304.24
Tenerife,934014,28° 28' 46'',- 16° 18' 60'',534.1926,no encontrada,no encontrada,979301.65
Tenerife,938001,"28° 19' 06,3476''","- 16° 24' 42,1058''",306.9122,353062,no encontrada,979339.9
Tenerife,938002,"28° 19' 29,5882''","- 16° 24' 39,1309''",338.1419,384414,0.05,979334.23
Tenerife,938003,"28° 19' 50,4166''","- 16° 24' 47,8040''",369.0411,415329,0.05,979328.68
Tenerife,938004,"28° 20' 09,8213''","- 16° 24' 56,7956''",417.6535,464015,0.05,979319.39
Tenerife,938005,"28° 20' 32,5025''","- 16° 25' 00,9887''",439.9528,486251,0.05,979314.85
Tenerife,938007,"28° 20' 41,2249''","- 16° 25' 07,8662''",464.2596,510661,0.05,979310.41
Tenerife,938008,"28° 20' 56,5259''","- 16° 25' 05,0754''",506.0638,552428,0.05,979300.76
Tenerife,938009,"28° 21' 10,3537''","- 16° 24' 50,8967''",540.1458,586457,0.05,979292.2
Tenerife,938010,"28° 21' 28,8387''","- 16° 24' 46,0290''",589.6318,635946,0.05,979280.91
Tenerife,938011,"28° 21' 22,5232''","- 16° 25' 04,3652''",641.2678,687656,0.05,979271.01
Tenerife,938013,"28° 21' 15,1510''","- 16° 25' 27,7827''",687.6762,734142,no encontrada,979262.4
Tenerife,938014,"28° 21' 14,3077''","- 16° 25' 34,7126''",739.1348,782281,0.05,979252.27
Tenerife,938015,"28° 21' 27,3493''","- 16° 25' 37,4376''",793.5247,840072,0.05,979240.59
Tenerife,938016,"28° 21' 31,6255''","- 16° 25' 47,5483''",870.1231,918670,0.05,979224.72
Tenerife,938017,"28° 21' 26,3827''","- 16° 26' 03,3242''",930.9187,977293,no encontrada,979212.94
Tenerife,938019,"28° 21' 48,6444''","- 16° 25' 54,3653''",991.2501,1037890,0.05,979199.59
Tenerife,938020,"28° 22' 01,8846''","- 16° 25' 47,6498''",1034.9567,1082364,0.05,979189.63
Tenerife,938021,"28° 22' 17,8846''","- 16° 25' 39,6580''",1104.3594,1151438,0.05,979174.06
Tenerife,938022,"28° 22' 43,1203''","- 16° 25' 30,2610''",1174.7008,1220330,0.05,979159.1
Tenerife,938023,"28° 22' 31,7937''","- 16° 25' 57,0228''",1243.4571,1290356,0.05,979145.51
Tenerife,938025,"28° 22' 51,3888''","- 16° 25' 43,4630''",1306.9940,1353358,0.05,979130.02
Tenerife,938026,"28° 23' 02,3971''","- 16° 25' 54,1643''",1376.5845,1422907,0.05,979115.3
Tenerife,938027,"28° 22' 49,5071''","- 16° 26' 10,0596''",1450.3657,1497094,0.05,979099.9
Tenerife,938028,"28° 22' 41,4''","- 16° 26' 28,0''",1518.7149,1568,no encontrada,979081.36
Tenerife,938030,"28° 22' 46,5592''","- 16° 26' 50,7799''",1601.3199,1648007,0.05,979066.02
Tenerife,938031,"28° 23' 10,5145''","- 16° 26' 59,1861''",1652.0019,1698695,0.05,979052.9
Tenerife,938032,"28° 23' 18,4582''","- 16° 26' 56,7607''",1679.0767,1725604,0.05,979043.99
Tenerife,939001,"28° 18' 29,7906''","- 16° 23' 23,5171''",125.7641,172087,0.05,979373.55
Tenerife,939002,"28° 18' 42,6422''","- 16° 23' 47,4325''",173.8134,219713,0.05,979364.64
Tenerife,939003,"28° 18' 46,8650''","- 16° 24' 14,2571''",221.1426,266885,0.05,979356.53
Tenerife,939004,"28° 18' 45,8831''","- 16° 24' 38,2031''",267.6167,313906,0.05,979346.8
Tenerife,942001,"28° 07' 01,9228''","- 16° 34' 56,4691''",704.6466,750909,0.05,979242.99
Tenerife,942002,"28° 07' 04,9114''","- 16° 35' 20,9559''",754.6965,800918,0.05,979234.63
Tenerife,942003,"28° 07' 27,1137''","- 16° 35' 22,4856''",795.3020,843941,0.05,979227.74
Tenerife,942004,"28° 07' 37,5787''","- 16° 35' 42,9639''",837.2259,883691,no encontrada,979222.32
Tenerife,942005,"28° 07' 48,2581''","- 16° 35' 52,7872''",857.9858,904500,no encontrada,979220.33
Tenerife,942007,"28° 07' 59,8637''","- 16° 36' 02,7188''",894.3520,940926,0.05,979214.46
Tenerife,942008,"28° 07' 54,5208''","- 16° 36' 24,4517''",937.1555,983702,0.05,979206.42
Tenerife,942009,"28° 07' 54,4876''","- 16° 36' 45,6221''",982.5956,1029310,0.05,979198.87
Tenerife,942010,"28° 07' 58,6811''","- 16° 36' 55,6305''",1021.8641,1068596,0.05,979191.1
Tenerife,942011,"28° 08' 15,5773''","- 16° 36' 53,8396''",1066.3782,1111391,0.05,979183.3
Tenerife,942012,"28° 08' 16,4256''","- 16° 37' 02,4166''",1124.6079,1171430,0.05,979170.71
Tenerife,942014,"28° 08' 28,0''","- 16° 37' 17,9''",1165.6129,1210,no encontrada,979165.07
Tenerife,942015,"28° 08' 27,2001''","- 16° 37' 08,2789''",1205.5867,1251227,0.05,979154.25
Tenerife,942016,"28° 08' 44,5500''","- 16° 37' 29,2615''",1257.5939,1305388,0.05,979149.02
Tenerife,942017,"28° 08' 52,5143''","- 16° 37' 40,7434''",1289.8332,1336907,0.05,979143.72
Tenerife,942018,"28° 09' 09,4750''","- 16° 38' 02,2536''",1335.9445,1383751,0.05,979136.63
Tenerife,942019,"28° 09' 11,5390''","- 16° 38' 22,8441''",1376.8301,1424054,0.05,979127
Tenerife,943003,"28° 14' 32,2563''","- 16° 47' 47,0287''",731.9612,778842,0.05,979261.38
Tenerife,943004,"28° 14' 18,2998''","- 16° 47' 25,2014''",780.7143,827628,0.05,979252.04
Tenerife,943005,"28° 14' 08,4625''","- 16° 47' 04,0667''",819.9248,866883,0.05,979244.8
Tenerife,943006,"28° 13' 49,8197''","- 16° 46' 41,9756''",864.1802,911243,0.05,979238.25
Tenerife,943007,"28° 13' 41,0407''","- 16° 46' 12,9541''",912.6381,959800,0.05,979231.21
Tenerife,943009,"28° 13' 30,9980''","- 16° 45' 39,9958''",977.3100,1024512,0.05,979220.36
Tenerife,943010,"28° 13' 26,1074''","- 16° 45' 13,5870''",1033.4044,1080804,0.05,979212.01
Tenerife,943011,"28° 13' 46,2767''","- 16° 45' 34,6213''",1082.0348,1129359,0.05,979197.27
Tenerife,943012,"28° 14' 09,0436''","- 16° 45' 34,9522''",1129.5746,1176958,0.05,979186.48
Tenerife,943013,"28° 14' 26,4968''","- 16° 45' 49,3526''",1169.1302,1216332,0.05,979176.22
Tenerife,943015,"28° 14' 46,0665''","- 16° 45' 54,2308''",1207.8270,1255048,0.05,979167.03
Tenerife,943016,"28° 15' 11,9140''","- 16° 46' 02,5138''",1254.9382,1302225,0.05,979155.64
Tenerife,943017,"28° 15' 38,3902''","- 16° 46' 12,5743''",1303.3414,1350978,0.05,979145.88
Tenerife,943018,28° 16' 010'',- 16° 46' 08'',1362.9634,1409,no encontrada,979134.09
Tenerife,943019,"28° 16' 41,6949''","- 16° 46' 03,3176''",1422.2699,1470798,0.05,979018.43
Tenerife,943020,"28° 17' 04,8542''","- 16° 45' 48,2942''",1458.3231,1506841,0.05,979011.51
Tenerife,943022,28° 16' 47'',- 16° 45' 30'',1503.7778,1555,no encontrada,979000.83
Tenerife,943023,"28° 16' 22,7020''","- 16° 45' 16,7537''",1550.5447,1597888,0.05,978989.96
Tenerife,943025,"28° 15' 55,7221''","- 16° 44' 33,8377''",1639.2381,1686720,0.05,978973.8
Tenerife,943026,"28° 15' 50,3344''","- 16° 44' 14,9852''",1690.1909,1736553,0.05,978963.39
Tenerife,943027,"28° 16' 20,3888''","- 16° 44' 11,5579''",1735.4421,1782981,0.05,978952.24
Tenerife,943029,"28° 16' 32,0118''","- 16° 43' 46,2295''",1795.6950,1843272,0.05,978939.66
Tenerife,943030,"28° 16' 03,1834''","- 16° 43' 41,6829''",1860.4976,1908440,0.05,979024.72
Tenerife,943031,"28° 15' 42,5752''","- 16° 43' 18,7569''",1911.6315,1959473,0.05,979017.32
Tenerife,943032,"28° 15' 18,4406''","- 16° 42' 53,4308''",1969.1578,2017114,0.05,979007.59
Tenerife,943033,"28° 14' 58,8826''","- 16° 42' 29,5925''",2020.7492,2068802,0.05,978999.71
Tenerife,943034,"28° 14' 31,3582''","- 16° 42' 10,1300''",2080.6982,2128723,0.05,978989.59
Tenerife,943036,"28° 14' 08,7317''","- 16° 41' 46,1443''",2084.6434,2132710,0.05,978993.37
Tenerife,943037,"28° 13' 42,2983''","- 16° 41' 25,5206''",2088.2449,2136358,0.05,978995.04
Tenerife,943038,"28° 13' 16,3007''","- 16° 41' 04,5419''",2060.6900,2108799,0.05,979001.06
Tenerife,944002,"28° 22' 04,6691''","- 16° 44' 02,8143''",363.5657,410087,0.05,979329.67
Tenerife,944003,"28° 21' 51,4783''","- 16° 43' 43,0486''",412.6208,459255,0.05,979320.22
Tenerife,944004,"28° 21' 48,9993''","- 16° 44' 06,7402''",470.3764,516923,0.05,979309.07
Tenerife,944005,"28° 21' 34,3775''","- 16° 43' 56,1700''",540.2500,586881,0.05,979295.04
Tenerife,944006,"28° 21' 26,2333''","- 16° 43' 57,1094''",593.6845,642296,0.05,979283.73
Tenerife,944008,"28° 21' 21,3025''","- 16° 43' 54,6365''",642.2131,688968,0.05,979273.94
Tenerife,944009,"28° 21' 19,9123''","- 16° 44' 15,3811''",661.0458,707744,0.05,979270.38
Tenerife,944010,"28° 21' 13,8490''","- 16° 44' 32,9675''",708.6132,755387,0.05,979260.95
Tenerife,944011,"28° 20' 58,6093''","- 16° 44' 52,2882''",791.0493,837856,0.05,979245.57
Tenerife,944012,"28° 20' 44,9700''","- 16° 45' 07,1805''",851.5275,898355,0.05,979234.19
Tenerife,944013,"28° 20' 27,6468''","- 16° 45' 19,3655''",922.9260,969800,0.05,979220.24
Tenerife,944015,28° 20' 09'',- 16° 45' 32'',983.6342,1030,no encontrada,979208.24
Tenerife,944016,"28° 19' 58,5984''","- 16° 45' 23,9157''",1037.9027,1086649,0.05,979196.66
Tenerife,944017,"28° 19' 53,3828''","- 16° 45' 57,5316''",1057.0431,1104022,0.05,979193.08
Tenerife,944018,"28° 19' 49,0786''","- 16° 46' 32,9863''",1071.0409,1117928,0.05,979191.77
Tenerife,944020,"28° 19' 48,6772''","- 16° 47' 09,4762''",1071.3737,no encontrada,no encontrada,979193.24
Tenerife,944021,"28° 19' 30,8114''","- 16° 47' 36,2231''",1122.1484,1168893,0.05,979184.74
Tenerife,944022,"28° 19' 06,1021''","- 16° 47' 49,6491''",1133.7563,1180611,0.05,979186.5
Tenerife,945001,"28° 22' 33,5839''","- 16° 35' 12,9606''",383.0350,429945,0.05,979328.22
Tenerife,945002,"28° 22' 33,0146''","- 16° 35' 28,0950''",420.5004,467437,0.05,979318.5
Tenerife,945003,"28° 22' 24,3412''","- 16° 35' 21,0106''",468.6877,515655,0.05,979308.42
Tenerife,945004,"28° 22' 25,7096''","- 16° 35' 39,1578''",522.2105,569161,0.05,979295.02
Tenerife,945006,"28° 22' 42,8795''","- 16° 35' 47,6127''",508.1089,554953,0.05,979295.9
Tenerife,945007,"28° 22' 59,8706''","- 16° 36' 10,3898''",521.0719,567799,0.05,979290.18
Tenerife,945008,"28° 23' 04,6712''","- 16° 36' 15,9996''",572.9144,619609,0.05,979277.07
Tenerife,945009,"28° 22' 48,1319''","- 16° 36' 15,8156''",673.6211,720400,0.05,979258.95
Tenerife,945010,"28° 22' 35,0652''","- 16° 36' 16,5965''",756.9365,803780,0.05,979242.59
Tenerife,945011,"28° 22' 44,1214''","- 16° 36' 34,2741''",704.0221,750840,0.05,979253.96
Tenerife,945012,"28° 22' 34,9802''","- 16° 36' 38,1926''",757.3940,804265,0.05,979243.2
Tenerife,945014,"28° 22' 13,0481''","- 16° 36' 45,9626''",849.8487,896886,0.05,979224.75
Tenerife,945015,"28° 21' 53,0695''","- 16° 37' 04,7094''",893.7957,941018,0.05,979216.09
Tenerife,945016,"28° 21' 43,6181''","- 16° 37' 25,1506''",887.5839,934834,0.05,979219.16
Tenerife,945017,"28° 21' 42,3515''","- 16° 37' 49,9922''",889.3750,936569,0.05,979219.87
Tenerife,945019,"28° 21' 50,3''","- 16° 38' 18,7''",831.3365,877,no encontrada,979230.03
Tenerife,945020,28° 22' 20'',- 16° 39' 14'',786.4472,565,no encontrada,979242.81
Tenerife,945021,"28° 21' 49,4594''","- 16° 39' 09,0907''",742.3142,789362,0.05,979251.19
Tenerife,945022,"28° 21' 39,8693''","- 16° 39' 31,8040''",713.6700,762977,0.05,979258.6
Tenerife,945023,"28° 21' 52,3''","- 16° 39' 40,1''",644.3351,692,no encontrada,979272.08
Tenerife,945024,"28° 22' 09,6884''","- 16° 39' 30,6840''",579.2254,626132,0.05,979283.94
Tenerife,945026,28° 22' 20'',- 16° 39' 14'',514.5657,566,no encontrada,979298.38
Tenerife,945027,"28° 22' 30,2104''","- 16° 39' 27,1031''",462.2838,510671,0.05,979307.8
Tenerife,945028,"28° 22' 32,3195''","- 16° 39' 48,4444''",422.0304,468826,0.05,979316.59
Tenerife,945029,"28° 22' 30,8238''","- 16° 40' 07,8023''",394.4551,442357,0.05,979323.25
Tenerife,945031,"28° 22' 32,6885''","- 16° 40' 20,2144''",353.2834,399835,0.05,979332.12
Tenerife,945032,"28° 22' 28,5729''","- 16° 40' 43,6158''",331.0587,374602,0.05,979336.87
Tenerife,945033,"28° 22' 38,6684''","- 16° 41' 04,5332''",277.7031,324352,0.05,979348.22
Tenerife,946001,"28° 22' 49,6''","- 16° 35' 03,5''",341.1426,394,no encontrada,979338.54
Tenerife,946002,"28° 23' 06,4701''","- 16° 35' 03,0341''",279.3562,326070,0.05,979351.3
Tenerife,946003,"28° 23' 18,6934''","- 16° 35' 03,0083''",234.4080,281061,0.05,979360.75
Tenerife,946004,"28° 23' 28,2622''","- 16° 34' 43,5204''",219.5620,266149,0.05,979364.47
Tenerife,947001,"28° 18' 38,4693''","- 16° 34' 12,3003''",1992.3013,2040211,0.05,978993.91
Tenerife,947002,"28° 18' 44,8073''","- 16° 34' 08,7630''",1948.6405,1996510,0.05,979003.62
Tenerife,947003,"28° 18' 52,1792''","- 16° 34' 31,3038''",1903.9744,1951869,0.05,979013.26
Tenerife,947004,"28° 19' 00,9090''","- 16° 34' 12,9155''",1854.1841,1902050,0.05,979023.73
Tenerife,947006,"28° 19' 01,8079''","- 16° 33' 43,3838''",1804.0236,1851841,0.05,979035.47
Tenerife,947007,"28° 19' 11,2929''","- 16° 33' 22,3547''",1752.1928,1799974,0.05,979045.72
Tenerife,947008,"28° 19' 19,9877''","- 16° 32' 54,0486''",1709.8072,1757534,0.05,979054.23
Tenerife,947009,"28° 19' 17,2591''","- 16° 32' 29,2582''",1667.3432,1715101,0.05,979064.39
Tenerife,947010,"28° 19' 29,7697''","- 16° 32' 08,3392''",1618.4816,1666810,0.05,979076.03
Tenerife,947011,28° 19' 56'',- 16° 31' 53'',1558.8206,no encontrada,no encontrada,979088.58
Tenerife,947013,"28° 20' 17,0571''","- 16° 31' 38,2993''",1508.4006,1556114,0.05,979099.04
Tenerife,947014,"28° 20' 32,3932''","- 16° 31' 20,5508''",1463.6732,1510336,0.05,979108.55
Tenerife,947015,"28° 20' 50,8774''","- 16° 30' 55,7369''",1399.0824,1446737,0.05,979122.92
Tenerife,947017,28° 20' 53'',- 16° 31' 010'',1351.2265,no encontrada,no encontrada,979132.52
Tenerife,947018,"28° 20' 55,2345''","- 16° 31' 23,8515''",1305.7820,1353007,0.05,979142.39
Tenerife,947019,"28° 21' 05,3589''","- 16° 31' 19,3164''",1245.3138,1292638,0.05,979155.29
Tenerife,947020,"28° 21' 19,0438''","- 16° 30' 53,0726''",1192.9268,1241908,0.05,979167.31
Tenerife,947021,"28° 21' 26,0990''","- 16° 30' 23,3827''",1144.0974,1191295,0.05,979178.95
Tenerife,947022,"28° 21' 39,7750''","- 16° 29' 56,4961''",1088.4835,1135614,0.05,979190.19
Tenerife,947024,"28° 21' 48,9332''","- 16° 29' 59,8835''",1033.4041,1080475,0.05,979201.98
Tenerife,947025,"28° 21' 56,8050''","- 16° 30' 24,1940''",984.2168,1031275,0.05,979211.62
Tenerife,947026,"28° 21' 54,6512''","- 16° 30' 52,9564''",927.4284,974536,0.05,979222.75
Tenerife,947027,"28° 21' 59,3125''","- 16° 31' 17,4984''",875.9419,923036,0.05,979232.06
Tenerife,947028,"28° 22' 00,5326''","- 16° 31' 42,7377''",823.8254,870813,0.05,979242.03
Tenerife,947030,"28° 21' 58,1372''","- 16° 32' 03,3160''",841.7808,888901,0.05,979236.26
Tenerife,947031,"28° 21' 46,7314''","- 16° 32' 07,0376''",903.2445,950448,0.05,979224.66
Tenerife,947032,"28° 21' 41,2964''","- 16° 32' 37,7675''",906.6331,953807,0.05,979223.26
Tenerife,947033,"28° 21' 39,6893''","- 16° 33' 04,9718''",874.1241,921314,0.05,979228.42
Tenerife,947035,"28° 21' 35,4470''","- 16° 33' 40,5886''",811.5305,858637,0.05,979241.42
Tenerife,947036,"28° 21' 39,0971''","- 16° 34' 15,2811''",742.0541,789249,0.05,979255.3
Tenerife,947037,"28° 21' 45,2168''","- 16° 34' 19,7456''",694.3042,741498,0.05,979265.28
Tenerife,947038,"28° 21' 58,6111''","- 16° 34' 35,1243''",646.4191,693538,0.05,979274.57
Tenerife,947039,"28° 22' 00,4255''","- 16° 34' 59,6140''",594.5264,641629,0.05,979283.65
Tenerife,947040,"28° 22' 11,2506''","- 16° 34' 47,9999''",540.2625,587310,0.05,979296.45
Tenerife,947042,"28° 22' 26,6393''","- 16° 34' 21,9740''",504.0094,550998,0.05,979306.12
Tenerife,947043,"28° 22' 39,2012''","- 16° 34' 31,7239''",433.2515,480075,0.05,979320.18
Tenerife,947044,"28° 22' 39,3''","- 16° 34' 46,8''",399.6373,446,no encontrada,979326.26
Tenerife,10935002,"28° 03' 13,9722''","- 16° 40' 44,1018''",111.0242,155960,0.05,979372.15
Tenerife,10935003,28° 03' 14'',- 16° 40' 43'',109.6442,no encontrada,no encontrada,979371.9
Tenerife,10935004,28° 03' 14'',- 16° 40' 43'',109.4228,no encontrada,no encontrada,979371.91
Tenerife,10935005,28° 03' 10'',- 16° 40' 37'',116.5873,no encontrada,no encontrada,979368.07
Tenerife,10935006,28° 03' 06'',- 16° 40' 15'',135.0607,no encontrada,no encontrada,979364.98
Tenerife,10935007,"28° 03' 07,6000''","- 16° 39' 52,6300''",162.6210,207421,0.05,979358.93
Tenerife,10935008,28° 03' 09'',- 16° 39' 32'',175.5397,no encontrada,no encontrada,979356.6
Tenerife,10935009,"28° 03' 10,5400''","- 16° 39' 12,4000''",181.4387,226285,0.05,979355.28
Tenerife,10935010,28° 03' 11'',- 16° 38' 53'',187.4430,no encontrada,no encontrada,979353.55
Tenerife,10935011,28° 03' 11'',- 16° 38' 28'',172.0028,no encontrada,no encontrada,979355.51
Tenerife,10935012,"28° 03' 09,0639''","- 16° 38' 21,1146''",172.2327,217082,0.05,979355.47
Tenerife,10935013,28° 03' 02'',- 16° 37' 59'',156.2203,no encontrada,no encontrada,979357.23
Tenerife,10935014,28° 02' 59'',- 16° 37' 34'',144.0627,no encontrada,no encontrada,979357.66
Tenerife,10935015,28° 03' 01'',- 16° 37' 25'',141.5831,no encontrada,no encontrada,979357.23
Tenerife,10935016,28° 03' 02'',- 16° 37' 25'',145.6770,no encontrada,no encontrada,979355.47
Tenerife,10935017,28° 03' 02'',- 16° 37' 25'',146.0857,no encontrada,no encontrada,979356.39
Tenerife,10935018,28° 03' 05'',- 16° 36' 43'',133.0762,no encontrada,no encontrada,979357.05
Tenerife,10935019,28° 03' 07'',- 16° 36' 32'',126.4038,no encontrada,no encontrada,979356.74
Tenerife,10935020,28° 03' 11'',- 16° 35' 53'',132.8946,no encontrada,no encontrada,979353.02
Tenerife,10935021,"28° 03' 19,3600''","- 16° 35' 28,2100''",142.5432,187275,0.05,979352.14
Tenerife,10935022,28° 03' 18'',- 16° 35' 28'',142.2982,no encontrada,no encontrada,979352.15
Tenerife,10935023,28° 03' 25'',- 16° 35' 08'',144.7292,no encontrada,no encontrada,979351.2
Tenerife,10935024,28° 03' 34'',- 16° 34' 46'',140.9274,no encontrada,no encontrada,979351.63
Tenerife,10935025,28° 03' 46'',- 16° 34' 25'',135.0054,no encontrada,no encontrada,979352.56
Tenerife,10935026,28° 03' 47'',- 16° 34' 26'',136.9795,no encontrada,no encontrada,979352.1
Tenerife,10935027,"28° 03' 52,3258''","- 16° 34' 16,8105''",138.4230,183321,0.05,979351.51
Tenerife,10935028,"28° 04' 05,2247''","- 16° 33' 46,3191''",158.0336,203132,0.05,979346.54
Tenerife,10935029,"28° 03' 37,5513''","- 16° 42' 00,5924''",113.8202,160475,0.05,979372.93
Tenerife,10935030,"28° 03' 33,2893''","- 16° 41' 27,2696''",153.2892,199106,0.05,979363.14
Tenerife,10935031,"28° 03' 19,8057''","- 16° 40' 59,0653''",122.3232,164239,0.05,979368.76
Tenerife,10936001,"28° 25' 33,9433''","- 16° 29' 51,1220''",550.3128,311517,0.05,979300.84
Tenerife,10936002,"28° 29' 20,7500''","- 16° 18' 58,4700''",550.3147,594963,0.05,979300.53
Tenerife,10936003,28° 29' 20'',- 16° 18' 59'',561.4062,no encontrada,no encontrada,979300.68
Tenerife,10936004,"28° 29' 24,7''","- 16° 19' 44,1''",572.7143,618,no encontrada,979299.32
Tenerife,10936005,28° 29' 24'',- 16° 20' 09'',585.2092,no encontrada,no encontrada,979298.74
Tenerife,10936006,"28° 29' 23,0284''","- 16° 20' 25,0402''",600.7341,645550,0.05,979296.21
Tenerife,10936007,28° 29' 24'',- 16° 20' 39'',602.3576,no encontrada,no encontrada,979295.79
Tenerife,10936008,"28° 29' 24,2200''","- 16° 20' 53,8600''",627.9534,672582,no encontrada,979290.42
Tenerife,10936009,28° 29' 27'',- 16° 21' 22'',625.3965,no encontrada,no encontrada,979294.01
Tenerife,10936010,no encontrada,no encontrada,626.9003,no encontrada,no encontrada,979294.23
Tenerife,10936011,28° 29' 29'',- 16° 21' 44'',627.6065,no encontrada,no encontrada,979294.02
Tenerife,10936012,"28° 29' 32,3900''","- 16° 22' 00,4000''",618.2933,663346,0.05,979297.12
Tenerife,10936013,"28° 29' 32,2800''","- 16° 22' 23,9800''",610.9643,655970,0.05,979298.68
Tenerife,10936014,28° 29' 32'',- 16° 22' 43'',606.0127,652,no encontrada,979299.02
Tenerife,10936015,"28° 29' 17,8''","- 16° 22' 56,1''",595.8862,641,no encontrada,979300.82
Tenerife,10936016,"28° 29' 16,4''","- 16° 22' 59,8''",589.3885,636,no encontrada,979301.89
Tenerife,10936017,"28° 29' 14,2000''","- 16° 23' 14,6700''",581.5508,626689,0.05,979302.45
Tenerife,10936018,"28° 29' 03,9000''","- 16° 23' 25,4700''",592.6590,637849,0.05,979299.07
Tenerife,10936019,28° 28' 50'',- 16° 23' 52'',587.1230,no encontrada,no encontrada,979297.45
Tenerife,10936020,28° 28' 45'',- 16° 23' 60'',588.7271,no encontrada,no encontrada,979295.56
Tenerife,10936021,28° 28' 39'',- 16° 24' 09'',582.1926,no encontrada,no encontrada,979295.89
Tenerife,10936022,28° 28' 34'',- 16° 24' 31'',576.7825,620,no encontrada,979294.97
Tenerife,10936023,28° 28' 34'',- 16° 24' 43'',551.1386,no encontrada,no encontrada,979297.57
Tenerife,10936024,28° 28' 28'',- 16° 25' 01'',536.6205,no encontrada,no encontrada,979298.93
Tenerife,10936025,28° 28' 21'',- 16° 25' 21'',508.3733,no encontrada,no encontrada,979302.39
Tenerife,10936026,28° 28' 22'',- 16° 25' 41'',468.0126,no encontrada,no encontrada,979308.01
Tenerife,10936027,"28° 28' 13,2149''","- 16° 25' 59,8601''",466.9643,512190,0.05,979308.22
Tenerife,10936028,28° 28' 13'',- 16° 25' 60'',465.1630,no encontrada,no encontrada,979308.65
Tenerife,10936029,28° 27' 56'',- 16° 26' 13'',433.7189,no encontrada,no encontrada,979314.74
Tenerife,10936030,28° 27' 48'',- 16° 26' 32'',416.8070,no encontrada,no encontrada,979316.55
Tenerife,10936031,28° 27' 41'',- 16° 26' 44'',396.5240,no encontrada,no encontrada,979320.5
Tenerife,10936032,28° 27' 34'',- 16° 26' 57'',376.5065,no encontrada,no encontrada,979323.43
Tenerife,10936033,"28° 27' 34,3700''","- 16° 26' 56,8900''",376.1132,416578,no encontrada,979323.44
Tenerife,10936034,28° 27' 29'',- 16° 27' 05'',359.9371,no encontrada,no encontrada,979325.13
Tenerife,10936035,28° 27' 17'',- 16° 27' 26'',345.1897,no encontrada,no encontrada,979329.28
Tenerife,10936036,28° 27' 05'',- 16° 27' 35'',328.7105,no encontrada,no encontrada,979334.46
Tenerife,10936037,"28° 26' 36,0900''","- 16° 27' 58,4300''",311.7077,357638,no encontrada,979339.36
Tenerife,10936038,28° 26' 20'',- 16° 28' 18'',278.4725,no encontrada,no encontrada,979347.31
Tenerife,10936039,28° 26' 13'',- 16° 28' 33'',266.7258,no encontrada,no encontrada,979349.97
Tenerife,10936040,28° 26' 05'',- 16° 28' 47'',240.3571,no encontrada,no encontrada,979356.42
Tenerife,10936041,28° 25' 56'',- 16° 29' 03'',230.8681,no encontrada,no encontrada,979359.14
Tenerife,10936042,28° 25' 42'',- 16° 29' 18'',247.9252,no encontrada,no encontrada,979356.2
Tenerife,10936043,28° 25' 36'',- 16° 29' 38'',260.0540,no encontrada,no encontrada,979353.67
Tenerife,10936044,"28° 25' 36,1''","- 16° 29' 37,6''",257.8761,305,no encontrada,979354.18
Tenerife,10936045,"28° 26' 50,0009''","- 16° 27' 47,5870''",264.8438,374371,0.05,979351.82
Tenerife,10936046,"28° 25' 12,7966''","- 16° 30' 10,7739''",289.4176,335438,0.05,979347.13
Tenerife,10936047,"28° 24' 59,9700''","- 16° 30' 21,9700''",282.5062,328685,0.05,979349.24
Tenerife,10936048,"28° 24' 41,1196''","- 16° 30' 33,8233''",251.5812,297837,0.05,979357.3
Tenerife,10936049,28° 24' 42'',- 16° 30' 33'',249.4940,no encontrada,no encontrada,979357.79
Tenerife,10936050,28° 24' 41'',- 16° 30' 34'',247.9886,no encontrada,no encontrada,979358.13
Tenerife,10936051,28° 24' 21'',- 16° 30' 42'',233.8727,no encontrada,no encontrada,979363.48
Tenerife,10936052,28° 24' 07'',- 16° 31' 05'',239.2574,no encontrada,no encontrada,979364.44
Tenerife,10936053,28° 23' 55'',- 16° 31' 20'',263.4420,no encontrada,no encontrada,979360.05
Tenerife,10936054,28° 23' 52'',- 16° 31' 45'',246.5330,no encontrada,no encontrada,979363.85
Tenerife,10936055,28° 23' 51'',- 16° 31' 46'',245.1782,no encontrada,no encontrada,979363.96
Tenerife,10936056,28° 23' 50'',- 16° 32' 06'',211.4053,no encontrada,no encontrada,979371.62
Tenerife,10936057,28° 23' 48'',- 16° 32' 19'',188.0897,no encontrada,no encontrada,979376.16
Tenerife,10936058,28° 23' 52'',- 16° 32' 41'',177.7591,no encontrada,no encontrada,979377.06
Tenerife,10936059,28° 23' 47'',- 16° 32' 60'',201.3601,no encontrada,no encontrada,979371.75
Tenerife,10936060,28° 23' 42'',- 16° 33' 05'',203.0975,no encontrada,no encontrada,979371.28
Tenerife,10936061,28° 23' 39'',- 16° 33' 25'',209.3768,no encontrada,no encontrada,979368.82
Tenerife,10936062,28° 23' 36'',- 16° 33' 54'',201.6887,no encontrada,no encontrada,979369.1
Tenerife,10936063,28° 23' 33'',- 16° 34' 11'',196.2960,no encontrada,no encontrada,979369.59
Tenerife,10936064,28° 23' 37'',- 16° 34' 28'',212.7046,no encontrada,no encontrada,979365.7
Tenerife,10937002,"28° 28' 48,9046''","- 16° 19' 08,0335''",547.3120,592142,0.05,979300.1
Tenerife,10937003,"28° 28' 31,1053''","- 16° 19' 25,2307''",587.4816,632376,0.05,979290.94
Tenerife,10937004,"28° 28' 31,9961''","- 16° 20' 02,1728''",651.2269,696177,0.05,979280.48
Tenerife,10937005,"28° 28' 15,4405''","- 16° 20' 33,3942''",701.6343,746587,0.05,979268.36
Tenerife,10937006,"28° 27' 52,9468''","- 16° 21' 02,8085''",729.9433,775010,0.05,979263.34
Tenerife,10937007,"28° 27' 33,7735''","- 16° 21' 34,6719''",827.6861,872969,0.05,979240.52
Tenerife,10937008,"28° 27' 05,2267''","- 16° 22' 01,5194''",900.9147,946382,0.05,979219.64
Tenerife,10937010,"28° 26' 45,6121''","- 16° 22' 00,6483''",936.0057,981024,no encontrada,979209.2
Tenerife,10937011,"28° 26' 23,0730''","- 16° 22' 24,0008''",962.8099,1008187,0.05,979201.88
Tenerife,10937012,"28° 25' 59,1''","- 16° 22' 27,9''",1014.2780,1061,no encontrada,979187.15
Tenerife,10937013,"28° 25' 38,3426''","- 16° 22' 38,3307''",1060.2832,1106120,0.05,979175.33
Tenerife,10937015,"28° 25' 35,4401''","- 16° 23' 09,3244''",1113.5349,1159217,0.05,979167.64
Tenerife,10937016,"28° 25' 51,7''","- 16° 22' 51,6''",1182.8633,1227,no encontrada,979146.67
Tenerife,10937017,"28° 25' 56,0314''","- 16° 23' 24,6958''",1261.0123,1307570,no encontrada,979130.96
Tenerife,10937018,"28° 25' 42,1610''","- 16° 23' 50,6185''",1319.0617,1364762,0.05,979121.17
Tenerife,10937019,28° 25' 10'',- 16° 24' 01'',1370.1671,1419,no encontrada,979105.78
Tenerife,10937021,"28° 24' 50,4''","- 16° 24' 21,4''",1410.1505,no encontrada,no encontrada,979097.57
Tenerife,10937022,"28° 24' 52,2162''","- 16° 25' 00,8928''",1453.9225,1500670,no encontrada,979087.71
Tenerife,10937023,"28° 24' 39,8501''","- 16° 25' 01,2903''",1527.2554,1573064,no encontrada,979071.35
Tenerife,10937024,"28° 24' 28,6483''","- 16° 25' 22,7152''",1607.5797,1652406,no encontrada,979052.86
Tenerife,10937026,"28° 23' 51,7''","- 16° 25' 34,3''",1667.5206,1716,no encontrada,979038.91
Tenerife,10937027,"28° 23' 44,8502''","- 16° 25' 56,1463''",1700.3374,1746575,0.05,979031.26
Tenerife,10937028,"28° 23' 32,3730''","- 16° 26' 19,7295''",1709.5584,1756335,no encontrada,979031.86
Tenerife,20935033,"28° 04' 21,3300''","- 16° 32' 50,7600''",157.3612,202154,0.05,979344
Tenerife,20935034,28° 04' 22'',- 16° 32' 24'',135.8490,no encontrada,no encontrada,979348.82
Tenerife,20935035,28° 04' 24'',- 16° 32' 02'',136.5808,no encontrada,no encontrada,979344.87
Tenerife,20935036,28° 04' 32'',- 16° 31' 45'',136.4744,no encontrada,no encontrada,979345.04
Tenerife,20935037,28° 04' 43'',- 16° 31' 36'',112.1861,no encontrada,no encontrada,979349.95
Tenerife,20935038,"28° 04' 51,1100''","- 16° 31' 28,0100''",101.3778,146133,0.05,979352.47
Tenerife,20935039,28° 05' 04'',- 16° 30' 57'',94.6839,no encontrada,no encontrada,979352.92
Tenerife,20935040,"28° 05' 04,2100''","- 16° 30' 57,9200''",95.1997,139749,no encontrada,979352.71
Tenerife,20935041,28° 05' 14'',- 16° 30' 38'',81.6857,no encontrada,no encontrada,979353.94
Tenerife,20935042,28° 05' 28'',- 16° 30' 29'',80.5336,no encontrada,no encontrada,979356.56
Tenerife,20935043,28° 05' 41'',- 16° 30' 18'',89.8838,no encontrada,no encontrada,979351.43
Tenerife,20935044,"28° 05' 47,3000''","- 16° 30' 04,4400''",89.2937,134029,0.05,979351.74
Tenerife,20935045,28° 06' 11'',- 16° 29' 38'',77.3103,no encontrada,no encontrada,979354.94
Tenerife,20935046,28° 06' 25'',- 16° 29' 28'',73.6312,no encontrada,no encontrada,979356.02
Tenerife,20935047,28° 06' 40'',- 16° 29' 06'',78.0081,no encontrada,no encontrada,979354.11
Tenerife,20935048,28° 06' 51'',- 16° 28' 50'',77.9368,no encontrada,no encontrada,979354.05
Tenerife,20935049,28° 06' 57'',- 16° 28' 38'',77.2661,no encontrada,no encontrada,979354.17
Tenerife,20935050,28° 07' 01'',- 16° 28' 36'',63.1931,no encontrada,no encontrada,979356.04
Tenerife,20935051,28° 07' 13'',- 16° 28' 23'',53.8163,no encontrada,no encontrada,979357.73
Tenerife,20935052,28° 07' 28'',- 16° 28' 09'',74.0839,no encontrada,no encontrada,979352.98
Tenerife,20935053,28° 07' 39'',- 16° 28' 01'',75.0134,no encontrada,no encontrada,979352.79
Tenerife,20935054,28° 07' 51'',- 16° 27' 52'',57.3245,no encontrada,no encontrada,979358.07
Tenerife,20935055,28° 08' 05'',- 16° 27' 42'',72.7993,no encontrada,no encontrada,979354.62
Tenerife,20935056,"28° 08' 18,6000''","- 16° 27' 32,9600''",92.5721,137556,0.05,979350.41
Tenerife,20935057,28° 08' 19'',- 16° 27' 33'',92.0087,no encontrada,no encontrada,979350.7
Tenerife,20935058,"28° 08' 27,3800''","- 16° 27' 26,7400''",84.0746,129089,0.05,979353.16
Tenerife,20935059,28° 08' 46'',- 16° 27' 05'',69.7490,no encontrada,no encontrada,979355.01
Tenerife,20935060,no encontrada,no encontrada,67.3451,no encontrada,no encontrada,979354.72
Tenerife,20935061,"28° 09' 03,8100''","- 16° 26' 43,0600''",64.6636,109678,0.05,979355.05
Tenerife,20935062,28° 09' 04'',- 16° 26' 43'',60.9395,no encontrada,no encontrada,979355.5
Tenerife,20935063,28° 09' 17'',- 16° 26' 33'',46.4533,no encontrada,no encontrada,979359.19
Tenerife,20935064,"28° 09' 30,0700''","- 16° 26' 21,0900''",28.9521,73981,0.05,979363.64
Tenerife,20935065,"28° 09' 49,2700''","- 16° 26' 08,8900''",26.3401,71385,0.05,979364.72
Tenerife,20935066,28° 09' 56'',- 16° 26' 05'',44.5173,no encontrada,no encontrada,979361.27
Tenerife,20935067,28° 10' 03'',- 16° 26' 02'',44.6969,no encontrada,no encontrada,979361.25
Tenerife,20935068,28° 10' 09'',- 16° 26' 00'',45.8193,no encontrada,no encontrada,979361.01
Tenerife,20935069,"28° 10' 15,3500''","- 16° 25' 56,8500''",46.2503,91349,0.05,979361.37
Tenerife,20935070,28° 10' 42'',- 16° 25' 51'',30.4336,no encontrada,no encontrada,979364.77
Tenerife,20935071,28° 10' 53'',- 16° 25' 48'',34.4058,no encontrada,no encontrada,979363.7
Tenerife,20935072,28° 11' 07'',- 16° 25' 45'',34.8465,no encontrada,no encontrada,979363.56
Tenerife,20935073,28° 11' 22'',- 16° 25' 41'',21.7060,no encontrada,no encontrada,979367.69
Tenerife,20935074,28° 11' 34'',- 16° 25' 38'',32.4540,no encontrada,no encontrada,979365.32
Tenerife,20935075,28° 11' 49'',- 16° 25' 35'',54.6375,no encontrada,no encontrada,979360.78
Tenerife,20935076,28° 12' 03'',- 16° 25' 35'',54.6229,no encontrada,no encontrada,979360.74
Tenerife,20935077,28° 12' 18'',- 16° 25' 34'',57.2499,no encontrada,no encontrada,979360.28
Tenerife,20935078,"28° 12' 39,1300''","- 16° 25' 28,1200''",61.6884,107276,0.05,979360.21
Tenerife,20935079,28° 12' 54'',- 16° 25' 17'',69.9766,no encontrada,no encontrada,979359.53
Tenerife,20935080,"28° 13' 09,4000''","- 16° 25' 04,8400''",50.7218,96250,0.05,979374.53
Tenerife,20935081,28° 13' 19'',- 16° 24' 56'',41.3071,no encontrada,no encontrada,979364.92
Tenerife,20935082,28° 13' 26'',- 16° 24' 51'',42.6954,no encontrada,no encontrada,979364.92
Tenerife,20935083,28° 13' 32'',- 16° 24' 46'',42.4586,no encontrada,no encontrada,979364.9
Tenerife,20935084,"28° 13' 41,7600''","- 16° 24' 38,4700''",41.1425,86634,0.05,979365.69
Tenerife,20935085,28° 13' 58'',- 16° 24' 30'',28.4492,no encontrada,no encontrada,979371
Tenerife,20935086,"28° 14' 16,7100''","- 16° 24' 22,5100''",27.3056,72830,0.05,979371.93
Tenerife,20935088,"28° 14' 52,1200''","- 16° 24' 04,5800''",24.7794,70343,0.05,979374.39
Tenerife,20935089,28° 14' 52'',- 16° 24' 05'',23.8350,no encontrada,no encontrada,979374.53
Tenerife,20935090,28° 14' 59'',- 16° 23' 59'',32.8184,no encontrada,no encontrada,979372.85
Tenerife,20935091,28° 15' 32'',- 16° 23' 42'',36.6722,no encontrada,no encontrada,979377.92
Tenerife,20935092,28° 15' 40'',- 16° 23' 33'',36.7727,no encontrada,no encontrada,979377.19
Tenerife,20935093,28° 15' 51'',- 16° 23' 22'',36.3312,no encontrada,no encontrada,979378.27
Tenerife,20935094,28° 16' 07'',- 16° 23' 15'',24.5167,no encontrada,no encontrada,979382.37
Tenerife,20935095,28° 16' 21'',- 16° 23' 11'',33.0349,no encontrada,no encontrada,979382.14
Tenerife,20935096,28° 16' 52'',- 16° 23' 05'',28.8146,no encontrada,no encontrada,979383.68
Tenerife,20935097,28° 16' 58'',- 16° 23' 05'',29.4347,no encontrada,no encontrada,979383.52
Tenerife,20935098,"28° 16' 57,8900''","- 16° 23' 05,4500''",22.2500,67810,0.05,979385.46
Tenerife,20935099,28° 17' 19'',- 16° 23' 03'',28.5475,no encontrada,no encontrada,979387.65
Tenerife,20935100,28° 17' 36'',- 16° 22' 59'',45.2129,no encontrada,no encontrada,979385.58
Tenerife,20935101,"28° 17' 58,7500''","- 16° 22' 57,9600''",62.1022,107841,0.05,979383.34
Tenerife,20936066,28° 23' 31'',- 16° 34' 48'',202.7886,no encontrada,no encontrada,979367.07
Tenerife,20936067,"28° 23' 38,2837''","- 16° 35' 09,0440''",177.9285,224377,0.05,979370.46
Tenerife,20936068,28° 23' 31'',- 16° 35' 24'',153.4642,no encontrada,no encontrada,979375.05
Tenerife,20936069,28° 23' 34'',- 16° 35' 30'',147.6776,no encontrada,no encontrada,979376.23
Tenerife,20936070,28° 23' 43'',- 16° 35' 41'',126.3895,no encontrada,no encontrada,979379.1
Tenerife,20936071,28° 23' 43'',- 16° 35' 40'',125.1882,no encontrada,no encontrada,979379.52
Tenerife,20936072,"28° 23' 41,7700''","- 16° 35' 42,6500''",123.3061,171509,no encontrada,979379.68
Tenerife,20936073,28° 23' 39'',- 16° 35' 48'',94.5333,no encontrada,no encontrada,979383.67
Tenerife,20936074,"28° 23' 30,7902''","- 16° 36' 20,0601''",86.2812,132716,0.05,979381.15
Tenerife,20936075,"28° 23' 33,2800''","- 16° 36' 40,1400''",89.1291,135387,0.05,979379.88
Tenerife,20936076,28° 23' 35'',- 16° 36' 59'',91.3484,no encontrada,no encontrada,979378.48
Tenerife,20936077,28° 23' 35'',- 16° 37' 00'',91.5427,no encontrada,no encontrada,979378.25
Tenerife,20936078,28° 23' 32'',- 16° 37' 22'',106.5871,no encontrada,no encontrada,979376.9
Tenerife,20936079,"28° 23' 33,0602''","- 16° 37' 40,4074''",111.0830,157434,0.05,979375.96
Tenerife,20936080,"28° 23' 38,7500''","- 16° 38' 00,9100''",78.8826,125128,0.05,979382.75
Tenerife,20936081,"28° 23' 35,3500''","- 16° 38' 22,9100''",69.0994,113891,no encontrada,979385.12
Tenerife,20936082,28° 23' 35'',- 16° 38' 23'',68.4495,no encontrada,no encontrada,979385.56
Tenerife,20936083,28° 23' 37'',- 16° 38' 44'',66.9423,no encontrada,no encontrada,979386.67
Tenerife,20936084,28° 23' 38'',- 16° 38' 30'',76.1530,no encontrada,no encontrada,979385.8
Tenerife,20936085,"28° 23' 40,3000''","- 16° 39' 15,4100''",66.5136,112571,0.05,979388.24
Tenerife,20936086,"28° 23' 37,1''","- 16° 39' 34,7''",112.6902,no encontrada,no encontrada,979379.48
Tenerife,20936087,28° 23' 28'',- 16° 39' 38'',117.6900,no encontrada,no encontrada,979378.25
Tenerife,20936088,28° 23' 24'',- 16° 39' 49'',118.1145,no encontrada,no encontrada,979378.16
Tenerife,20936089,28° 23' 19'',- 16° 40' 02'',150.2055,no encontrada,no encontrada,979372.14
Tenerife,20936090,28° 23' 18'',- 16° 40' 16'',167.8834,no encontrada,no encontrada,979369.26
Tenerife,20936091,28° 23' 20'',- 16° 40' 30'',191.8795,no encontrada,no encontrada,979364.24
Tenerife,20936092,28° 23' 08'',- 16° 40' 37'',203.8926,no encontrada,no encontrada,979362.81
Tenerife,20936093,"28° 23' 02,0200''","- 16° 40' 38,2700''",204.6539,250517,no encontrada,979362.7
Tenerife,20936094,28° 22' 50'',- 16° 40' 49'',216.5714,no encontrada,no encontrada,979360.45
Tenerife,20936095,"28° 22' 50,3368''","- 16° 41' 07,3474''",221.0314,267372,0.05,979360.03
Tenerife,20937030,"28° 22' 08,4381''","- 16° 27' 47,8516''",1738.1015,1955473,0.05,979030.04
Tenerife,20937031,"28° 22' 25,7722''","- 16° 27' 33,3272''",1838.1999,1884231,no encontrada,979008.06
Tenerife,20937033,"28° 22' 09,3''","- 16° 27' 46,7''",1908.8394,no encontrada,no encontrada,978991.46
Tenerife,20937034,"28° 21' 43,1852''","- 16° 27' 59,9971''",1960.8216,2007558,0.05,978978.36
Tenerife,20937035,"28° 21' 19,2707''","- 16° 28' 07,0900''",2001.8104,2048637,0.05,978968.13
Tenerife,20937036,"28° 21' 05,8823''","- 16° 28' 35,1298''",1962.4030,2011645,no encontrada,978982.02
Tenerife,20937037,"28° 20' 37,8592''","- 16° 28' 56,7183''",1995.7594,2042818,0.05,978978.55
Tenerife,20937039,"28° 20' 14,8729''","- 16° 29' 12,3600''",2059.4669,2106618,0.05,978964.69
Tenerife,20937040,"28° 20' 05,1646''","- 16° 29' 21,6562''",2141.6602,2188819,0.05,978942.19
Tenerife,20937041,"28° 19' 44,9041''","- 16° 29' 26,9055''",2201.0168,2248235,0.05,978929.78
Tenerife,20937042,"28° 19' 22,3736''","- 16° 29' 28,3688''",2227.8271,2274862,0.05,978923.09
Tenerife,20937043,"28° 18' 58,2127''","- 16° 29' 46,1259''",2190.4280,2237821,0.05,978940.42
Tenerife,20937044,"28° 18' 43,0089''","- 16° 30' 07,6742''",2239.1301,2286391,0.05,978928.67
Tenerife,20937045,"28° 18' 15,2856''","- 16° 30' 36,9101''",2294.6887,2342203,0.05,978917.96
Tenerife,20937047,"28° 18' 09,8790''","- 16° 31' 13,0202''",2298.6104,2346010,0.05,978915.97
Tenerife,20937048,"28° 18' 13,1026''","- 16° 31' 49,1366''",2238.6139,2286078,0.05,978934.01
Tenerife,20937049,"28° 18' 30,1266''","- 16° 32' 20,9124''",2202.8543,2250436,0.05,978942.72
Tenerife,20937050,"28° 18' 22,2759''","- 16° 32' 43,8273''",2154.2087,2201838,0.05,978957.11
Tenerife,20937051,"28° 18' 22,0817''","- 16° 33' 14,0566''",2107.4635,2155357,0.05,978969.46
Tenerife,30935103,28° 18' 17'',- 16° 22' 59'',78.7004,no encontrada,no encontrada,979380.4
Tenerife,30935104,"28° 18' 34,5028''","- 16° 22' 58,5216''",108.9920,154701,0.05,979376.3
Tenerife,30935105,"28° 18' 56,8100''","- 16° 22' 50,9000''",108.5037,154141,0.05,979376.27
Tenerife,30935106,28° 18' 57'',- 16° 22' 50'',108.5030,no encontrada,no encontrada,979376.36
Tenerife,30935107,28° 19' 16'',- 16° 22' 43'',90.1895,no encontrada,no encontrada,979380.8
Tenerife,30935108,28° 19' 33'',- 16° 22' 36'',77.6229,no encontrada,no encontrada,979384.17
Tenerife,30935109,28° 19' 52'',- 16° 22' 29'',58.1280,104,no encontrada,979388.59
Tenerife,30935110,28° 19' 52'',- 16° 22' 29'',58.1161,no encontrada,no encontrada,979388.73
Tenerife,30935111,28° 19' 53'',- 16° 22' 29'',58.1908,no encontrada,no encontrada,979388.66
Tenerife,30935151,28° 26' 40'',- 16° 16' 38'',111.7091,no encontrada,no encontrada,979364.81
Tenerife,30935152,28° 20' 19'',- 16° 22' 26'',60.6337,no encontrada,no encontrada,979387.97
Tenerife,30935155,"28° 21' 23,0356''","- 16° 22' 22,0495''",41.8074,87410,0.05,979389.23
Tenerife,30935157,"28° 22' 15,1334''","- 16° 22' 02,3122''",52.6397,98107,0.05,979385.28
Tenerife,30935159,"28° 23' 00,8''","- 16° 21' 42,2''",47.4686,93,no encontrada,979385.38
Tenerife,30935161,28° 23' 04'',- 16° 21' 17'',69.9563,no encontrada,no encontrada,979377.35
Tenerife,30935164,"28° 24' 15,1076''","- 16° 20' 08,0303''",110.1709,155218,0.05,979368.04
Tenerife,30935166,28° 24' 17'',- 16° 19' 44'',146.8395,no encontrada,no encontrada,979357.81
Tenerife,30935167,"28° 24' 30,0607''","- 16° 19' 06,0499''",178.8491,223639,0.05,979348.71
Tenerife,30935170,28° 25' 30'',- 16° 18' 13'',175.8554,no encontrada,no encontrada,979351.19
Tenerife,30935172,"28° 25' 52,7883''","- 16° 17' 44,3631''",155.8057,200332,0.05,979355.57
Tenerife,30935174,28° 26' 14'',- 16° 16' 51'',84.5148,no encontrada,no encontrada,979366.45
Tenerife,30936002,"28° 22' 41,1391''","- 16° 42' 52,2294''",224.0965,225945,0.05,979359.92
Tenerife,30936003,"28° 22' 31,1390''","- 16° 42' 22,2128''",236.1486,282116,0.05,979357.19
Tenerife,30936004,"28° 22' 16,3172''","- 16° 42' 40,2115''",238.6628,282891,0.05,979357.61
Tenerife,30936008,"28° 21' 56,1416''","- 16° 43' 23,1215''",240.3248,286948,0.05,979357.85
Tenerife,30936009,"28° 21' 57,4672''","- 16° 43' 33,7979''",280.8691,330282,0.05,979349.3
Tenerife,30936010,"28° 22' 04,6''","- 16° 43' 44,5''",317.3897,no encontrada,no encontrada,979339.68
Tenerife,30936103,"28° 22' 02,3500''","- 16° 43' 17,7200''",232.6313,279058,0.05,979360.12
Tenerife,30936104,28° 22' 02'',- 16° 43' 17'',232.3486,no encontrada,no encontrada,979360.2
Tenerife,30936105,28° 22' 01'',- 16° 43' 18'',232.7473,no encontrada,no encontrada,979360.27
Tenerife,30937054,"28° 17' 58,8284''","- 16° 33' 55,2574''",2100.5646,2148528,0.05,978976.11
Tenerife,30937055,"28° 17' 27,9183''","- 16° 33' 53,2913''",2136.7444,2184743,0.05,978971.55
Tenerife,30937056,"28° 17' 27,9''","- 16° 33' 53,3''",2151.1013,2186,no encontrada,978968.55
Tenerife,30937057,"28° 16' 45,5''","- 16° 34' 37,9''",2197.3895,2248,no encontrada,978955.96
Tenerife,30937058,"28° 16' 23,4413''","- 16° 34' 46,3832''",2239.3929,2287326,0.05,978944.62
Tenerife,30937060,"28° 16' 03,2195''","- 16° 35' 10,9986''",2287.0807,2335042,0.05,978934.3
Tenerife,30937061,"28° 15' 37,1892''","- 16° 35' 37,4966''",2305.6059,2353866,0.05,978928.35
Tenerife,30937062,"28° 15' 34,1295''","- 16° 36' 12,4733''",2349.2160,2397481,0.05,978915.57
Tenerife,30937063,"28° 15' 27,7''","- 16° 36' 39,0''",2357.9127,2404,no encontrada,978911.36
Tenerife,30937064,"28° 15' 18,1460''","- 16° 37' 17,1806''",2309.8090,2358396,no encontrada,978921.43
Tenerife,30937066,"28° 14' 43,4702''","- 16° 37' 45,8906''",2239.9398,2288224,0.05,978942.2
Tenerife,30937067,"28° 14' 12,0606''","- 16° 37' 47,4918''",2186.4568,2231605,0.05,978960.65
Tenerife,30937068,"28° 13' 25,6522''","- 16° 37' 41,1088''",2146.2283,2194420,0.05,978972.6
Tenerife,30937070,"28° 13' 24,2524''","- 16° 37' 43,4068''",2141.0992,2189338,0.05,978974.03
Tenerife,30937071,"28° 13' 14,4913''","- 16° 37' 40,9238''",2121.0743,2169277,0.05,978979.04
Tenerife,30937072,"28° 13' 03,3246''","- 16° 37' 35,4628''",2104.9941,2153135,no encontrada,978981.37
Tenerife,30937073,"28° 12' 39,8''","- 16° 38' 06,9''",2021.4351,2069,no encontrada,979001.56
Tenerife,30937074,"28° 12' 38,2762''","- 16° 38' 59,3858''",2011.3362,2059960,0.05,979005.65
Tenerife,30937075,"28° 12' 49,9634''","- 16° 39' 49,8629''",2024.1166,2072248,0.05,979004.47
Tenerife,40936112,"28° 22' 01,4500''","- 16° 44' 25,1800''",402.8399,446496,no encontrada,979321.19
Tenerife,40936113,28° 21' 59'',- 16° 44' 29'',438.5764,no encontrada,no encontrada,979312.64
Tenerife,40936114,28° 21' 59'',- 16° 44' 44'',438.4494,no encontrada,no encontrada,979312.63
Tenerife,40936115,28° 21' 54'',- 16° 44' 47'',437.1770,no encontrada,no encontrada,979313.09
Tenerife,40936116,"28° 21' 52,1657''","- 16° 44' 55,6679''",468.1751,514557,0.05,979307.64
Tenerife,40936117,28° 21' 50'',- 16° 44' 58'',482.8249,no encontrada,no encontrada,979306.77
Tenerife,40936118,28° 21' 48'',- 16° 45' 06'',498.9920,no encontrada,no encontrada,979303.22
Tenerife,40936119,28° 21' 48'',- 16° 45' 13'',528.7357,no encontrada,no encontrada,979296.92
Tenerife,40936120,28° 21' 48'',- 16° 45' 31'',529.6106,no encontrada,no encontrada,979297.39
Tenerife,40936121,28° 21' 44'',- 16° 45' 42'',557.9160,no encontrada,no encontrada,979293.47
Tenerife,40936122,28° 21' 38'',- 16° 46' 01'',582.4004,no encontrada,no encontrada,979290.59
Tenerife,40936123,28° 21' 28'',- 16° 46' 27'',604.4327,no encontrada,no encontrada,979287.73
Tenerife,40936124,28° 21' 22'',- 16° 46' 45'',618.7283,no encontrada,no encontrada,979285.55
Tenerife,40936125,28° 21' 20'',- 16° 46' 60'',619.8572,no encontrada,no encontrada,979285.23
Tenerife,40936126,"28° 21' 20,0900''","- 16° 47' 00,9000''",620.5147,666800,0.05,979285.04
Tenerife,40936127,"28° 21' 11,0400''","- 16° 46' 56,2600''",658.1828,704510,0.05,979277.55
Tenerife,40936128,28° 21' 07'',- 16° 46' 52'',687.5309,no encontrada,no encontrada,979271.45
Tenerife,40936129,28° 21' 04'',- 16° 47' 03'',722.5880,no encontrada,no encontrada,979264.59
Tenerife,40936130,28° 20' 54'',- 16° 47' 27'',752.2784,no encontrada,no encontrada,979259.19
Tenerife,40936131,28° 20' 46'',- 16° 47' 15'',753.5421,no encontrada,no encontrada,979258.67
Tenerife,40936132,28° 20' 36'',- 16° 47' 34'',789.6542,no encontrada,no encontrada,979251.3
Tenerife,40936133,28° 20' 35'',- 16° 47' 15'',817.8563,no encontrada,no encontrada,979246.73
Tenerife,40936134,"28° 20' 34,1''","- 16° 47' 17,7''",849.8714,895,no encontrada,979239.07
Tenerife,40936135,"28° 21' 11,2''","- 16° 46' 56,3''",876.7750,no encontrada,no encontrada,979234.69
Tenerife,40936136,28° 20' 15'',- 16° 47' 35'',889.4067,no encontrada,no encontrada,979233.45
Tenerife,40936137,"28° 20' 15,3''","- 16° 47' 35,2''",891.7219,no encontrada,no encontrada,979233.11
Tenerife,40936138,28° 20' 15'',- 16° 47' 35'',893.2334,no encontrada,no encontrada,979232.99
Tenerife,40936139,28° 20' 05'',- 16° 47' 52'',920.7821,no encontrada,no encontrada,979229.2
Tenerife,40936140,28° 20' 04'',- 16° 47' 58'',962.6004,no encontrada,no encontrada,979222.28
Tenerife,40936141,28° 19' 43'',- 16° 48' 010'',995.2801,1045,no encontrada,979215.63
Tenerife,40936142,"28° 19' 32,4600''","- 16° 48' 24,9400''",1011.8350,1058485,0.05,979214.05
Tenerife,40936143,28° 19' 18'',- 16° 48' 28'',1035.5751,no encontrada,no encontrada,979209.24
Tenerife,50936002,"28° 18' 45,0614''","- 16° 48' 24,9499''",1089.9759,1136758,0.05,979199.07
Tenerife,50936003,"28° 18' 26,7455''","- 16° 48' 39,4043''",1028.2186,1074354,0.05,979211.97
Tenerife,50936004,"28° 18' 16,8218''","- 16° 48' 46,2308''",971.6587,1018391,0.05,979224.26
Tenerife,50936005,"28° 17' 57,6829''","- 16° 48' 56,2428''",934.6655,981382,0.05,979231.11
Tenerife,50936006,"28° 17' 28,1852''","- 16° 48' 49,6488''",907.7229,954483,0.05,979233.48
Tenerife,50936013,"28° 16' 31,6920''","- 16° 48' 06,0499''",1029.4130,1076321,0.05,979200.52
Tenerife,50936014,"28° 16' 17,5173''","- 16° 48' 18,8391''",958.7179,1005561,0.05,979213.97
Tenerife,50936016,"28° 15' 38,3604''","- 16° 48' 26,8247''",825.9843,873307,0.05,979239.49
Tenerife,50936157,"28° 17' 24,0649''","- 16° 48' 39,2470''",913.3291,960126,0.05,979232.53
Tenerife,50936158,"28° 17' 19,5419''","- 16° 48' 20,9764''",946.8798,993733,0.05,979223.86
Tenerife,50936159,"28° 17' 07,1722''","- 16° 48' 07,0581''",987.6692,1034577,0.05,979214.26
Tenerife,50936162,"28° 16' 58,6173''","- 16° 47' 58,4051''",1028.2327,1075412,0.05,979205.57
Tenerife,50936163,"28° 16' 49,7585''","- 16° 47' 55,7735''",1060.1249,1107069,0.05,979196.75
Tenerife,50936167,"28° 15' 39,0''","- 16° 48' 27,7''",895.5638,872,no encontrada,979225.12
Tenerife,50936171,"28° 15' 18,8984''","- 16° 48' 26,5376''",787.2151,833939,0.05,979247.24
Tenerife,50936172,"28° 15' 05,5337''","- 16° 48' 14,7403''",761.0750,807862,0.05,979253.67
Tenerife,50936173,"28° 14' 51,7939''","- 16° 48' 00,1239''",745.8960,792826,0.05,979257.54
Tenerife,50937098,"28° 08' 39,1895''","- 16° 38' 41,6455''",1315.4624,1362588,0.05,979138.33
Tenerife,50937099,"28° 08' 29,8648''","- 16° 39' 13,5095''",1257.0599,1304011,0.05,979151.6
Tenerife,50937100,"28° 08' 01,0881''","- 16° 39' 05,0437''",1221.1400,1267955,0.05,979155.84
Tenerife,50937101,"28° 07' 35,1320''","- 16° 39' 26,2726''",1181.9852,1228579,0.05,979161.2
Tenerife,50937102,28° 07' 32'',- 16° 39' 57'',1106.4274,1159,no encontrada,979179.65
Tenerife,50937104,"28° 07' 10,7920''","- 16° 39' 56,3366''",1044.7602,1091353,0.05,979190.01
Tenerife,50937105,"28° 06' 43,9''","- 16° 40' 46,5''",992.0397,no encontrada,no encontrada,979201.69
Tenerife,50937107,"28° 07' 01,3382''","- 16° 40' 36,6199''",927.9442,974390,0.05,979218.73
Tenerife,50937108,"28° 06' 56,9873''","- 16° 40' 43,1992''",880.1937,926420,0.05,979230.37
Tenerife,50937109,"28° 06' 52,6457''","- 16° 40' 52,0068''",820.4011,866672,0.05,979243.23
Tenerife,50937110,"28° 06' 40,4423''","- 16° 41' 03,0140''",754.8312,801088,0.05,979255.3
Tenerife,50937111,"28° 06' 21,4904''","- 16° 41' 05,0190''",698.8351,744978,0.05,979265.18
Tenerife,50937112,"28° 06' 00,5876''","- 16° 40' 51,0774''",630.8080,676886,no encontrada,979275.68
Tenerife,50937114,"28° 05' 43,7431''","- 16° 41' 03,9233''",576.8794,622736,0.05,979285.57
Tenerife,50937115,"28° 05' 27,0632''","- 16° 41' 22,1200''",512.4251,558226,0.05,979299.66
Tenerife,50937116,"28° 05' 12,0318''","- 16° 41' 24,4369''",444.2062,489846,0.05,979312.79
Tenerife,50937118,"28° 04' 54,9579''","- 16° 41' 01,2098''",373.8901,419429,0.05,979326.25
Tenerife,50937119,"28° 04' 38,2877''","- 16° 41' 10,4728''",315.8931,361233,0.05,979337.32
Tenerife,50937120,"28° 04' 20,7106''","- 16° 41' 47,2575''",236.3628,284179,no encontrada,979352.35
Tenerife,50937121,"28° 04' 12,3314''","- 16° 42' 32,1967''",155.7811,200873,0.05,979365.39
