Lon_DD,Lat_DD,H_estimada_m,Bouguer_Simple,Bouguer_Completa
-25.176,37.795,682.5399999999992,200.0,219.94543807252722
-25.175,37.795,682.3,200.0,218.45168765210457
-25.174,37.796,673.7080000000137,200.0,217.35346942871791
-25.174,37.797,665.3560000000275,200.0,217.2392345038667
-25.174,37.798,656.0659999999527,200.0,218.14134084729784
-25.175,37.799,620.4500000000095,200.0,218.05945941474823
-25.176,37.799,604.4420000000607,200.0,219.61986275644014
-25.177,37.798,615.8179999999622,200.0,218.07088982322182
-25.178,37.798,612.7067999999282,200.0,218.14355833022768
-25.178,37.796,658.7660000000349,200.0,217.72359230559925
-25.177,37.795,682.7799999999993,200.0,220.53599274177702
-25.177,37.795,682.7799999999993,200.0,220.53599274177702
-25.204,37.78,629.6240000000026,200.0,216.4499653472178
-25.203,37.78,641.7680000000181,200.0,215.47119125398228
-25.201,37.781,654.8123999999777,200.0,216.75113559383962
-25.2,37.782,653.8799999999392,200.0,217.61966307225717
-25.198,37.782,630.9743999999524,200.0,215.74935416334176
-25.196,37.783,613.2520000000006,200.0,215.22350554928067
-25.195,37.785,638.4999999998686,200.0,216.24219766088197
-25.194,37.786,644.9347999999752,200.0,216.9188677699981
-25.193,37.787,645.7591999999794,200.0,216.55134594950778
-25.191,37.788,649.3495999999461,200.0,215.07681260512612
-25.191,37.789,660.8888000000175,200.0,215.5245951564184
-25.191,37.79,657.4080000000198,200.0,215.49825167177647
-25.192,37.791,633.8304000000858,200.0,217.55874584643766
-25.193,37.793,593.1168000000619,200.0,215.3350458342169
-25.193,37.794,576.8124000000151,200.0,216.52344971400456
-25.194,37.796,583.8599999999694,200.0,213.39770622774913
-25.194,37.797,582.4199999999782,200.0,213.47424320724258
-25.194,37.798,580.539199999962,200.0,213.66087101273502
-25.195,37.799,583.2079999999925,200.0,213.87525165272086
-25.196,37.8,587.7200000000196,200.0,215.87276210116931
-25.197,37.802,590.1103999999857,200.0,216.18307619358853
-25.198,37.802,601.7956000000032,200.0,215.06125120022352
-25.2,37.802,614.6499999999935,200.0,215.88105510020503
-25.202,37.802,627.5044000000065,200.0,215.8149605647791
-25.203,37.801,646.6743999999702,200.0,216.06117568993665
-25.205,37.8,687.0999999999533,200.0,218.17641277775792
-25.206,37.799,707.9511999999763,200.0,217.94257743296484
-25.208,37.799,750.1299999999526,200.0,217.88289418390445
-25.209,37.798,768.3699999999899,200.0,219.54350313181175
-25.211,37.797,797.3960000000825,200.0,218.1616199749373
-25.212,37.795,800.9000000000161,200.0,221.18452895777932
-25.212,37.793,797.3767999999393,200.0,222.28337029473954
-25.212,37.791,745.9015999999135,200.0,222.94620124007184
-25.212,37.789,693.9168000000479,200.0,217.50676051376286
-25.212,37.788,667.3055999998976,200.0,219.18010853859798
-25.212,37.786,614.0831999999751,200.0,216.7153572135522
-25.211,37.785,611.3379999999104,200.0,215.66864965525068
-25.21,37.784,609.0919999999219,200.0,215.55494544591096
-25.208,37.783,622.7432000000358,200.0,219.41290460959596
-25.207,37.782,616.5511999999,200.0,217.74303975119284
-25.205,37.781,626.4560000000214,200.0,217.4877893500231
-25.152,37.87,-415.4529999999544,195.0,136.25440252608027
-25.154,37.87,-405.2799999999572,195.0,138.13893788275143
-25.155,37.871,-420.2800000000315,195.0,135.54597793728516
-25.157,37.872,-420.9459999999739,195.0,135.29450981237812
-25.158,37.872,-404.5539999999537,195.0,137.21540709096453
-25.159,37.872,-388.16199999999174,195.0,139.55400277384547
-25.16,37.87,-336.24999999995674,195.0,149.34610443458206
-25.16,37.869,-318.49000000001246,195.0,151.18033607753435
-25.16,37.867,-282.73899999994416,195.0,159.01105682178084
-25.16,37.865,-246.95499999999524,195.0,163.81796589140842
-25.16,37.864,-226.73199999989293,195.0,167.2702359544792
-25.16,37.862,-182.95600000003068,195.0,176.5924630699356
-25.16,37.86,-139.15499999999733,195.0,181.79908960808575
-25.16,37.858,-95.25899999990435,195.0,191.89209820293925
-25.159,37.856,-53.21999999997299,195.0,197.11428765701106
-25.158,37.855,-30.779999999847643,195.0,201.45669182976854
-25.157,37.854,-16.979999999955318,195.0,205.24035549942508
-25.155,37.853,-12.087000000021417,195.0,205.76655263384345
-25.154,37.851,25.42660000002966,195.0,205.5381364801836
-25.153,37.849,62.87380000011135,195.0,207.46212490366767
-25.152,37.847,85.2142000000175,195.0,204.9973323105043
-25.154,37.847,98.01880000000713,195.0,206.18633431110254
-25.156,37.847,110.39320000000083,195.0,205.18559371871893
-25.158,37.846,127.6600000000412,195.0,206.56486233041528
-25.16,37.846,138.22000000003595,195.0,205.94941163616974
-25.161,37.845,150.51200000002348,195.0,206.28572362576983
-25.163,37.844,168.4831999999982,195.0,206.79491445181466
-25.164,37.843,184.4635999999782,195.0,205.3394964357997
-25.165,37.841,214.93200000001463,195.0,208.02086380401067
-25.165,37.839,239.21000000005546,195.0,206.09140574323496
-25.166,37.838,258.3140000000251,195.0,208.04758343843648
-25.168,37.837,283.2979999999816,195.0,208.33492490123726
-25.169,37.836,300.5936000000328,195.0,207.55380393155116
-25.171,37.835,320.776000000001,195.0,207.5069527542613
-25.173,37.835,330.5399999999914,195.0,206.69225002045314
-25.175,37.834,361.979999999984,195.0,208.6207405899354
-25.177,37.834,382.13999999995673,195.0,208.52566422808997
-25.179,37.833,420.0844000000129,195.0,210.8626953604129
-25.181,37.833,447.03160000006363,195.0,211.9587237142895
-25.182,37.832,470.874400000048,195.0,210.55941501723
-25.184,37.831,492.2440000000152,195.0,209.5394950500033
-25.186,37.829,537.5996000000315,195.0,213.19154104680968
-25.188,37.828,562.4875999999687,195.0,212.64748100610302
-25.19,37.827,581.4800000000505,195.0,210.92609723549623
-25.192,37.827,566.9840000000546,195.0,210.16159863073034
-25.193,37.826,575.7679999999937,195.0,210.95649594322026
-25.196,37.825,593.329999999954,195.0,211.38962958323899
-25.197,37.824,608.8532000000002,195.0,211.75048698994658
-25.199,37.823,637.4719999999705,195.0,211.49659592018872
-25.199,37.822,649.7319999999556,195.0,212.7157732476308
-25.2,37.82,690.0999999999715,195.0,214.61789237356487
-25.202,37.818,747.2320000000411,195.0,212.98730387178193
-25.204,37.816,813.8483999999559,195.0,218.11248041423903
-25.205,37.815,850.7699999999471,195.0,219.19786129278629
-25.207,37.814,906.7067999999831,195.0,218.7424817241668
-25.21,37.813,967.1579999999656,195.0,221.2045922920858
-25.211,37.812,978.153600000079,195.0,222.2991268752866
-25.213,37.81,966.2220000000134,195.0,221.0499399797781
-25.214,37.808,893.6988000000157,195.0,220.93832678877092
-25.216,37.807,849.047200000074,195.0,216.57524594456714
-25.217,37.805,789.5440000000108,195.0,214.15416692338877
-25.218,37.803,716.0655999998615,195.0,215.73675731866888
-25.219,37.801,656.8728000000169,195.0,210.80056614988257
-25.22,37.8,644.699999999923,195.0,212.01958431975402
-25.221,37.798,601.5096000000639,195.0,210.3512560361279
-25.222,37.796,558.8371999999542,195.0,211.23251068890121
-25.223,37.794,500.6811999998571,195.0,209.30150426082255
-25.224,37.792,492.23920000000123,195.0,207.93232234340175
-25.225,37.79,472.29999999997875,195.0,208.65248200972084
-25.226,37.788,439.0199999999549,195.0,207.5679008422827
-25.227,37.786,394.61999999996294,195.0,208.30861978872232
-25.229,37.786,406.3091999999699,195.0,209.08867419518225
-25.23,37.786,413.27399999997533,195.0,208.69185826097143
-25.232,37.786,423.62879999996096,195.0,209.71562196331064
-25.234,37.786,428.02559999995935,195.0,210.2302265440301
-25.236,37.785,399.7819999998601,195.0,206.85345340164088
-25.238,37.784,374.45239999993385,195.0,208.23034504282907
-25.239,37.783,351.556399999999,195.0,209.82807525823023
-25.241,37.781,319.1999999999655,195.0,206.44312293974986
-25.24,37.779,286.7999999999953,195.0,207.1230762360206
-25.239,37.777,258.43039999997313,195.0,204.87747417171767
-25.237,37.776,251.44160000000664,195.0,204.75649221259272
-25.235,37.776,255.84600000000125,195.0,204.34142987189233
-25.232,37.775,261.0299999999704,195.0,205.5004345422546
-25.23,37.776,277.05000000000007,195.0,204.8693324136052
-25.227,37.776,287.73840000000047,195.0,204.71857262189167
-25.226,37.775,282.1799999999654,195.0,205.42576796888227
-25.224,37.774,279.55919999999327,195.0,206.68975337137582
-25.223,37.772,263.7195999999925,195.0,204.66674293036118
-25.221,37.771,263.8884000000136,195.0,205.91304258784572
-25.218,37.771,283.39320000001413,195.0,206.0771311680283
-25.216,37.771,311.588399999996,195.0,206.72342208699718
-25.214,37.77,343.3480000000531,195.0,208.5129793127316
-25.212,37.769,397.2808000000159,195.0,207.41020883906108
-25.21,37.768,441.92000000002633,195.0,210.4772068016638
-25.209,37.767,441.1040000000737,195.0,209.9084128726895
-25.207,37.765,415.27999999999986,195.0,208.9825849334323
-25.205,37.764,392.3260000000196,195.0,208.62850588280813
-25.202,37.763,352.4955999999705,195.0,207.5512812767115
-25.2,37.763,339.4299999999503,195.0,206.2069839920195
-25.197,37.764,346.07120000003545,195.0,207.81247627050473
-25.195,37.766,363.12199999996164,195.0,208.6405205751469
-25.193,37.767,366.22040000006876,195.0,207.66508788031558
-25.191,37.768,370.2092000000106,195.0,206.97276045148973
-25.188,37.769,357.0631999999901,195.0,207.0571416499741
-25.186,37.77,352.53200000002954,195.0,208.11716971413838
-25.183,37.77,359.4040000000489,195.0,207.89181237360418
-25.181,37.771,377.41360000002703,195.0,207.86830333156752
-25.179,37.772,408.05680000003144,195.0,207.96737162800736
-25.176,37.773,460.13680000013113,195.0,210.9739923176169
-25.173,37.774,544.9432000000006,195.0,214.78069364145745
-25.17,37.774,602.5219999999349,195.0,218.64067861859098
-25.168,37.774,628.6963999999825,195.0,219.4844502627013
-25.166,37.772,557.238799999948,195.0,216.55756590777926
-25.164,37.771,516.5544000000835,195.0,213.28146461740573
-25.162,37.772,533.306399999955,195.0,216.0419082010409
-25.16,37.774,562.4379999999934,195.0,218.12709974095617
-25.157,37.774,509.71959999998813,195.0,217.6265384610743
-25.155,37.774,485.6379999999964,195.0,215.65698318103546
-25.152,37.774,459.60239999999345,195.0,216.87315035021888
-25.15,37.775,469.4999999998973,195.0,214.2570518040063
-25.151,37.777,531.7175999999218,195.0,221.4799429838033
-25.151,37.778,505.4652000001265,195.0,218.6303815360218
-25.152,37.78,450.4140000000055,195.0,215.1166313981277
-25.151,37.783,394.60079999999243,195.0,214.16447069167748
-25.149,37.784,340.8216000000781,195.0,211.76659241904403
-25.147,37.785,263.8420000001454,195.0,212.15081900360195
-25.145,37.786,194.41599999998047,195.0,210.5092743364762
-25.141,37.786,100.4871999999651,195.0,210.4916493428053
-25.138,37.786,52.579400000027164,195.0,209.64360658322565
-25.135,37.785,29.670000000051363,195.0,208.03949123451693
-25.132,37.785,6.774000000029303,195.0,206.92079950748314
-25.129,37.784,-7.855199999992001,195.0,203.78061985900015
-25.126,37.783,-21.816800000002083,195.0,201.61959553961387
-25.124,37.783,-31.503200000014406,195.0,199.77617661172982
-25.121,37.783,-54.933800000031304,195.0,195.79296764681908
-25.118,37.782,-81.7106000000266,195.0,192.17983928255364
-25.113,37.78,-130.54600000001562,195.0,183.3945135664039
-25.116,37.781,-100.04480000002818,195.0,188.17865338293564
-25.205,37.875,-195.6250000000112,190.0,169.50932103063772
-25.205,37.874,-170.50900000004606,190.0,172.23052576598792
-25.205,37.871,-98.95600000005146,190.0,186.07219189092132
-25.205,37.869,-52.68400000003087,190.0,191.8993359770034
-25.206,37.867,-7.659999999945098,190.0,202.30460046480732
-25.206,37.865,33.61999999999623,190.0,200.72315869465086
-25.207,37.862,85.94619999997516,190.0,202.27315519941862
-25.207,37.86,114.86200000000005,190.0,201.60274632634125
-25.207,37.858,132.34360000003727,190.0,200.98628452865762
-25.207,37.855,157.8700000000409,190.0,202.2642282278409
-25.208,37.853,182.18199999996872,190.0,202.42586582452586
-25.209,37.851,216.44600000000978,190.0,202.25122485899072
-25.21,37.849,250.07000000007162,190.0,201.64501049468555
-25.211,37.847,276.558800000009,190.0,202.90011502984208
-25.211,37.846,287.0084000000494,190.0,203.40771664394703
-25.213,37.844,316.23079999999106,190.0,201.614876829046
-25.213,37.842,345.0236000000454,190.0,204.3163425130438
-25.213,37.84,374.5820000000041,190.0,202.73449081697808
-25.213,37.838,403.56280000002454,190.0,204.19546177297613
-25.214,37.836,431.2348000000316,190.0,203.0268303916652
-25.215,37.835,445.2999999999996,190.0,203.21172931134097
-25.216,37.834,464.4039999999752,190.0,205.32762203084587
-25.218,37.835,448.89999999999986,190.0,203.3893602988178
-25.22,37.836,416.79000000004817,190.0,204.41295552049243
-25.221,37.837,389.04599999997623,190.0,202.30588551421056
-25.222,37.838,361.87799999999953,190.0,203.83115309370643
-25.224,37.84,318.927999999998,190.0,202.40562044015667
-25.226,37.841,303.98080000001045,190.0,201.4793717291441
-25.227,37.843,293.0367999999891,190.0,201.7106394957176
-25.229,37.844,298.1963999999913,190.0,201.10140868767226
-25.23,37.846,286.6620000000479,190.0,202.4484270411813
-25.231,37.847,281.554800000019,190.0,202.79936016354304
-25.232,37.848,268.9012000000671,190.0,201.91274402826008
-25.234,37.847,269.66160000000116,190.0,202.56075217072564
-25.235,37.845,286.74000000002184,190.0,201.73025027337252
-25.236,37.844,296.23439999998783,190.0,200.7694206686764
-25.238,37.843,310.3883999999609,190.0,202.6795761650863
-25.24,37.842,326.95800000001464,190.0,203.3576767646083
-25.242,37.841,350.56920000000986,190.0,202.21007759025449
-25.244,37.839,383.58120000007995,190.0,203.18202783642178
-25.246,37.837,408.1763999999881,190.0,202.5266871956636
-25.247,37.836,419.264400000043,190.0,201.34084956683222
-25.249,37.834,432.5420000000039,190.0,203.6991023514209
-25.25,37.832,449.2700000000437,190.0,201.52708359102556
-25.251,37.831,456.0056000000177,190.0,202.2767552460744
-25.254,37.831,462.04480000001496,190.0,202.17873514377982
-25.256,37.83,490.5760000000727,190.0,205.01523498475925
-25.257,37.828,522.5571999999797,190.0,202.08549011956487
-25.258,37.826,548.5344000000027,190.0,204.61943594858306
-25.259,37.824,568.8288000000106,190.0,202.64559077195258
-25.257,37.822,610.1811999999325,190.0,204.82888924472923
-25.253,37.822,619.4043999999271,190.0,205.79693433136714
-25.251,37.822,617.4891999999189,190.0,205.73214272237422
-25.248,37.823,588.7743999999486,190.0,203.40769837779908
-25.245,37.823,584.5519999999582,190.0,203.29845126207502
-25.242,37.823,573.804799999962,190.0,203.00514009065972
-25.239,37.822,581.8175999999163,190.0,205.01345892182542
-25.236,37.821,600.403200000022,190.0,206.19497485033148
-25.233,37.82,613.3140000000005,190.0,205.46276539608803
-25.231,37.818,648.6744000000351,190.0,205.54187282115356
-25.23,37.815,716.4600000000072,190.0,205.9538239484787
-25.231,37.812,785.7860000000595,190.0,211.15168820968518
-25.232,37.809,864.0616000000743,190.0,211.7222499958745
-25.233,37.807,912.359199999942,190.0,211.42149117918296
-25.232,37.804,888.2548000000247,190.0,213.40673427570758
-25.232,37.802,853.4399999999221,190.0,211.165354491097
-25.234,37.799,815.040000000055,190.0,210.0020483300076
-25.235,37.798,819.1200000000656,190.0,209.7313182644566
-25.237,37.796,775.5803999999276,190.0,213.73079814297472
-25.239,37.794,711.9131999997595,190.0,209.01834854963658
-25.241,37.793,683.8563999998726,190.0,207.55333578283665
-25.244,37.792,656.444800000033,190.0,211.61337964370097
-25.246,37.791,597.4335999998982,190.0,210.44642324355283
-25.248,37.789,516.6884000000331,190.0,203.96655169715703
-25.248,37.787,466.79719999992653,190.0,206.7744297073611
-25.249,37.785,424.5499999998934,190.0,201.62608578618614
-25.249,37.782,378.82999999994126,190.0,202.12679414060466
-25.248,37.78,350.3720000000012,190.0,201.36030647495625
-25.247,37.778,314.19599999992425,190.0,201.3128919946983
-25.245,37.776,277.8459999999997,190.0,199.39411667751597
-25.242,37.774,239.34159999998766,190.0,200.64998191770349
-25.239,37.773,217.64960000003293,190.0,199.10777796231625
-25.237,37.772,221.61720000000003,190.0,199.18717029124926
-25.235,37.771,220.66400000001283,190.0,199.2580687018922
-25.233,37.77,220.18400000003064,190.0,199.95810132027609
-25.23,37.768,219.34400000000917,190.0,199.37373216398112
-25.229,37.767,218.17280000002137,190.0,199.39416109855108
-25.226,37.765,216.43600000000103,190.0,199.44718879572454
-25.223,37.765,222.6280000000016,190.0,199.2030864509711
-25.221,37.763,235.28880000000237,190.0,199.8324008251408
-25.219,37.762,250.4567999999875,190.0,200.5477372979251
-25.216,37.76,326.48199999997837,190.0,201.7633383553735
-25.213,37.76,379.26999999999214,190.0,202.72186240693864
-25.211,37.759,397.0540000000264,190.0,202.27029860158632
-25.208,37.759,371.1543999999844,190.0,201.9133837807704
-25.206,37.758,334.41039999999913,190.0,204.1804823795539
-25.203,37.757,247.52079999990926,190.0,204.0150786149206
-25.199,37.756,215.3543999999981,190.0,201.2034646937472
-25.197,37.756,244.0484000000572,190.0,204.29384385919604
-25.194,37.756,325.5668000000541,190.0,205.37959219935513
-25.19,37.756,369.70999999998764,190.0,205.59745081746718
-25.187,37.755,390.6560000000417,190.0,204.57135426119763
-25.185,37.756,435.5640000000572,190.0,208.07318953623195
-25.182,37.756,502.8408000000677,190.0,210.60748326208267
-25.179,37.756,561.3264000000586,190.0,211.83645424068052
-25.177,37.755,582.7999999999844,190.0,215.55343688444054
-25.175,37.755,551.6000000000117,190.0,211.1307989003016
-25.174,37.756,538.0639999999898,190.0,210.6391001116712
-25.171,37.757,456.1152000000358,190.0,209.1732883250851
-25.169,37.756,412.53480000004686,190.0,210.65074994672892
-25.167,37.755,381.25800000001254,190.0,206.99447987980307
-25.165,37.754,355.93800000002994,190.0,210.16458526173716
-25.163,37.754,302.0792000000477,190.0,207.33888365462505
-25.161,37.755,235.62800000002053,190.0,208.63365013309874
-25.159,37.757,196.78159999994938,190.0,204.36106233763178
-25.159,37.758,210.0104000000282,190.0,203.56087810097029
-25.16,37.76,238.82000000000085,190.0,206.20273011227434
-25.159,37.762,267.96440000002565,190.0,204.28646351415406
-25.157,37.762,267.80120000002694,190.0,204.61667002330813
-25.155,37.76,218.30000000000996,190.0,207.95477831708166
-25.153,37.759,173.70800000002194,190.0,204.6526658792938
-25.151,37.757,91.07799999991812,190.0,203.99643240530716
-25.151,37.755,55.86100000001881,190.0,205.13008133070713
-25.151,37.753,30.07060000000865,190.0,202.40144501229344
-25.151,37.751,6.167799999977173,190.0,203.48584856191826
-25.151,37.749,-16.13779999999024,190.0,199.05993010146804
-25.267,37.797,843.6815999999901,190.0,207.62737558319978
-25.268,37.796,843.1151999999998,190.0,207.77522981995878
-25.269,37.795,846.5280000000175,190.0,207.9720417039032
-25.27,37.793,826.511999999935,190.0,209.84547534288396
-25.269,37.792,803.9616000000053,190.0,212.17407757744257
-25.268,37.79,737.987999999979,190.0,207.02266439647963
-25.266,37.79,707.5559999999388,190.0,209.42702821849835
-25.265,37.791,723.1559999998767,190.0,211.3166632435797
-25.263,37.792,716.3052000000175,190.0,211.88618283896116
-25.263,37.794,778.1807999998931,190.0,208.79940340212195
-25.264,37.795,811.751999999979,190.0,208.97156154127634
-25.265,37.796,833.4959999999827,190.0,210.17933357298887
-25.266,37.797,844.2767999999801,190.0,208.54180103418156
-25.284,37.883,-181.79260000004504,185.0,163.3422457483527
-25.284,37.88,-141.92800000003595,185.0,169.7183718591515
-25.285,37.879,-121.09599999997299,185.0,173.4828665700773
-25.286,37.877,-88.8636000000304,185.0,179.41604961404136
-25.288,37.875,-61.58999999999725,185.0,182.73592034504574
-25.289,37.874,-50.026800000003334,185.0,185.06988699887137
-25.291,37.873,-41.75339999997111,185.0,186.51619092058502
-25.292,37.872,-36.39759999999383,185.0,187.146364983229
-25.293,37.87,-25.56399999998784,185.0,188.4474252995778
-25.294,37.869,-20.999200000008415,185.0,189.7117510059409
-25.296,37.867,-18.083199999990228,185.0,189.6468050253909
-25.296,37.866,-14.473599999995347,185.0,190.027770328651
-25.295,37.865,-8.680000000005432,185.0,191.37417977900412
-25.294,37.863,1.1312000000039237,185.0,192.67459084881733
-25.292,37.862,7.658599999991732,185.0,192.7150526557746
-25.292,37.86,17.20899999999659,185.0,194.21981572153746
-25.294,37.858,28.739200000030166,185.0,192.979756105733
-25.296,37.857,35.171200000021855,185.0,193.86414843601264
-25.297,37.855,74.18200000013472,185.0,196.54623969453473
-25.299,37.854,112.76300000003955,185.0,194.47112491063476
-25.3,37.852,160.37000000002968,185.0,196.48684409249245
-25.3,37.851,170.81000000001484,185.0,195.11782160421959
-25.3,37.848,202.1300000000445,185.0,194.7495222184537
-25.301,37.847,206.95720000002086,185.0,194.93290306820163
-25.302,37.846,211.46920000005105,185.0,194.0134321936393
-25.305,37.845,203.70000000002997,185.0,193.17894703031732
-25.306,37.845,198.42000000002324,185.0,193.70137721923942
-25.307,37.843,221.19119999994356,185.0,195.4356531762293
-25.306,37.841,241.0164000000154,185.0,193.30735268286662
-25.306,37.839,265.53480000005607,185.0,195.4951361013314
-25.306,37.836,305.0052000000256,185.0,195.09405088731103
-25.307,37.834,330.26799999998326,185.0,194.92253302754648
-25.309,37.833,340.73200000004147,185.0,193.8057815665927
-25.31,37.831,358.0240000000106,185.0,194.8302987062982
-25.311,37.83,362.31800000003307,185.0,194.33823577885914
-25.312,37.828,373.9675999999919,185.0,193.69181277746463
-25.312,37.825,399.2899999999678,185.0,194.11958374355234
-25.312,37.822,428.78359999995394,185.0,195.81575017808802
-25.311,37.82,453.03800000000376,185.0,194.19058768372662
-25.31,37.818,473.566000000018,185.0,196.19840077607168
-25.308,37.816,487.639599999962,185.0,194.67732926234993
-25.306,37.815,493.6660000000037,185.0,195.26441645528365
-25.305,37.813,512.0139999999609,185.0,196.1786005496333
-25.303,37.812,516.4636000000264,185.0,195.6476400137151
-25.301,37.81,536.1760000000014,185.0,195.71640397768812
-25.3,37.808,547.6000000000007,185.0,195.35583023356185
-25.298,37.806,551.6776000000108,185.0,195.71603516547978
-25.296,37.805,576.6399999999982,185.0,196.72793353450058
-25.294,37.803,594.1119999999981,185.0,196.78364598452387
-25.292,37.801,630.2683999999726,185.0,198.72210652147973
-25.29,37.8,661.5500000000459,185.0,199.1196708110316
-25.288,37.798,689.4839999999782,185.0,197.97872189064248
-25.286,37.797,703.0860000000341,185.0,198.7397655962004
-25.284,37.796,716.5092000000127,185.0,200.22489616008784
-25.282,37.794,723.63240000002,185.0,198.79871436495452
-25.28,37.793,733.6079999999984,185.0,199.81958602200322
-25.278,37.792,751.2432000000113,185.0,201.26960829133867
-25.276,37.79,761.7239999999993,185.0,201.1974410636246
-25.274,37.789,746.1624000000477,185.0,203.30083307910905
-25.274,37.788,712.3607999998574,185.0,205.84800300515153
-25.277,37.787,699.3815999999418,185.0,203.68411979863635
-25.279,37.786,667.4287999999694,185.0,200.88466451094314
-25.281,37.785,635.925999999892,185.0,199.86283514089115
-25.282,37.784,604.2363999999333,185.0,202.21187306264014
-25.282,37.782,564.1371999999158,185.0,198.67719099452765
-25.28,37.781,568.9359999999778,185.0,197.38818349096246
-25.278,37.78,562.8880000000051,185.0,198.4575065738546
-25.276,37.779,537.0260000000093,185.0,198.3762391644176
-25.274,37.778,496.7779999999642,185.0,198.2003733100008
-25.272,37.777,463.7143999999846,185.0,196.1028786767189
-25.271,37.776,457.10960000000034,185.0,196.80410395032973
-25.269,37.774,452.8855999999895,185.0,195.71872508730962
-25.267,37.774,428.67919999998435,185.0,197.83894468409142
-25.265,37.773,403.98799999999113,185.0,195.84485881456567
-25.263,37.772,360.10199999999656,185.0,198.02130386987164
-25.261,37.771,312.9419999999881,185.0,195.63229312260614
-25.259,37.77,278.74000000004924,185.0,194.63628004167293
-25.257,37.769,252.14800000001074,185.0,194.5856301550938
-25.254,37.768,234.6652000000164,185.0,193.73581473128664
-25.251,37.768,225.7344000000165,185.0,193.98103262303616
-25.248,37.768,214.5312000000115,185.0,193.47355765258231
-25.246,37.769,221.8852000000092,185.0,193.73221712147682
-25.243,37.768,216.20320000000686,185.0,193.43646176663134
-25.241,37.768,211.03840000000352,185.0,193.47389853589095
-25.239,37.766,200.50919999999113,185.0,194.06662486403715
-25.238,37.764,186.50080000001145,185.0,193.95403030437146
-25.236,37.763,175.49919999999818,185.0,193.3532329702448
-25.234,37.761,178.38079999999678,185.0,193.76927600014042
-25.232,37.759,182.0056000000028,185.0,193.29081166621967
-25.231,37.757,183.4107999999844,185.0,194.6899410722109
-25.229,37.756,190.7811999999991,185.0,193.9193600661424
-25.226,37.754,212.39320000000913,185.0,196.11465222138966
-25.224,37.752,249.19079999990953,185.0,197.15385457181335
-25.223,37.75,306.45000000001454,185.0,199.80650315991195
-25.222,37.748,361.7628000000593,185.0,201.3614760657613
-25.219,37.747,379.47519999995234,185.0,201.81843435459734
-25.217,37.745,337.88199999996556,185.0,201.7877351106166
-25.214,37.745,347.77399999997556,185.0,200.5112974699167
-25.212,37.746,339.21559999999755,185.0,198.0007861673115
-25.21,37.747,316.19600000001105,185.0,199.5923206633784
-25.207,37.748,258.60079999999607,185.0,198.820944897317
-25.205,37.749,208.22599999992903,185.0,198.9894166507263
-25.202,37.749,117.42200000001193,185.0,201.064081628562
-25.199,37.749,134.0540000000344,185.0,198.64818115099885
-25.197,37.749,147.7072000000638,185.0,200.5344493592707
-25.195,37.748,128.58399999985463,185.0,200.6472121852521
-25.192,37.747,148.1872000000037,185.0,197.32280540609767
-25.19,37.745,158.43999999998002,185.0,199.35621849176576
-25.188,37.744,191.00800000008374,185.0,203.481185656996
-25.186,37.743,195.63340000016652,185.0,204.65089228256858
-25.184,37.741,109.23399999993211,185.0,200.56951279491264
-25.182,37.74,63.13000000000335,185.0,203.20105296031934
-25.179,37.738,11.991799999963925,185.0,197.47113412298157
-25.178,37.736,-26.477800000047676,185.0,192.8296042876721
-25.177,37.733,-72.35060000006939,185.0,183.1920435174737
-25.176,37.732,-90.45620000005336,185.0,180.3287177666943
-25.174,37.73,-117.60200000003083,185.0,174.9977721547678
-25.173,37.729,-127.07720000001294,185.0,173.45974961660008
-25.171,37.728,-136.5515999999918,185.0,171.94381923928302
-25.168,37.728,-143.7317999999911,185.0,170.72204025393955
-25.166,37.729,-143.0238000000112,185.0,170.94613212929357
-25.164,37.728,-158.64839999997972,185.0,168.3151896806773
-25.318,37.883,-141.96880000003767,175.0,159.18309912314862
-25.318,37.881,-116.43999999999065,175.0,164.11310310199022
-25.318,37.879,-97.47999999998257,175.0,166.1653178681095
-25.317,37.876,-72.36379999999104,175.0,170.50094437099153
-25.316,37.874,-58.89260000001394,175.0,172.91827746978197
-25.315,37.872,-46.71299999999264,175.0,174.91088813822063
-25.314,37.871,-42.15200000001347,175.0,175.37795864672077
-25.313,37.869,-32.33600000001172,175.0,177.5242653512726
-25.312,37.868,-29.125400000016548,175.0,177.75891326262155
-25.311,37.866,-21.76939999999916,175.0,178.64075443968096
-25.31,37.865,-19.990000000007985,173.0,177.18975922388057
-25.31,37.863,-8.391000000000169,175.0,182.23958250300947
-25.311,37.861,12.16539999999582,175.0,183.0756567570362
-25.313,37.86,49.35199999996533,175.0,185.242117654951
-25.315,37.859,81.23199999998255,175.0,183.69227990911025
-25.317,37.858,93.29920000004009,175.0,182.7412341499246
-25.319,37.857,100.74880000001963,175.0,183.5090304232741
-25.321,37.857,101.93920000002576,175.0,183.62957392186613
-25.322,37.856,112.18120000000634,175.0,184.215646748921
-25.323,37.854,132.22840000002145,175.0,183.30696231109647
-25.324,37.853,138.80439999998433,175.0,183.9916868154441
-25.325,37.851,156.8800000000146,175.0,183.7959277307986
-25.326,37.848,186.0832000000419,175.0,184.57473056529625
-25.326,37.846,200.33360000003674,175.0,183.06896670172506
-25.327,37.844,212.64079999999265,175.0,183.74943240687136
-25.328,37.842,235.18760000002953,175.0,183.66222098543653
-25.329,37.84,259.1059999999997,175.0,184.56374597973567
-25.331,37.838,282.7140000000147,175.0,183.99823614539895
-25.332,37.837,293.84999999998604,175.0,183.10210867994834
-25.334,37.835,308.45200000000176,175.0,184.77436919708424
-25.335,37.833,316.5640000000195,175.0,184.0182614880113
-25.337,37.832,310.57480000001635,175.0,183.46939313718337
-25.339,37.83,310.19200000003383,175.0,184.24996014183847
-25.341,37.83,297.10600000001864,175.0,182.90302188771184
-25.344,37.829,282.6136000000067,175.0,182.90987536789885
-25.346,37.83,268.8280000000356,175.0,183.3392612999016
-25.348,37.83,260.9400000000454,175.0,182.92865828490147
-25.351,37.829,262.2840000000144,175.0,182.65238789982135
-25.354,37.83,248.04000000003828,175.0,183.11121026963656
-25.357,37.83,241.00200000004685,175.0,183.1295368478665
-25.359,37.831,227.13480000000507,175.0,184.46737583207272
-25.362,37.831,219.4780000000124,175.0,184.42640822583533
-25.364,37.83,222.67000000003716,175.0,183.30690270393217
-25.367,37.828,231.37239999998368,175.0,183.06531145105737
-25.368,37.827,237.5476000000244,175.0,184.09656230755934
-25.37,37.827,233.134000000024,175.0,184.2393263006558
-25.372,37.828,218.68719999999033,175.0,183.18282419935625
-25.374,37.83,192.47000000006798,175.0,183.21229628556213
-25.375,37.83,189.95000000007192,175.0,183.48319556713142
-25.375,37.828,217.06999999998203,175.0,184.1407977304374
-25.375,37.826,243.01999999999083,15.0,23.506687659323152
-25.375,37.824,267.9799999999998,175.0,183.9788342801354
-25.375,37.821,298.29000000000974,175.0,182.5571494540144
-25.375,37.819,315.80999999998875,175.0,184.14735980347734
-25.374,37.816,338.7599999999794,175.0,182.92517492309403
-25.373,37.814,353.7055999999915,175.0,183.4682612981942
-25.371,37.812,364.72520000001697,175.0,182.63291993017916
-25.37,37.809,384.4680000000244,175.0,183.16267658205703
-25.37,37.806,406.2240000000098,175.0,184.06547101641215
-25.37,37.803,428.11200000003254,175.0,183.19410647023986
-25.37,37.8,452.00000000003104,175.0,183.22874730052706
-25.369,37.796,483.44760000001236,175.0,183.6493167544141
-25.367,37.794,495.68520000004855,175.0,184.04086197355684
-25.366,37.791,511.34880000002386,175.0,183.24561028975688
-25.366,37.788,524.7200000000165,175.0,183.79579068337773
-25.365,37.785,532.5500000000228,175.0,183.8023775340587
-25.364,37.783,537.314000000005,175.0,183.2953244029865
-25.36,37.782,530.65400000001,175.0,183.40009500091998
-25.358,37.781,530.3468000000069,175.0,183.39876802912067
-25.355,37.78,528.0800000000016,175.0,183.51480562159446
-25.352,37.779,523.9692000000003,175.0,183.32742750925945
-25.349,37.778,520.282800000002,175.0,183.4848900924157
-25.345,37.778,516.9879999999989,175.0,183.4115276459028
-25.341,37.778,515.8503999999978,175.0,183.49551849047663
-25.338,37.778,512.8175999999919,175.0,183.71750300498212
-25.335,37.779,510.97000000000816,175.0,184.69855446369186
-25.333,37.778,497.21799999996756,175.0,184.61781092684487
-25.33,37.778,477.20199999994617,175.0,184.33837316314606
-25.326,37.777,412.807599999908,175.0,185.73513312472252
-25.323,37.778,367.77799999988736,175.0,186.4069276466757
-25.32,37.778,313.4239999998639,175.0,186.98122732085045
-25.319,37.78,353.16799999996465,175.0,187.8095637650705
-25.319,37.783,416.02039999997226,175.0,187.25861540108514
-25.318,37.786,446.44519999996703,175.0,184.73891038294897
-25.317,37.788,475.000399999872,175.0,188.76517552904212
-25.318,37.79,533.7919999999856,175.0,185.59180007285437
-25.319,37.792,574.9256000000048,175.0,188.9003904137853
-25.318,37.794,607.3867999999785,175.0,186.45022875123414
-25.315,37.794,614.0539999999585,175.0,186.82278511779117
-25.313,37.793,579.8599999998773,175.0,190.06538550163827
-25.311,37.792,526.0999999999873,175.0,191.71448125080138
-25.31,37.789,402.2680000000509,175.0,189.8874988609402
-25.309,37.787,339.39759999990656,175.0,188.33645011444378
-25.31,37.784,291.295999999989,175.0,185.43545924996567
-25.308,37.782,285.3823999999951,175.0,183.86085842030326
-25.305,37.781,266.93599999996553,175.0,184.2019048530791
-25.303,37.779,239.5183999999984,175.0,184.44205467894196
-25.302,37.777,228.24399999997564,175.0,183.04321561854317
-25.3,37.775,212.4999999999855,175.0,183.60132780374653
-25.298,37.773,201.36400000000663,175.0,183.25872384532897
-25.296,37.769,259.37039999998814,175.0,184.78440940796776
-25.295,37.766,260.44200000004867,175.0,185.4204357815795
-25.294,37.764,237.02680000005407,175.0,183.03933621993627
-25.293,37.76,199.88200000000077,175.0,184.14817631054777
-25.292,37.757,233.5395999999945,175.0,185.09568244140223
-25.291,37.755,290.0139999999212,175.0,185.9508183475218
-25.289,37.753,372.24159999998193,175.0,189.04423690642062
-25.286,37.753,344.4784000000128,175.0,186.2385104024999
-25.283,37.755,342.95800000003635,175.0,186.80643613243856
-25.281,37.758,410.26960000006545,175.0,190.05173583210626
-25.28,37.76,457.05999999999347,175.0,187.9379893197426
-25.28,37.763,471.82399999998756,175.0,187.9552930811019
-25.28,37.766,480.0859999999818,175.0,188.61897872301955
-25.279,37.767,498.527600000027,175.0,190.6813914301412
-25.276,37.767,511.523600000041,175.0,190.30983113352502
-25.273,37.765,437.4259999999866,175.0,186.63378118979702
-25.271,37.764,389.48800000002154,175.0,189.09273620242072
-25.268,37.763,325.6431999999785,175.0,187.12573416920546
-25.265,37.762,271.86400000003005,175.0,188.1228788767423
-25.263,37.761,230.63600000010663,175.0,185.5523854516763
-25.261,37.759,192.16679999999184,175.0,184.23010091859777
-25.259,37.757,160.28719999996667,175.0,184.58995954100692
-25.257,37.755,136.17800000001282,175.0,183.39677033574824
-25.255,37.753,113.73800000000286,175.0,184.08467767170924
-25.253,37.751,95.87319999998724,175.0,182.98817368163347
-25.251,37.748,69.56199999996709,175.0,183.645839917164
-25.251,37.745,29.947999999970257,175.0,185.88447953080254
-25.251,37.742,-10.942600000039123,175.0,182.0070769057045
-25.25,37.739,-51.04500000006275,175.0,174.86554308551487
-25.249,37.736,-88.12020000001456,175.0,169.92511290148772
-25.249,37.732,-146.2474000000112,175.0,160.61915657094156
-25.249,37.729,-196.34499999999375,175.0,151.2479212749318
-25.288,37.768,266.4968000000006,185.0,197.72032698925844
-25.286,37.769,323.1211999999596,185.0,196.6536224826003
-25.285,37.768,346.7120000000036,185.0,195.7029566690458
-25.284,37.767,374.1872000000464,185.0,199.32833871524292
-25.284,37.765,366.58400000003274,185.0,200.44714087138024
-25.285,37.764,332.19199999997437,185.0,196.7918701379832
-25.287,37.764,275.9996000000011,185.0,198.51661556139
-25.289,37.765,221.97199999994945,185.0,195.71133415059538
-25.29,37.766,215.3879999999899,185.0,194.71459701668263
-25.289,37.767,234.31759999997618,185.0,194.34272777608948
-25.439,37.846,-70.07579999993348,170.0,165.3160750413053
-25.439,37.843,-34.67520000002241,170.0,170.46718673748865
-25.439,37.84,-14.616000000003687,170.0,174.16402367478975
-25.44,37.836,7.758000000011235,170.0,176.93576375269643
-25.44,37.833,25.1870000000254,170.0,176.9859274950507
-25.44,37.83,33.49999999998981,170.0,176.26321242498162
-25.441,37.826,47.16519999996516,170.0,177.6897664793319
-25.441,37.822,81.12859999992409,170.0,177.75195445012082
-25.442,37.819,109.86139999999406,170.0,180.39566020384498
-25.442,37.816,165.05599999993493,170.0,181.2811519723364
-25.442,37.813,230.40479999993394,170.0,179.47233294347606
-25.44,37.809,352.0180000001111,170.0,180.44709253433302
-25.436,37.808,368.02679999999225,170.0,182.55502693331985
-25.432,37.807,339.3083999999247,170.0,184.41097626399636
-25.427,37.807,356.92719999993216,170.0,184.18160138468795
-25.423,37.807,385.11279999994457,170.0,183.67599385619394
-25.418,37.806,418.5536000000215,170.0,182.08291514305793
-25.414,37.804,452.95159999998134,170.0,180.2875364546291
-25.411,37.801,501.71439999999046,170.0,181.34656438887052
-25.41,37.797,574.3120000000486,170.0,182.19531172071584
-25.409,37.793,632.5096000000315,170.0,181.89279610728047
-25.405,37.793,599.410000000028,170.0,180.57769420539853
-25.401,37.793,562.9072000000122,170.0,179.48209944117625
-25.402,37.79,585.3520000000087,170.0,180.9573845378531
-25.402,37.787,605.4648000000248,170.0,181.01464504968027
-25.4,37.784,607.8999999999967,170.0,179.57572627703192
-25.398,37.781,602.0212000000028,170.0,180.33118671347916
-25.395,37.779,605.6939999999885,170.0,179.47587898769513
-25.392,37.777,608.1196000000031,170.0,179.64410581186587
-25.389,37.778,596.7351999999908,170.0,179.33890972406584
-25.386,37.779,585.4263999999919,170.0,179.4147727324673
-25.386,37.775,591.5099999999995,170.0,179.9545011503188
-25.382,37.77,591.809999999992,170.0,179.3802091683601
-25.384,37.772,589.409999999998,170.0,179.02372967901374
-25.38,37.769,593.3939999999917,170.0,179.35550455624067
-25.377,37.771,582.512799999991,170.0,179.01332842021435
-25.374,37.771,576.4935999999956,170.0,179.11012412368623
-25.371,37.768,572.6160000000045,170.0,179.01949645186147
-25.369,37.767,579.3359999999875,170.0,180.83950488430855
-25.368,37.77,583.7160000000033,170.0,179.47758194333244
-25.364,37.771,603.2391999999954,170.0,180.0716516372738
-25.359,37.772,573.8180000000308,170.0,180.4053007486089
-25.355,37.772,544.1480000000122,170.0,179.37103037408082
-25.351,37.772,524.0108000000013,170.0,178.68019238576395
-25.347,37.772,517.0980000000004,170.0,178.5851324857823
-25.343,37.77,510.4500000000102,170.0,179.0894599113749
-25.341,37.765,462.282000000016,170.0,182.91687241483822
-25.342,37.763,441.6623999999328,170.0,182.36593632409733
-25.34,37.759,314.50199999999427,170.0,180.02441366200372
-25.336,37.759,283.92879999999093,170.0,178.16775002212145
-25.333,37.762,288.3264000000004,170.0,178.0799497175717
-25.331,37.765,288.11600000000107,170.0,177.79775255234392
-25.327,37.768,294.8304000000058,170.0,177.61925241816851
-25.323,37.77,276.515999999981,170.0,177.88173879796216
-25.318,37.772,235.61519999999862,170.0,177.82972436871125
-25.316,37.771,222.223199999982,170.0,178.2248003253339
-25.312,37.771,213.12079999999577,170.0,177.6641960393325
-25.309,37.769,221.55639999999875,170.0,177.3627425989243
-25.305,37.767,252.98800000000062,170.0,179.05425554837817
-25.302,37.764,306.0191999999999,170.0,177.8662950187668
-25.3,37.761,289.2000000000338,170.0,180.7541728127125
-25.3,37.757,205.86999999993418,170.0,179.1305835213955
-25.302,37.755,195.11200000000957,170.0,178.28363916076898
-25.308,37.751,208.06679999993838,170.0,182.2897842848093
-25.305,37.753,183.05600000001502,170.0,179.09337162292772
-25.31,37.749,239.57399999994252,170.0,178.68801179572515
-25.31,37.745,243.799999999923,170.0,181.66031335418916
-25.309,37.741,286.31840000001205,170.0,185.54115606221757
-25.307,37.737,221.93479999995802,170.0,185.30094308040196
-25.306,37.733,85.71119999984455,170.0,185.4459095952599
-25.306,37.729,14.441999999983436,170.0,180.13246365137195
-25.305,37.725,-21.450000000015816,170.0,175.766018332484
-25.303,37.723,-59.370000000067506,170.0,168.83444375485368
-25.301,37.72,-115.37600000007203,170.0,160.37205063598606
-25.299,37.717,-184.01840000004154,170.0,148.09649523319868
-25.329,37.702,-364.2970000000707,165.0,112.66087080049624
-25.329,37.707,-227.9413999999214,165.0,136.96562017403764
-25.328,37.712,-96.9217999999557,165.0,159.88270767495575
-25.324,37.715,-24.623999999999988,165.0,170.27937185352627
-25.321,37.717,2.531799999960656,165.0,174.7657138052664
-25.321,37.722,24.842800000001212,165.0,173.456270870353
-25.321,37.726,69.8387999999794,165.0,174.74414802890692
-25.322,37.731,189.22039999997128,165.0,175.687903744693
-25.323,37.735,321.6339999999959,165.0,176.7146300469185
-25.325,37.738,342.31000000000995,165.0,176.87398197259137
-25.328,37.739,325.061200000028,165.0,174.53437816603247
-25.331,37.74,326.99799999999806,165.0,174.06432574386156
-25.334,37.738,365.95959999998155,165.0,177.55595792584583
-25.335,37.74,389.6800000000059,165.0,175.47682185613468
-25.335,37.744,376.4440000000042,165.0,174.3788829443586
-25.336,37.747,387.2127999999699,165.0,176.34990894640097
-25.34,37.749,428.5659999999636,165.0,175.516852212956
-25.343,37.751,438.362800000014,165.0,176.1025166804823
-25.345,37.753,457.06199999997244,165.0,178.0523013917355
-25.347,37.756,488.90040000004,165.0,175.8737865215166
-25.345,37.76,464.4599999999767,165.0,178.76117699365545
-25.346,37.763,510.0779999999897,165.0,175.55342957330762
-25.348,37.763,533.1059999999928,165.0,176.54379120266188
-25.351,37.763,555.6420000000045,165.0,176.1022542279469
-25.355,37.764,594.8539999999989,165.0,176.15709935271644
-25.358,37.766,612.254000000026,165.0,177.03919383787957
-25.36,37.765,640.5500000000035,165.0,177.0300739873705
-25.362,37.761,660.380399999979,165.0,177.18166087514973
-25.364,37.758,665.2207999999918,165.0,177.52728243226778
-25.365,37.754,624.6059999999694,165.0,178.92754912821016
-25.363,37.749,532.9724000000241,165.0,176.6488853134658
-25.363,37.745,473.56599999996763,165.0,176.32526577154835
-25.363,37.741,422.87679999997886,165.0,176.3495876017086
-25.366,37.737,340.8604000000272,165.0,176.20560242090744
-25.369,37.735,302.5420000000038,165.0,174.88531934293957
-25.372,37.734,302.72440000001126,165.0,175.74307234843565
-25.376,37.733,300.11239999994876,165.0,174.69595513502037
-25.38,37.734,318.25600000001054,165.0,175.20634373865335
-25.382,37.737,346.6168000000133,165.0,173.99952040916907
-25.381,37.741,379.60159999999047,165.0,173.65766747840638
-25.381,37.743,395.5568000000251,165.0,174.64061403645334
-25.384,37.743,394.8752000000208,165.0,174.30750168798488
-25.389,37.744,408.5600000000035,165.0,173.47812857680253
-25.393,37.746,428.99120000001375,165.0,174.21156670327474
-25.398,37.748,451.8003999999674,165.0,173.90223970128696
-25.401,37.751,481.14759999998824,165.0,174.79825094138965
-25.404,37.754,496.1215999999989,165.0,173.33308278485364
-25.407,37.756,490.35320000000166,165.0,174.89335526140928
-25.407,37.76,532.8019999999999,165.0,174.9666167257551
-25.406,37.763,556.4323999999928,165.0,174.25946085162371
-25.403,37.765,583.7740000000066,165.0,174.37100903579088
-25.402,37.769,622.5356000000111,165.0,175.22488169726893
-25.403,37.772,637.613199999992,165.0,176.10151781496208
-25.405,37.777,680.597999999987,165.0,177.51016777279867
-25.408,37.78,681.8560000000086,165.0,176.13697838704923
-25.411,37.783,702.9336000000113,165.0,177.18937543686155
-25.414,37.786,732.7292000000259,165.0,179.063965611733
-25.417,37.789,710.727999999976,165.0,179.1101800963121
-25.417,37.793,640.8956000000456,165.0,179.00792890751333
-25.422,37.795,608.0660000000051,165.0,178.3640619370883
-25.427,37.796,611.9400000000308,165.0,176.96884543698343
-25.432,37.797,617.7372000000512,165.0,178.8331964412725
-25.436,37.798,616.3559999998961,165.0,181.76486740711454
-25.44,37.8,605.7000000000955,165.0,179.52526048215083
-25.444,37.8,593.880000000114,165.0,179.02708138488052
-25.447,37.803,522.0340000001046,165.0,180.71604189811708
-25.449,37.806,464.75920000004106,165.0,178.3762930061553
-25.453,37.808,472.9911999999992,165.0,178.80878582145837
-25.457,37.809,461.2288000000452,165.0,175.99437340533882
-25.461,37.809,425.3524000000691,165.0,175.13948397910053
-25.462,37.812,382.81240000002555,165.0,174.51347563436624
-25.462,37.816,346.5951999999529,165.0,176.68123656895358
-25.46,37.82,263.5150000000042,165.0,178.70004105653885
-25.46,37.825,143.22499999994622,165.0,173.97543974278722
-25.461,37.829,89.73560000001876,165.0,173.45496266356932
-25.461,37.833,44.06000000004032,165.0,173.09275462189458
-25.461,37.836,13.769200000018348,165.0,172.2305151026386
-25.46,37.841,-27.834999999992366,165.0,166.94679973111542
-25.46,37.845,-51.114999999985336,165.0,162.98938009279078
-25.481,37.85,-45.06999999999466,160.0,158.9917384562379
-25.482,37.847,-20.422799999987838,160.0,163.08360192776152
-25.482,37.843,15.122399999979649,160.0,167.80728757057477
-25.482,37.84,37.93200000000158,160.0,167.5694452231555
-25.482,37.836,56.13280000001082,160.0,166.69373753147934
-25.483,37.833,113.93960000008727,160.0,169.8726450267377
-25.485,37.831,144.57199999999835,160.0,166.51110270522761
-25.489,37.828,108.43479999997639,160.0,165.89626379374772
-25.492,37.825,99.55999999998679,160.0,166.3408540834537
-25.494,37.822,97.37279999998451,160.0,165.36477261434453
-25.497,37.82,99.2640000000019,160.0,165.85642542960477
-25.499,37.818,105.15800000000704,160.0,165.26731449328616
-25.501,37.815,106.1900000000017,160.0,165.3132805063341
-25.501,37.812,116.62240000001296,160.0,166.35073298992683
-25.503,37.809,121.86280000001997,160.0,165.40162730739672
-25.506,37.808,118.877200000004,160.0,166.6026550594685
-25.51,37.809,103.07800000001622,160.0,165.66419306202505
-25.514,37.811,81.42040000001089,160.0,165.2710442341587
-25.517,37.813,66.73879999999222,160.0,165.54078800531707
-25.52,37.815,54.69000000000404,160.0,165.2335022739459
-25.523,37.817,44.24840000000154,160.0,165.0986524839971
-25.525,37.814,48.81999999999983,160.0,165.151655412187
-25.524,37.809,66.55480000000827,160.0,164.73605853387465
-25.522,37.806,81.17960000000986,160.0,164.9740336900248
-25.524,37.803,83.77720000001037,160.0,165.62768154778303
-25.52,37.802,99.96000000000876,160.0,165.54920935566088
-25.517,37.801,111.44760000000318,160.0,165.78179169386632
-25.515,37.798,125.28599999999435,160.0,165.94238117931576
-25.514,37.795,146.08200000000636,160.0,167.2309857910492
-25.513,37.792,179.12999999999738,160.0,167.67232407138144
-25.513,37.788,226.95360000004564,160.0,167.56336154640746
-25.512,37.784,290.3968000000694,160.0,168.01043017202494
-25.508,37.782,358.6664000000942,160.0,172.16748791232814
-25.503,37.78,428.4500000000116,160.0,169.0579390117007
-25.499,37.779,500.8468000000147,160.0,172.1357866188394
-25.493,37.779,529.7171999999711,160.0,172.44639393415383
-25.487,37.78,518.1320000000013,160.0,169.89256889570115
-25.481,37.783,497.4424000000015,160.0,171.42834951788285
-25.477,37.786,441.4659999999934,160.0,171.4313846387994
-25.474,37.79,486.5540000000062,160.0,170.20278876736484
-25.47,37.797,399.02000000006376,160.0,170.16263334443462
-25.465,37.797,456.9920000000711,160.0,170.10428796902093
-25.46,37.795,567.8899999999971,160.0,175.94920547417308
-25.454,37.793,646.3892000000361,160.0,173.04125970652524
-25.449,37.792,706.9759999999914,160.0,173.17131334863797
-25.445,37.79,787.4300000000225,160.0,176.09782061692772
-25.44,37.788,782.290000000004,160.0,174.04095473655372
-25.439,37.785,786.0000000000085,160.0,173.90895536783228
-25.435,37.782,810.9040000000103,160.0,175.92059974351776
-25.43,37.782,766.3300000000095,160.0,173.1770633703203
-25.426,37.782,745.2631999999716,160.0,173.21383919437574
-25.423,37.779,719.5124000000127,160.0,171.31581284608237
-25.423,37.775,685.5599999999713,160.0,170.512379281623
-25.422,37.772,654.7439999999859,160.0,172.02987200964066
-25.418,37.772,646.3379999999856,160.0,171.85624885984802
-25.415,37.773,647.36400000003,160.0,172.16837348025211
-25.412,37.771,622.1088000000193,160.0,170.0073459621639
-25.415,37.769,606.4500000000094,160.0,171.15509736331853
-25.418,37.769,613.1460000000109,160.0,170.7922226480594
-25.421,37.768,605.8836000000233,160.0,170.8316571774306
-25.421,37.765,581.4180000000006,160.0,170.08477320900244
-25.422,37.76,552.4820000000043,160.0,170.2777123676433
-25.424,37.755,511.0900000000141,160.0,169.34744387098016
-25.424,37.751,484.0027999999909,160.0,169.3734533717554
-25.421,37.748,467.59439999997454,160.0,169.31562655170478
-25.424,37.743,413.77320000004,160.0,171.18993925020894
-25.423,37.739,353.4275999999041,160.0,171.73264519201902
-25.423,37.735,272.10999999999524,160.0,172.14261679585272
-25.42,37.732,213.32799999992406,160.0,168.3980465525776
-25.414,37.728,159.65520000001754,160.0,167.74583988177503
-25.409,37.727,161.41399999996855,160.0,169.00553656995623
-25.404,37.728,203.2236000000225,160.0,168.46193228821843
-25.399,37.73,261.76999999992074,160.0,170.9796539099015
-25.395,37.728,238.344000000019,160.0,168.10456816936903
-25.391,37.727,235.9139999999661,160.0,168.6038414751501
-25.386,37.727,245.8739999999536,160.0,169.02444187930706
-25.381,37.727,240.9495999999512,160.0,168.88110184508227
-25.377,37.726,215.6851999999807,160.0,170.2865652143109
-25.374,37.724,188.6275999999218,160.0,169.16103653195398
-25.369,37.721,144.94759999993448,160.0,170.78243441853164
-25.365,37.719,102.40400000001236,160.0,168.75375338677776
-25.361,37.717,23.799399999959203,160.0,172.05480622259424
-25.358,37.713,-82.23720000000196,160.0,154.72153547302747
-25.357,37.709,-144.60519999994014,160.0,144.6612793662196
-25.356,37.706,-210.728799999859,160.0,133.3828644952142
-25.356,37.702,-282.65440000003184,160.0,120.84018130565391
-25.354,37.699,-372.87520000001143,160.0,107.58146917468527
-25.663,37.859,-340.06520000001314,160.0,109.81999230705199
-25.664,37.856,-278.84239999995566,160.0,121.55661275665244
-25.665,37.852,-200.0739999999626,160.0,134.21793887797236
-25.665,37.849,-155.93799999991973,160.0,140.05683527394714
-25.665,37.844,-90.13300000001449,160.0,151.5125997090738
-25.665,37.84,-46.04500000000094,160.0,158.51079659519687
-25.665,37.836,-7.9599999999778746,160.0,164.58411208766472
-25.666,37.831,26.47840000000583,160.0,166.4576267622179
-25.666,37.826,56.67039999999669,160.0,166.15563248626935
-25.665,37.823,75.68799999998325,160.0,166.08929798558788
-25.663,37.82,92.1040000000014,160.0,165.40466471766356
-25.66,37.817,110.25999999999956,160.0,165.7673249626961
-25.661,37.813,156.6467999999678,160.0,166.9931547537274
-25.661,37.809,199.2220000000278,160.0,166.80069936471102
-25.66,37.806,223.33000000000285,160.0,166.63198328193448
-25.658,37.805,232.80999999999528,160.0,166.48428811934488
-25.654,37.806,221.67040000001884,160.0,167.53117220217857
-25.652,37.802,286.7043999999987,160.0,169.94441330674468
-25.649,37.799,272.56360000000336,160.0,166.11980770808688
-25.646,37.797,278.1740000000111,160.0,167.5168045317294
-25.65,37.796,269.18000000000404,160.0,166.46780325485136
-25.654,37.797,252.18159999998724,160.0,166.1649057633406
-25.658,37.794,229.43319999998997,160.0,165.14062904865148
-25.662,37.792,231.43719999999826,161.0,166.19985261294377
-25.666,37.791,242.79480000000945,160.0,165.49333596905709
-25.669,37.789,262.17839999998967,160.0,166.2002096457005
-25.671,37.786,286.2744000000088,160.0,165.8914378508793
-25.673,37.783,282.2679999999982,160.0,165.9423873286146
-25.674,37.779,263.1628000000111,160.0,166.1670444134562
-25.677,37.776,241.66600000000585,160.0,167.10801241458216
-25.678,37.773,209.189600000031,160.0,165.91351563970912
-25.68,37.768,181.73200000001444,160.0,165.7724722598541
-25.684,37.767,177.30040000001486,160.0,165.46539924134652
-25.689,37.765,175.72599999999838,160.0,164.84366600704368
-25.693,37.763,172.06839999999133,160.0,166.03360983075956
-25.696,37.761,162.37120000002716,160.0,164.97313546190202
-25.701,37.759,152.51160000000712,160.0,165.97089514862517
-25.706,37.758,151.03480000001397,160.0,165.60739418808393
-25.71,37.759,158.01400000000797,160.0,166.20727998556595
-25.714,37.759,159.02280000000835,160.0,166.40368469794393
-25.719,37.759,148.69720000000814,160.0,167.23594637523016
-25.723,37.758,126.98280000003044,160.0,166.62729137823482
-25.727,37.757,101.75879999995769,160.0,166.21301367342758
-25.731,37.755,49.07200000002028,160.0,167.7779662501366
-25.737,37.753,-16.063599999987037,160.0,162.17749118000464
-25.741,37.751,-46.618000000010994,160.0,157.43911194043432
-25.744,37.749,-69.28360000000026,160.0,153.20595314833957
-25.748,37.747,-89.7924000000103,160.0,149.4349646309473
-25.755,37.896,168.1020000000071,140.0,153.2992005349478
-25.757,37.893,224.7060000000439,160.0,172.54056141641277
-25.761,37.892,264.5355999999881,160.0,174.50365197419717
-25.766,37.892,289.08839999998514,160.0,173.58663982518323
-25.769,37.892,302.85479999999416,140.0,154.51308955918392
-25.753,37.899,101.14480000000319,140.0,153.4284222805884
-25.751,37.903,10.934400000056518,140.0,151.9356405917867
-25.75,37.907,-41.86499999995129,140.0,143.5444544599326
-25.774,37.893,295.4444000000418,140.0,152.33173077659794
-25.779,37.893,301.40920000002836,140.0,152.08083164413023
-25.783,37.894,284.4184000000322,140.0,152.1640175909154
-25.786,37.895,255.49599999998878,140.0,153.4680352259877
-25.79,37.897,208.36400000003147,140.0,151.41414715681555
-25.792,37.898,197.3619999999422,140.0,151.6553922877343
-25.795,37.901,95.0229999999446,140.0,156.21609142879603
-25.797,37.903,14.252600000015303,140.0,152.05261295855098
-25.799,37.904,-10.31560000000842,140.0,148.4252353917893
-25.802,37.906,-27.293199999999306,140.0,144.89144367895233
-25.804,37.909,-37.5727999999929,140.0,143.15685972957505
-25.736,37.901,-50.2331999999931,145.0,148.0307793702433
-25.739,37.899,10.48680000002177,145.0,157.56039802328124
-25.741,37.897,53.487200000046165,145.0,156.6120441478163
-25.744,37.895,117.49700000001086,145.0,158.32635174023562
-25.747,37.893,184.40120000005055,145.0,156.18523702803245
-25.748,37.891,217.83160000004938,145.0,158.40507383285535
-25.751,37.889,251.65799999996494,145.0,156.28245105898165
-25.753,37.887,290.2471999999687,145.0,159.6745025831434
-25.756,37.885,336.357999999994,145.0,156.9872176003039
-25.759,37.882,414.4432000000382,145.0,160.4926567713301
-25.763,37.882,444.50200000004907,145.0,160.88662623059358
-25.766,37.883,444.2799999999461,145.0,161.38705057967385
-25.772,37.883,448.3827999999587,145.0,160.94347376100143
-25.775,37.883,439.47999999996836,145.0,160.22167257146313
-25.78,37.883,424.3499999999717,145.0,159.02090352721487
-25.784,37.884,412.9031999999825,145.0,159.3389438215234
-25.788,37.884,394.46239999996874,145.0,160.2470478289452
-25.792,37.883,388.9831999999298,145.0,160.88250124421174
-25.795,37.883,369.63199999993606,145.0,159.90678043421073
-25.799,37.881,362.90840000000554,145.0,159.40164373296253
-25.802,37.88,344.24599999995263,145.0,157.6636365006146
-25.805,37.878,371.3059999999681,145.0,159.63300455238743
-25.808,37.877,381.3091999999791,145.0,158.3686979845921
-25.811,37.876,370.651999999999,145.0,158.63908964402864
-25.815,37.874,358.75799999998725,145.0,159.9107486617453
-25.819,37.873,315.8928000000799,145.0,159.489306817667
-25.822,37.872,294.32520000004683,145.0,157.78038171249864
-25.824,37.87,305.5400000000273,145.0,157.95268290357401
-25.826,37.866,314.63840000001244,145.0,157.83255104896745
-25.827,37.863,311.1675999999943,145.0,158.18515052668346
-25.829,37.859,288.92320000000814,145.0,157.59554611513943
-25.832,37.857,238.69239999998496,145.0,157.61046098832895
-25.834,37.854,202.4787999999923,145.0,156.39755715991785
-25.837,37.851,168.05719999999332,145.0,154.74599341819513
-25.841,37.851,152.68039999999493,145.0,155.32375106650952
-25.847,37.851,108.9787999999825,145.0,155.1924114219778
-25.85,37.851,72.48999999996374,145.0,154.70162775962686
-25.852,37.852,61.56039999994916,145.0,156.06062469705014
-25.856,37.854,-13.082000000047895,145.0,153.62815356163603
-25.86,37.856,-38.98100000000179,145.0,147.7139632885474
-25.865,37.857,-45.03200000000304,145.0,146.47494908935843
-25.868,37.857,-48.790400000001426,145.0,145.9215960657253
-25.715,37.888,15.017000000018477,150.0,161.1870208583634
-25.715,37.886,42.448999999933065,150.0,161.0268476452848
-25.716,37.884,69.25659999999654,150.0,161.32373988927324
-25.719,37.882,120.87520000004828,150.0,161.8278855361192
-25.721,37.88,165.42999999998185,150.0,161.88317990204646
-25.723,37.877,210.3979999999569,150.0,160.8003001450671
-25.725,37.874,250.7900000000015,150.0,161.4337861133359
-25.728,37.872,292.4360000000323,150.0,161.05414000497356
-25.732,37.87,345.8540000000184,150.0,162.8091876250395
-25.735,37.869,379.45399999999483,150.0,162.21289564873422
-25.738,37.867,418.81960000002414,150.0,162.15428306222708
-25.742,37.865,467.10800000001984,150.0,164.32494200752677
-25.746,37.863,517.760800000017,150.0,163.20618303506745
-25.749,37.864,527.7488000000434,150.0,162.95421167938514
-25.752,37.866,533.5583999999877,150.0,164.1622685700814
-25.755,37.867,556.4779999999905,150.0,164.1058760498858
-25.758,37.869,572.4955999999727,150.0,166.62242442856623
-25.762,37.871,535.0372000000114,150.0,168.23694699644264
-25.765,37.872,456.4460000000073,150.0,167.055190569353
-25.769,37.872,293.89040000001256,150.0,164.60954299704852
-25.772,37.873,272.8647999999033,150.0,161.60201003374814
-25.776,37.873,261.36399999995723,150.0,159.99001995298892
-25.78,37.874,263.6920000000039,150.0,160.01553196944425
-25.784,37.875,271.9299999999977,150.0,160.96145936754783
-25.787,37.876,300.9051999999799,150.0,162.78072651472553
-25.79,37.877,349.87200000004674,150.0,163.42098571150422
-25.794,37.876,396.812399999981,150.0,162.4688403043367
-25.796,37.875,388.8300000000007,150.0,163.62674838209625
-25.798,37.872,377.8267999999945,150.0,161.91958361607894
-25.797,37.869,356.59880000003403,150.0,161.3935033614945
-25.794,37.866,276.24200000000667,150.0,160.43839402823588
-25.792,37.864,264.20240000000524,150.0,158.9996021668949
-25.79,37.862,262.243999999999,150.0,158.84753177989109
-25.79,37.859,264.33199999999755,150.0,158.85697425893795
-25.792,37.857,273.1448000000131,150.0,159.45985200106063
-25.795,37.854,297.39800000002685,150.0,160.67759295044007
-25.797,37.852,319.5772000000114,150.0,159.3684545024529
-25.8,37.851,338.70000000000874,150.0,160.35004719601915
-25.804,37.85,355.05999999999943,150.0,161.4746306895525
-25.807,37.849,388.7272000000902,150.0,163.02536030815173
-25.81,37.847,452.7200000000038,150.0,162.89460099688972
-25.811,37.845,443.23599999997504,150.0,162.78442738547392
-25.813,37.842,383.5311999999915,150.0,161.87071137588978
-25.815,37.84,337.43000000000444,150.0,161.3351500657927
-25.818,37.838,278.84879999998265,150.0,161.00946311444932
-25.822,37.838,233.92800000001242,150.0,160.0433455852857
-25.826,37.837,191.28920000001108,150.0,159.87330378637614
-25.83,37.837,151.54600000003228,150.0,159.40960776694888
-25.833,37.836,119.32720000001055,150.0,160.32961771755367
-25.836,37.835,90.2900000000168,150.0,159.6434815096824
-25.84,37.833,50.58999999999287,150.0,159.68464483688564
-25.843,37.832,29.08600000000134,150.0,158.40363431263236
-25.846,37.831,-0.11960000000759585,150.0,158.575689834834
-25.849,37.83,-28.373000000017566,150.0,153.76363746716396
-25.851,37.829,-41.3306000000028,150.0,151.07492171330617
-25.854,37.829,-48.88120000000343,150.0,149.6938457780422
-25.857,37.828,-53.507199999999095,150.0,149.0259341571318
-25.687,37.867,-161.50739999997398,155.0,136.332564065311
-25.689,37.866,-117.71940000000836,155.0,143.07726447498231
-25.691,37.864,-66.0340000000103,155.0,151.79666093935498
-25.693,37.862,-26.38600000000816,155.0,158.88277772959424
-25.697,37.861,22.899199999986795,155.0,163.81201335552922
-25.7,37.861,49.05499999999008,155.0,164.4944998154234
-25.703,37.861,80.24439999997539,155.0,163.94840544541336
-25.706,37.861,129.21879999998293,155.0,164.95158470095257
-25.708,37.859,171.4655999999537,155.0,166.49045724238815
-25.711,37.857,231.35039999998685,155.0,165.19164489615403
-25.712,37.855,253.75800000002332,155.0,165.4060081071331
-25.715,37.851,310.2820000000038,155.0,164.6233730759771
-25.717,37.849,337.8724000000144,155.0,166.3941148291765
-25.718,37.845,370.3640000000131,155.0,164.75100772472808
-25.72,37.842,399.68000000000177,155.0,165.03080189946937
-25.721,37.839,418.9936000000224,155.0,165.69474807227698
-25.723,37.836,451.70600000000616,155.0,165.4487705720508
-25.724,37.833,470.89720000001927,155.0,165.4891620175227
-25.725,37.829,491.59000000001873,155.0,166.26861752595198
-25.725,37.826,498.6200000000107,155.0,165.58706913529625
-25.725,37.822,506.95000000001556,155.0,166.13756259448442
-25.725,37.819,505.1500000000216,155.0,165.85928097845834
-25.724,37.816,503.2431999999939,155.0,165.20953992410546
-25.724,37.812,507.60240000000533,155.0,164.8875814118898
-25.725,37.809,503.1699999999806,155.0,166.52583618243892
-25.726,37.806,474.24279999997833,155.0,166.55622023567793
-25.729,37.804,458.4428000000164,155.0,163.9621378828314
-25.732,37.803,454.4551999999569,155.0,164.81316921048312
-25.736,37.803,456.9527999999432,155.0,165.25933389376922
-25.74,37.804,470.5740000000226,155.0,164.4119446628423
-25.744,37.806,500.3123999999795,155.0,167.5409078921353
-25.747,37.808,525.6695999999955,155.0,165.91451108418457
-25.75,37.811,564.9999999999659,155.0,170.59048447622882
-25.754,37.813,585.0848000000533,155.0,167.4173711242444
-25.757,37.815,596.4959999999846,155.0,171.32278152247682
-25.761,37.816,571.2184000000659,155.0,168.6794713299605
-25.764,37.817,542.6392000000238,155.0,167.746788946386
-25.767,37.818,519.6199999999857,155.0,168.15982731000145
-25.77,37.82,509.93000000000836,155.0,167.96418098177907
-25.774,37.821,487.25919999998547,155.0,166.7332059985074
-25.777,37.823,481.5012000000236,155.0,167.1857223901303
-25.781,37.823,457.21200000003034,155.0,167.27843412127748
-25.785,37.823,428.70000000002017,155.0,167.21528508913494
-25.79,37.823,382.4940000000327,155.0,166.25888944606103
-25.793,37.821,329.67999999998574,155.0,164.67110079097876
-25.796,37.821,297.9567999999831,155.0,165.84635488201843
-25.799,37.822,277.15200000003546,155.0,165.1241531907429
-25.802,37.823,255.54080000001397,155.0,164.89035142060354
-25.805,37.823,226.0360000000134,155.0,165.54900759518034
-25.809,37.825,208.57000000000835,155.0,163.7116387036029
-25.812,37.826,191.34919999998988,155.0,165.24944991368528
-25.816,37.825,153.48000000003984,155.0,164.97511101601327
-25.819,37.825,133.50000000003632,155.0,164.29460830819417
-25.822,37.824,108.88560000000979,155.0,164.51018951241528
-25.825,37.822,74.52000000004597,155.0,163.70252714639426
-25.828,37.82,41.313000000009254,155.0,164.47878602803746
-25.83,37.818,13.106999999992402,155.0,162.82756610839064
-25.832,37.816,-9.634799999979602,155.0,161.65713399484582
-25.834,37.814,-27.498999999989223,155.0,157.5729887597572
-25.642,37.712,-256.22759999999175,155.0,116.472141979355
-25.643,37.715,-224.65300000000036,155.0,121.07435841558669
-25.642,37.719,-191.74299999999852,155.0,126.34498842093006
-25.642,37.723,-154.37800000004702,155.0,132.86502696677582
-25.642,37.727,-118.28200000003264,155.0,138.99782274982581
-25.642,37.73,-92.96000000004773,155.0,143.78369844460497
-25.642,37.733,-68.7926000000381,155.0,148.03994595737416
-25.643,37.736,-42.761800000017104,155.0,151.87567796521077
-25.644,37.739,-19.35640000003775,155.0,155.54069632819446
-25.643,37.743,1.8798000000162793,155.0,159.1532342068899
-25.64,37.745,11.489999999992179,155.0,159.38167041151593
-25.637,37.746,12.421600000003789,155.0,159.54229819537878
-25.635,37.749,17.590000000006114,155.0,159.30107789765788
-25.632,37.751,23.1339999999932,155.0,159.1235341094699
-25.629,37.752,23.854000000018367,155.0,159.04143448552222
-25.625,37.751,14.35999999999311,155.0,159.29110444425402
-25.623,37.748,3.28159999998725,155.0,159.02585487715666
-25.622,37.744,-34.770999999991844,155.0,153.12741290383482
-25.622,37.741,-55.472200000010815,155.0,150.08470210169418
-25.622,37.738,-76.80820000001295,155.0,146.2780418208067
-25.622,37.735,-99.82000000000107,155.0,141.80360078400946
-25.621,37.731,-135.0724000000112,155.0,135.93671272170477
-25.619,37.728,-165.92679999998688,155.0,131.6037979713764
-25.619,37.724,-207.4544000000597,155.0,124.74486453386278
-25.617,37.721,-237.30360000005322,155.0,119.1453079998554
-25.616,37.717,-272.41980000002343,155.0,112.9658475235507
-25.615,37.714,-291.50600000001396,155.0,109.24308216276852
-25.601,37.713,-260.9988000000071,155.0,114.5669856281965
-25.601,37.718,-227.47659999997785,155.0,120.5593738662785
-25.601,37.721,-204.0208000000406,155.0,124.35404318294187
-25.601,37.725,-170.87999999999857,155.0,130.20570927997898
-25.602,37.729,-139.2338000000179,155.0,135.88651847440684
-25.601,37.733,-103.14920000003394,155.0,142.02018330748254
-25.599,37.736,-74.95540000001861,155.0,146.6242900780452
-25.598,37.74,-41.42599999999882,155.0,152.52347407417722
-25.599,37.743,-0.5875999999600321,155.0,158.90395601335155
-25.6,37.746,18.10000000000619,155.0,159.30407961619585
-25.601,37.749,30.24000000000774,155.0,159.66242629614808
-25.601,37.752,46.08000000002275,155.0,159.1088068974611
-25.603,37.754,53.32799999998643,155.0,160.0980881915557
-25.604,37.756,58.65599999999687,155.0,159.6329521197823
-25.602,37.759,79.6796000000052,155.0,159.604910839845
-25.599,37.758,79.61240000001374,155.0,160.19477923694424
-25.596,37.761,99.1912000000155,155.0,159.73174981706268
-25.594,37.763,108.7143999999934,155.0,159.72353944408638
-25.59,37.765,131.0100000000013,155.0,159.61334137914145
-25.588,37.767,152.94040000003474,155.0,160.49625425377295
-25.585,37.769,177.3840000000136,155.0,160.31115945306917
-25.58,37.767,163.48200000003018,155.0,160.36572862497744
-25.576,37.767,169.70040000003613,155.0,160.26023454382377
-25.572,37.768,192.55480000002802,155.0,159.96954713365398
-25.568,37.767,184.96720000002833,155.0,160.65694354397024
-25.564,37.767,178.65280000001812,155.0,160.0680669245947
-25.56,37.767,180.93800000001804,155.0,159.83698301289198
-25.556,37.767,190.839199999993,155.0,159.7797836433497
-25.552,37.767,208.3980000000041,155.0,159.98486186231796
-25.548,37.767,224.6220000000153,155.0,160.35433060253888
-25.543,37.769,246.36600000001064,155.0,161.46044114892933
-25.539,37.77,277.95000000003176,155.0,162.61539935940203
-25.536,37.771,317.4060000000069,155.0,163.14761114925417
-25.532,37.772,388.51799999998104,155.0,163.25284832141102
-25.529,37.774,416.53760000000767,155.0,165.9364449160425
-25.525,37.776,382.91999999998956,155.0,163.28666747662857
-25.52,37.776,362.81399999998143,155.0,163.73457483342463
-25.516,37.776,383.8656000000177,155.0,164.35444043314715
-25.512,37.776,442.4164000000052,155.0,165.9037489924498
-25.508,37.774,506.24640000002466,155.0,167.5287892267572
-25.505,37.773,540.7679999999563,155.0,167.32514260894177
-25.501,37.772,596.7628000000461,155.0,169.2753424302424
-25.497,37.771,687.1235999999722,155.0,170.8997494485589
-25.493,37.77,713.8379999999137,155.0,171.23584532613813
-25.489,37.769,674.6440000000117,155.0,170.1045940977482
-25.485,37.769,638.0960000000105,155.0,166.39797039131346
-25.481,37.77,622.1900000001013,155.0,167.51348631666085
-25.476,37.771,613.5344000000284,155.0,166.05731318895874
-25.472,37.773,675.6239999999776,155.0,168.77021743564248
-25.468,37.774,694.5360000000024,155.0,167.68426824085262
-25.463,37.774,692.9640000000137,155.0,169.1057774923849
-25.459,37.775,656.2400000000597,155.0,166.08494241701368
-25.457,37.779,667.433200000015,155.0,166.28498905500263
-25.457,37.783,711.9819999999967,155.0,167.35561042291693
-25.454,37.785,760.7739999999619,155.0,168.9941006537038
-25.45,37.783,755.2999999999913,155.0,167.9147849637631
-25.446,37.781,735.5916000000165,155.0,169.54780014674247
-25.442,37.78,780.2100000000082,155.0,168.8724534269622
-25.438,37.778,790.4759999999532,155.0,167.87721193448183
-25.435,37.776,738.1879999999707,155.0,169.60424588979726
-25.431,37.772,665.3479999999882,155.0,166.95084073232385
-25.43,37.768,618.6380000000138,155.0,165.59599586541268
-25.431,37.764,601.0096000000163,155.0,165.85682761475914
-25.433,37.761,590.6524000000427,155.0,166.02221452065112
-25.435,37.758,604.9639999999537,155.0,167.32597109698838
-25.436,37.755,631.9479999999676,155.0,168.04153550494198
-25.434,37.753,607.6459999999994,155.0,166.94958856512596
-25.432,37.75,565.7199999999892,155.0,168.14464455067014
-25.432,37.746,527.4624000000119,155.0,168.3485278203906
-25.431,37.743,465.8832000000699,155.0,168.28521363133885
-25.432,37.739,414.23159999987604,155.0,169.59138503470294
-25.435,37.736,341.0219999999101,155.0,166.66944913687445
-25.437,37.733,271.07599999992425,155.0,163.99356092571557
-25.437,37.729,181.26199999994878,155.0,164.28703910022
-25.434,37.726,117.79239999997216,155.0,166.25233371219227
-25.43,37.726,132.75399999996472,155.0,166.98879283996558
-25.426,37.725,107.13999999999868,155.0,164.5177947032677
-25.423,37.722,59.27119999999199,155.0,163.84405696308292
-25.42,37.72,46.32999999998245,155.0,161.80873934147064
-25.417,37.718,31.975600000017884,155.0,162.63442567298156
-25.415,37.714,6.554999999964236,155.0,162.20492118363774
-25.414,37.71,-20.914000000001646,155.0,157.8834202272123
-25.411,37.707,-26.141199999990707,155.0,156.68224549013092
-25.407,37.706,-31.359799999972225,155.0,156.11811785468933
-25.405,37.707,-28.411999999979198,155.0,156.56369064803752
-25.403,37.71,-8.395999999993837,155.0,160.4879432222335
-25.402,37.714,18.486199999968143,155.0,162.97519638714837
-25.399,37.717,63.77999999995912,155.0,164.55162098788642
-25.396,37.716,56.08719999998015,155.0,163.5238518798364
-25.391,37.716,61.80879999998214,155.0,163.50887793515892
-25.389,37.719,106.68440000002091,155.0,162.8952502091609
-25.386,37.72,128.9179999999685,155.0,163.8493045522466
-25.381,37.719,121.57840000001423,155.0,162.8816954949852
-25.379,37.716,78.7671999999792,155.0,164.34585939339487
-25.377,37.712,35.01320000001238,155.0,163.92012087502383
-25.376,37.708,-12.861200000001748,155.0,162.1761858589427
-25.375,37.704,-84.54499999996511,155.0,151.36736324486384
-25.375,37.7,-185.74999999989555,155.0,135.0899056555608
-25.374,37.697,-269.2157999998721,155.0,119.30289707998428
-25.374,37.693,-384.76260000008335,155.0,99.2329487141474
-25.374,37.69,-474.4530000000183,155.0,83.90097924442391
-25.579,37.71,-116.29199999999446,150.0,134.3145097361823
-25.577,37.713,-85.6578000000096,150.0,139.67567127837037
-25.575,37.715,-74.19999999999612,150.0,141.29466583948098
-25.573,37.718,-70.9263999999992,150.0,141.7995408194484
-25.571,37.727,-70.14760000000108,150.0,142.12594739481582
-25.571,37.723,-70.99240000000124,150.0,141.88599194948824
-25.57,37.731,-58.54400000000066,150.0,144.13004791956317
-25.568,37.734,-27.790399999986953,150.0,149.4208374655729
-25.566,37.738,9.349799999997932,150.0,154.8368354543627
-25.564,37.741,32.5600000000104,150.0,154.76588937151504
-25.561,37.744,58.05760000001843,150.0,154.61069334986192
-25.557,37.747,93.0235999999993,150.0,154.70708714625286
-25.552,37.749,129.7976000000081,150.0,156.4031805161089
-25.547,37.752,172.71320000001708,150.0,156.35731009782538
-25.544,37.754,197.31119999998603,150.0,155.97703473336736
-25.539,37.755,242.48399999999782,150.0,156.915534445985
-25.535,37.757,294.84599999997766,150.0,158.6941215487929
-25.531,37.76,379.3800000000168,150.0,159.5723280614084
-25.526,37.762,431.2191999999923,150.0,161.1503861764753
-25.522,37.765,474.6940000000286,150.0,160.9504858890843
-25.518,37.767,532.1752000000096,150.0,161.42516452728717
-25.514,37.769,575.0111999999785,150.0,162.46016207338766
-25.507,37.768,600.1431999999697,150.0,161.69720070471683
-25.503,37.766,697.9612000000556,150.0,165.7152687100371
-25.501,37.763,748.0591999999963,150.0,169.44568233975747
-25.498,37.765,812.4220000000148,150.0,170.36955212352433
-25.494,37.766,806.6568000000273,150.0,169.98340205117972
-25.489,37.764,726.5123999999848,150.0,168.9729898731896
-25.483,37.764,593.3991999999791,150.0,161.20487917295998
-25.479,37.765,576.0079999999998,150.0,159.83630393950403
-25.474,37.767,580.2152000000123,150.0,159.15868974700564
-25.469,37.765,579.0059999999986,150.0,160.90545937715675
-25.465,37.766,634.5839999999761,150.0,160.84631060827968
-25.462,37.768,702.5812000000194,150.0,161.6498550282578
-25.458,37.769,713.0995999999981,150.0,162.63745971529892
-25.454,37.771,735.1160000000007,150.0,162.07877688769213
-25.45,37.772,774.3500000000136,150.0,162.79583939663706
-25.447,37.775,785.3400000000512,150.0,164.8632970810816
-25.444,37.777,817.9704000000395,150.0,166.0095791760216
-25.44,37.775,819.3000000000043,150.0,164.1995912142108
-25.439,37.772,797.7347999999492,150.0,167.2818035760082
-25.44,37.768,760.1300000000249,150.0,163.36419128678932
-25.44,37.764,717.3640000000305,150.0,163.2459152112727
-25.44,37.76,666.4899999999916,150.0,164.9559417542787
-25.44,37.756,689.8659999999905,150.0,164.18002578599442
-25.44,37.752,661.830000000049,150.0,163.48679292703997
-25.439,37.747,617.4043999999858,150.0,164.55043606334354
-25.445,37.746,486.8400000000548,150.0,162.69991695313786
-25.449,37.746,450.5928000000289,150.0,160.74182108923736
-25.455,37.746,537.6779999999878,150.0,162.3537069551304
-25.459,37.745,516.2759999999383,150.0,162.95812748173
-25.464,37.746,479.3092000000798,150.0,162.36626789176057
-25.469,37.746,418.7300000000548,150.0,160.45324291689323
-25.473,37.744,436.1591999999867,150.0,163.65498701165293
-25.476,37.741,452.9183999999609,150.0,161.03978570037117
-25.479,37.739,400.47159999988554,150.0,163.44166416849674
-25.481,37.736,325.56759999995035,150.0,162.3211981253777
-25.48,37.732,253.92399999994907,150.0,159.91595457208618
-25.477,37.729,216.4987999999761,150.0,157.77247519009788
-25.474,37.727,186.0507999999667,150.0,159.38050461477746
-25.47,37.725,152.7999999999959,150.0,156.64620540680326
-25.466,37.727,166.19439999997255,150.0,158.474712274682
-25.462,37.728,180.44800000001874,150.0,157.8954742939611
-25.458,37.725,138.84999999999076,150.0,157.0473105941641
-25.454,37.722,97.80119999998647,150.0,158.53473071361756
-25.451,37.719,66.2624000000115,150.0,157.46576242437303
-25.45,37.714,26.43999999997118,150.0,157.21088625284546
-25.448,37.711,14.699199999990658,150.0,155.86542789908063
-25.448,37.707,-22.6139999999685,150.0,151.8759976851887
-25.447,37.703,-29.981199999982053,150.0,150.498832805779
-25.446,37.699,-38.31800000000323,150.0,149.31096735011826
-25.447,37.695,-69.42999999999826,150.0,144.1390952137346
-25.449,37.691,-111.25979999996906,150.0,137.22479575933028
-25.554,37.709,-65.23719999999712,145.0,137.81226217752607
-25.555,37.713,-63.8680000000011,145.0,138.11610879774798
-25.557,37.716,-64.09180000000038,145.0,138.04235042869482
-25.557,37.718,-63.26139999999852,145.0,138.23793568055717
-25.558,37.722,-58.355200000001915,145.0,139.14504194929484
-25.558,37.725,-47.21499999999972,145.0,141.4207969039145
-25.556,37.728,-25.03800000000699,145.0,145.65234361164192
-25.554,37.732,20.60759999997242,145.0,151.49817469199232
-25.552,37.736,68.30959999997886,145.0,151.5405507523918
-25.55,37.739,96.61999999997212,145.0,150.24665436901867
-25.546,37.739,123.77119999998807,145.0,151.15924221159784
-25.543,37.74,152.78600000000063,145.0,152.02388251644527
-25.54,37.743,185.186000000008,145.0,151.00132642523624
-25.537,37.744,214.64640000001256,145.0,151.04393897264498
-25.532,37.746,274.09400000001585,145.0,151.802216941828
-25.533,37.75,290.8699999999833,145.0,153.29578123451859
-25.53,37.75,323.8999999999903,145.0,154.01857884895782
-25.528,37.753,369.27840000002954,145.0,154.57180810560982
-25.524,37.753,404.97120000001064,145.0,155.09587818383346
-25.521,37.75,406.53999999999877,145.0,154.13249357874594
-25.519,37.746,380.8172000000268,145.0,152.7609472402663
-25.515,37.746,384.45200000001967,145.0,153.10612029144886
-25.51,37.746,401.8560000000182,145.0,154.3208916455303
-25.507,37.743,396.3732000000267,145.0,155.46210307487198
-25.506,37.74,380.9460000000244,145.0,154.88736598929816
-25.506,37.737,364.30120000002756,145.0,156.04435238971985
-25.505,37.733,305.1979999999012,145.0,155.35578483262634
-25.508,37.731,238.20919999999717,145.0,155.61734462255234
-25.512,37.732,232.7203999999636,145.0,154.08700361905522
-25.517,37.733,230.66159999995713,145.0,152.52405113782606
-25.52,37.732,211.8359999999666,145.0,153.30985922872011
-25.525,37.731,198.76999999998782,145.0,152.73827681839825
-25.528,37.729,175.6551999999854,145.0,151.19020322901008
-25.531,37.727,145.84719999997375,145.0,152.90463464386082
-25.535,37.725,101.49999999999787,145.0,150.79457587474525
-25.537,37.723,60.930399999943226,145.0,152.0641876997095
-25.538,37.72,18.707999999967598,145.0,152.27080282798232
-25.54,37.716,-41.63800000001094,145.0,142.83088263480892
-25.539,37.711,-59.22380000001098,145.0,139.53364196160447
-25.538,37.707,-65.99959999999405,145.0,138.26410593577015
-25.538,37.704,-79.26919999999355,145.0,135.80234043731264
-25.537,37.7,-97.88499999998078,145.0,132.51708371128225
-25.536,37.696,-117.2678000000116,145.0,129.46037201204433
-25.816,37.795,-58.8609999999958,175.0,171.26289127708816
-25.814,37.797,-52.1454000000043,175.0,172.32940651945677
-25.811,37.798,-46.69959999998732,175.0,173.47810977404552
-25.809,37.8,-32.105000000028355,175.0,175.9935520721481
-25.808,37.803,-2.320000000065228,175.0,183.93094783791705
-25.808,37.806,40.159999999975014,175.0,183.43366141111713
-25.804,37.807,74.64560000003931,175.0,185.07004797238395
-25.801,37.807,95.0664000000404,175.0,184.70800306540312
-25.798,37.808,128.41680000000378,175.0,184.08334491413976
-25.794,37.808,167.27679999998597,175.0,184.88229498719556
-25.79,37.807,181.58200000006346,175.0,187.29542405128572
-25.786,37.806,204.03359999995632,175.0,186.19217011674976
-25.783,37.803,194.46399999990655,175.0,187.5927407689097
-25.78,37.799,196.61599999997594,175.0,185.99565655774413
-25.78,37.795,135.21999999998224,175.0,185.15354683282098
-25.782,37.791,53.980599999954926,175.0,183.5139512583265
-25.784,37.788,4.369799999979294,175.0,183.0614254892988
-25.787,37.785,-32.72300000001772,175.0,175.6531011497446
-25.789,37.783,-46.62380000000733,175.0,173.02220634119365
-25.791,37.779,-59.09919999999768,175.0,170.4881785741852
-25.715,37.778,235.21199999997924,175.0,180.97054613452775
-25.716,37.78,246.1080000000014,175.0,181.3429293707422
-25.715,37.783,258.0599999999989,175.0,180.74016274377482
-25.713,37.785,262.5139999999756,175.0,181.22631612906395
-25.709,37.785,254.22199999997707,175.0,181.28595639302176
-25.705,37.784,247.9219999999928,175.0,180.81643085500502
-25.703,37.78,239.2580000000022,175.0,180.96635732356953
-25.706,37.777,224.43519999999586,175.0,181.0339654950073
-25.71,37.776,219.14200000000068,175.0,180.7127087521663
-25.713,37.776,224.0164000000023,175.0,180.9988892317213
-25.575,37.793,134.43000000001254,165.0,169.89577778040942
-25.574,37.796,126.12240000000438,165.0,170.14191287939224
-25.571,37.798,117.21679999998457,165.0,169.55778141158217
-25.57,37.801,99.3319999999971,165.0,169.9144966803358
-25.569,37.805,80.62799999999787,165.0,170.02947919862785
-25.566,37.808,63.726000000000866,165.0,170.350919443803
-25.565,37.811,47.74600000000746,165.0,169.55569853641765
-25.563,37.813,41.74959999999676,165.0,170.165980697485
-25.561,37.811,49.9864000000035,165.0,169.4720129860543
-25.56,37.808,62.36200000000297,165.0,170.18944912802934
-25.573,37.791,142.53240000000997,165.0,169.99062022177952
-25.568,37.791,152.2692000000126,165.0,169.99356032434312
-25.564,37.793,145.1156000000191,165.0,169.8298917444596
-25.56,37.795,146.16000000001748,165.0,170.15089312758874
-25.556,37.797,179.52359999999578,165.0,170.4128118622208
-25.558,37.8,139.06000000004175,165.0,172.08302664028096
-25.559,37.805,83.63199999999968,165.0,170.85060971460882
-25.56,37.84,-51.029999999991674,165.0,161.1139891073252
-25.562,37.837,-43.883200000005026,165.0,162.18886780950808
-25.563,37.834,-33.92379999999862,165.0,164.24650496121188
-25.561,37.831,-17.851599999992267,165.0,166.44707904327808
-25.56,37.828,-5.228000000000672,165.0,168.65885483749454
-25.559,37.825,6.784999999986996,165.0,169.95676689011108
-25.558,37.821,23.08660000000586,165.0,170.08465855723097
-25.557,37.817,44.769400000000445,165.0,170.60934526813375
-25.553,37.815,45.478000000012166,165.0,170.0808100317152
-25.552,37.809,60.300400000013916,165.0,170.07557706664508
-25.548,37.81,49.05399999999533,165.0,169.6897677275988
-25.545,37.812,35.45000000001499,165.0,170.00818543313449
-25.549,37.816,30.37080000000187,165.0,169.84803599126562
-25.551,37.82,27.758999999999656,165.0,169.7840593847771
-25.551,37.823,17.072599999990715,165.0,169.39130143879058
-25.55,37.827,3.2750000000097677,165.0,169.45332157321684
-25.551,37.833,-14.346199999987654,165.0,167.30936887531294
-25.552,37.836,-23.448599999992002,165.0,165.62847119748298
-25.553,37.84,-38.061000000001265,165.0,163.34231303010517
