Longitude,Latitude,Elevation_m,ObsGravity_mGal,NormalGravity_mGal,FreeAir_mGal,Bouguer_Simple_2.6_mGal,Bouguer_Completa_2.6_mGal,Bouguer_Completa_2.3_mGal,Bouguer_Completa_2.5_mGal,Bouguer_Completa_2.7_mGal
-13.533457317672747,28.97125669077262,13.0,979431.2,979241.1105240677,190.08947593229823,188.67224193229822,208.164852159866,204.71172025347107,207.0138081910677,209.31589612866435
-13.52302511762841,28.98249521607527,20.0,979429.68,979239.8099985473,189.87000145274214,187.68964145274214,207.85437733209625,204.41845341027107,206.70906935815452,208.99968530603795
-13.503885684378597,28.993067692469538,26.0,979413.775,979238.7673684951,175.0076315049082,172.17316350490822,193.071857909119,189.62054867919426,191.92142149914406,194.22229431909392
-13.50080820617701,29.013563722349843,38.0,979416.525,979236.632981274,179.89201872597914,175.74933472597914,197.8464385119075,194.41598710315486,196.70295470898995,198.98992231482504
-13.52041979592998,29.031378568784096,143.0,979409.138,979205.5882638909,203.54973610909656,187.96016210909656,221.33568521398192,217.93384376220746,220.20173806339045,222.4696323645734
-13.509797188125305,29.043895136837406,147.0,979399.778,979205.3129462864,194.46505371364765,178.43940771364765,212.24968379424254,208.84716363665564,211.11551040838023,213.38385718010485
-13.497221204865102,29.055657960225396,134.0,979394.492,979210.227244214,184.2647557859309,169.65634378593091,202.0297548150884,198.63004292558185,200.89651751858622,203.1629921115906
-13.485587746646802,29.066690167843007,103.0,979394.273,979220.6416403145,173.63135968556162,162.4025056855616,191.29785703520366,187.91675590810576,190.17082332617102,192.42489074423628
-13.476114336392355,29.080155289159176,95.0,979391.416,979224.1437392363,167.27226076368243,156.91555076368243,183.58219469919487,180.44628169496562,182.5368903644518,184.62749903393797
-13.469806886893178,29.09334898888423,62.0,979397.584,979235.3419479344,162.24205206567422,155.4829360656742,164.876587398827,164.28371858591387,164.6789644611893,165.07421033646472
-13.467053340774216,29.11276451658166,35.0,979407.743,979245.1661761147,162.57682388531975,158.76119388531976,170.16939866279014,169.06941086674993,169.8027360641101,170.53606126147022
-13.467230328076543,29.125084431777456,12.0,979414.172,979253.2115356773,160.96046432270668,159.6522483227067,173.2950221888959,171.6660697799832,172.75203805259167,173.83800632520015
-13.446315455721418,29.14902801922427,15.0,979417.354,979254.1245752642,163.22942473588046,161.59415473588047,175.28609300353375,173.6595839512969,174.74392331945478,175.8282626876127
-13.431030086739328,29.157106807802336,19.0,979417.575,979253.5106151005,164.0643848994514,161.9930428994514,176.81562807902225,174.9830566049188,176.20477092098776,177.42648523705674
-13.430919764966843,29.15692503613095,20.0,979417.783,979253.1879748846,164.5950251154136,162.41466511541358,177.1761939937274,175.35983342073052,176.5707404693951,177.78164751805966
-13.427153047541927,29.173376634940965,8.0,979424.389,979258.1564409035,166.2325590964174,165.3604150964174,182.49583460039017,180.15798668348654,181.71655196142228,183.27511723935802
-13.422525531261453,29.190214968548744,8.0,979431.722,979259.4510147535,172.27098524640314,171.39884124640315,193.66631001561558,190.22647720388332,192.51969907837147,194.81292095285966
-13.425405305441535,29.204326168078882,9.0,979440.299,979260.2276087888,180.07139121124055,179.09022921124054,196.97235810299588,194.48754472817177,196.1440869780545,197.80062922793724
-13.436187166839524,29.210904711154274,12.0,979446.506,979259.8076455595,186.6983544405084,185.39013844050842,199.86446978787694,198.07106868071008,199.26666941882132,200.46227015693256
-13.450812385034105,29.21919640736738,4.0,979449.902,979262.9149817749,186.9870182251325,186.5509462251325,201.1723099149267,199.31868755277915,200.55443579421083,201.79018403564254
-13.451936090199261,29.206034457004304,45.0,979433.609,979249.2468491412,184.36215085885487,179.45634085885487,189.87894528628138,189.012170624842,189.59002039913491,190.16787017342781
-13.458602171486127,29.197024274257263,163.0,979403.977,979212.1319347671,191.84506523283198,174.07513123283198,183.18251785344788,183.91992601239735,183.4283205730977,182.93671513379806
-13.469816403575111,29.180819500124457,273.0,979372.391,979176.9350610119,195.455938988016,165.694024988016,187.16652216597163,187.84259388214608,187.39187940469645,186.94116492724683
-13.46910100023943,29.17221142200135,184.0,979388.94,979203.7424646833,185.19753531669267,165.13822331669266,176.4039082859095,177.16643097599925,176.6580825159394,176.14973405587958
-13.45788709480142,29.160261280737696,120.0,979400.202,979222.5778183729,177.6241816271795,164.5420216271795,168.69504488662815,169.47750539369818,168.9558650556515,168.43422471760482
-13.457777144387537,29.149043144653117,70.0,979407.138,979237.1489238958,169.98907610424794,162.35781610424795,170.11741992449632,169.87114053787664,170.0353267956231,170.19951305336954
-13.462370276292285,29.136056181194448,17.0,979417.416,979252.5107682437,164.9052317562746,163.05192575627458,176.19776213973637,174.68619215137215,175.69390547694832,176.70161880252445
-13.469715450310328,29.10300376261125,38.0,979403.728,979243.4909338657,160.2370661343448,156.09438213434478,167.32397832154714,166.27072591640018,166.97289418649817,167.67506245659615
-13.544007140394394,28.993228504297797,74.0,979442.062,979223.9635568375,218.0984431625111,210.0311111625111,235.88160319702504,232.4825422659561,234.74858288666874,237.01462350738137
-13.544086309283106,29.001495727592395,106.0,979435.794,979214.7193872456,221.0746127543971,209.5187047543971,238.82149436898334,235.4281920151601,237.69039358437558,239.9525951535911
-13.545645592333594,29.01329848634227,133.0,979428.529,979207.2895860253,221.23941397469025,206.74001997469026,238.91123708082534,235.53095768992767,237.78447728385947,240.03799687779124
-13.551575200842752,29.02465206938929,147.0,979425.314,979203.838214654,221.47578534600325,205.45013934600325,239.02339625399466,235.66527637412403,237.90402296070445,240.14276954728484
-13.560377249252177,29.039257937572906,215.0,979410.303,979183.969312218,226.33368778193835,202.89481778193834,243.6416764833558,240.32232039064547,242.53522445245238,244.74812851425926
-13.561373358771611,29.048879592946623,290.0,979386.706,979161.5588872724,225.14711272763088,193.5318927276309,242.28105727367935,238.98708472126404,241.18306642287425,243.37904812448446
-13.550692808936871,29.063546620139,326.0,979372.946,979151.5727493481,221.37325065187179,185.83338265187177,238.29990989944721,235.0368287236951,237.21221617419653,239.38760362469793
-13.534479042623603,29.05666549265694,288.0,979380.389,979162.7730925516,217.61590744834393,186.21872344834392,234.9991614936259,231.66007280044596,233.8861319292326,236.11219105801922
-13.52230161892014,29.060728289825796,259.0,979382.36,979172.0350781375,210.32492186245508,182.0892598624551,227.69071088957605,224.35498479723037,226.57880219212748,228.8026195870246
-13.506441660298613,29.057258893067658,176.0,979391.649,979197.386543186,194.26245681394357,175.0752888139436,211.89469506637653,208.51687956147813,210.76875656474374,213.02063356800932
-13.52976409578577,29.071188183074764,276.0,979381.322,979167.59042437,213.73157563002314,183.64260763002315,230.34689762677962,227.13706120227928,229.27695215194618,231.41684310161307
-13.523127211484098,29.08350562947609,328.0,979369.798,979152.4864275776,217.31157242238987,181.55366842238988,227.18799253681107,225.05443316697838,226.47680608020016,227.89917899342197
-13.511857771078182,29.094905041366626,445.0,979337.724,979117.2525966417,220.47140335838776,171.95839335838775,215.5775140534188,215.70022859060475,215.61841889914746,215.53660920769016
-13.511633022672589,29.103385313458723,520.0,979318.01,979094.7580055034,223.25199449656066,166.56263449656066,217.2396998829986,217.54279364626643,217.34073113742122,217.138668628576
-13.51376907361357,29.127774352508396,560.0,979301.417,979084.2865969061,217.13040309387725,156.08032309387724,210.07389818678362,210.54629805926905,210.23136481094542,209.91643156262182
-13.499897763194479,29.147337576004112,288.0,979366.119,979169.7322932,196.38670679996721,164.9895227999672,187.84645120233225,188.56913715689723,188.08734652052055,187.6055558841439
-13.494969591281297,29.164545429589207,300.0,979361.353,979167.3509749161,194.00202508387156,161.29662508387156,185.53774688251298,186.24649539431775,185.77399638644792,185.30149737857803
-13.491124616617078,29.175773246963374,353.0,979353.004,979151.8567219065,201.14727809350006,162.66392409350007,192.99487612958683,193.64950072481082,193.2130843279948,192.77666793117882
-13.483713651003121,29.195163423752856,368.0,979354.751,979148.7183071267,206.0326928733848,165.9140688733848,198.12046538439157,198.73321563528066,198.32471546802125,197.91621530076185
-13.478466168259606,29.196024320038177,368.0,979352.538,979148.7845168071,203.75348319287878,163.63485919287876,195.90828335026546,196.50925919121934,196.10860863058343,195.7079580699475
-13.478691030150962,29.21631285671362,479.0,979328.558,979116.0891132838,212.4688867161749,160.24926471617488,205.50876584000764,205.9604109648756,205.65931421496362,205.35821746505164
-13.48883777095912,29.204110061909162,402.0,979343.424,979138.913379343,204.51062065700535,160.68538465700533,196.825984862793,197.40003497935186,197.01733490164597,196.63463482394008
-13.491322773905774,29.184718336223867,410.0,979342.162,979134.9531067683,207.2088932316983,162.5115132316983,199.3808788004882,199.97959977895647,199.5804524599776,199.18130514099877
-13.501146817368742,29.184485778417155,350.0,979349.683,979153.4524316669,196.23056833306327,158.0742683330633,188.06328460308393,188.7203701526679,188.28231311961193,187.84425608655596
-13.479431059698376,29.148027302700925,224.0,979377.694,979189.5381372116,188.15586278843693,163.73583078843694,179.46243306736278,180.2093037587023,179.71138996447596,179.2134761702496
-13.472089943911758,29.140480868867716,55.0,979410.633,979241.1211562401,169.5118437599158,163.51585375991579,172.60908291625242,172.04114803911347,172.41977129053944,172.7983945419654
-13.543689709355721,28.982919169293115,40.0,979445.412,979233.6690073265,211.7429926735349,207.38227267353489,229.59733249150656,226.1857970945338,228.46015402584896,230.73451095716416
-13.556997168402022,28.98766512464883,75.0,979451.012,979223.228942227,227.78305777302012,219.6067077730201,245.49295547071188,242.10729761362825,244.36440285168402,246.6215080897398
-13.568743764291606,28.974660062488454,42.0,979454.474,979232.41948798,222.05451202008408,217.47575602008408,239.73470978776174,236.35610474644304,238.60850810732217,240.86091146820132
-13.57854681898358,28.98201072497714,82.0,979449.131,979220.6354215324,228.4955784676131,219.55610246761307,245.58947816068672,242.31619024630834,244.49838218922727,246.6805741321462
-13.592798228340099,28.990688818093744,151.0,979435.325,979200.0022687743,235.32273122563493,218.86101322563493,234.63794410692157,234.2448060780289,234.50689809729067,234.76899011655246
-13.606698651564168,28.99816154275594,244.0,979415.199,979171.8702097498,243.3287902502343,216.7283982502343,239.86305599207205,239.9583501104011,239.89482069818175,239.83129128596235
-13.614877929138528,29.01524833800933,271.0,979405.508,979164.8456584304,240.66234156966675,211.11846356966674,236.89104484081247,237.03966730750918,236.94058566304471,236.84150401858025
-13.614839870488662,29.027331796721683,289.0,979390.789,979160.2160037801,230.57299621985294,199.06679421985294,226.89084009141396,227.0240538839726,226.93524468893352,226.84643549389443
-13.599932309351564,29.03253779091667,204.0,979413.445,979186.8493831556,226.5956168443663,204.3559448443663,223.3796945220508,223.43227531617126,223.3972214534243,223.36216759067733
-13.58246058636925,29.045674606185006,203.0,979410.289,979188.1649076946,222.12409230542835,199.99343830542836,237.27541555362177,234.33248791221996,236.2944396731545,238.25639143408904
-13.575222636202101,29.05074191592418,222.0,979398.902,979182.6891109524,216.2128890475724,192.01089304757238,232.68874592133082,229.51404570350994,231.63051251539054,233.7469793272711
-13.584931457095793,29.063280260437402,147.0,979407.703,979206.7991922867,200.90380771330092,184.87816171330093,215.05231981567528,212.29350500809647,214.13271487981567,215.97192475153486
-13.578898681882468,29.072511654835946,125.0,979407.364,979214.2976167682,193.0663832317805,179.4391332317805,209.17569184165902,206.0765857424645,208.14265647526085,210.20872720805718
-13.570393355681272,29.085885672540098,79.0,979416.046,979229.521977347,186.52402265300043,177.91160065300042,195.48920699286325,193.6425550612096,194.8736563489787,196.10475763674776
-13.556705775200943,29.095674895057503,75.0,979419.299,979231.5077749892,187.791225010762,179.61487501076198,187.08170911110562,186.91695068512638,187.0267896357792,187.13662858643207
-13.554898657619352,29.10367804918035,49.0,979424.407,979240.147322329,184.25967767101247,178.91779567101247,188.6481390382387,187.93087208538756,188.40905005395499,188.8872280225224
-13.566902079499053,29.119130160947037,5.0,979422.845,979254.9150695167,167.92993048322387,167.38484048322388,181.56367186541718,179.79748566747497,180.97494313276977,182.15240059806456
-13.582722780605282,29.12331418621281,18.0,979417.292,979251.223563551,166.06843644904438,164.1061124490444,176.95106675320952,175.48211658579706,176.46141669740535,177.44071680901368
-13.54311807139436,29.114966288108988,60.0,979416.655,979237.6184842407,179.03651575930417,172.49543575930417,180.9620784412807,180.53605592907178,180.82007093721106,181.10408594535036
-13.53230462584225,29.13178683079724,12.0,979419.52,979253.7262375145,165.7937624854967,164.4855464854967,177.883308210269,176.30197562864652,177.35619734972818,178.41041907080984
-13.569501842244417,29.067872550199365,290.0,979378.597,979163.0152361827,215.58176381723024,183.96654381723025,231.87062928614952,228.72075187168883,230.82067014799597,232.9205884243031
-13.508308273532066,28.986727604803896,6.0,979416.523,979244.4554452413,172.06755475874525,171.41344675874524,190.10357814321293,186.65799109983925,188.95504912875504,191.25210715767085
-13.486755925314043,28.99296618737116,6.0,979404.057,979244.9330805788,159.12391942122485,158.46981142122485,177.41098508829805,173.91736795478116,176.24644604379242,178.5755241328037
-13.480312270232506,29.007539889515787,16.0,979402.552,979242.9623718729,159.58962812717073,157.84534012717072,177.91545519193448,174.414386977689,176.74843245385264,179.0824779300163
-13.49507604958963,29.002471949658606,32.0,979410.5,979237.6354656426,172.86453435744625,169.37595835744625,190.9768388270564,187.5162720249458,189.82331655968622,192.13036109442663
-13.516599614486152,29.00554489217425,82.0,979417.104,979222.4374001502,194.66659984982107,185.72712384982106,212.5898750866722,209.1642875402578,211.4480125712007,213.73173760214365
-13.530808246217097,29.008381222614286,155.0,979412.498,979200.1225140026,212.37548599741422,195.47769599741423,230.25508617665037,226.83546187848924,229.11521141059666,231.39496094270407
-13.561197420018418,28.999360718024338,103.0,979446.835,979215.4818722494,231.3531277505681,220.12427375056808,248.9066369609409,245.54885329641792,247.78737573943323,250.02589818244854
-13.568844358937696,29.00908950965818,179.0,979426.932,979192.7691126082,234.16288739186712,214.64866539186713,251.4082570358826,248.1012079711474,250.30590734763751,252.51060672412765
-13.584417330637331,29.010653260550004,199.0,979428.427,979186.7159107905,241.71108920953702,220.01650720953702,256.3132393509959,253.46434236943958,255.36360702381046,257.26287167818134
-13.599272418990958,29.005349100726864,243.0,979418.852,979172.7292961514,246.1227038485231,219.63132984852308,243.53674029929613,243.48039989024713,243.51796016294645,243.5555204356458
-13.621224901907317,29.03132316107018,294.0,979380.851,979158.9786909341,221.87230906588957,189.82101706588958,218.0662711491052,218.22032592609705,218.1176227414358,218.01491955677457
-13.624950831575221,29.04692867486938,285.0,979374.12,979162.9525004326,211.16749956738204,180.09736956738203,207.31702879962484,207.47870903551103,207.3709222115869,207.26313538766277
-13.633653176326835,29.05678205903431,223.0,979380.745,979182.8435660893,197.90143391070887,173.59041991070887,193.79469249004427,194.00080380818977,193.86339626275944,193.7259887173291
-13.63464009010834,29.073081356646007,162.0,979392.114,979202.9210725687,189.19292743119877,171.53201143119878,185.0522368008015,185.2670772525248,185.12385028470928,184.98062331689374
-13.630727764625348,29.077625937913155,126.0,979397.101,979214.3812513087,182.71974869130645,168.98348069130645,178.50099116675645,178.73108610770439,178.57768948040575,178.42429285310715
-13.618387195459048,29.097064461511202,107.0,979397.441,979221.7372068325,175.70379316748586,164.03886716748585,183.39839840874654,181.9165360475292,182.90444428834076,183.89235252915233
-13.593816064864644,29.0996066625218,81.0,979407.229,979229.9575222613,177.27147773874458,168.4410197387446,184.62539137136326,183.20622376157294,184.15233550143316,185.09844724129337
-13.580954396843326,29.091908769131546,75.0,979411.818,979231.2187767106,180.59922328940593,172.4228732894059,180.4785404306395,180.20688164346717,180.38798750158205,180.56909335969695
-13.582059494790814,29.1109799154473,25.0,979417.649,979248.1158930974,169.53310690261424,166.80765690261424,178.97020765594047,177.66829117179344,178.53623549455813,179.4041798173228
-13.601896603109129,29.106134567965437,85.0,979404.812,979229.2238934451,175.5881065549329,166.3215765549329,183.24633438157377,181.7761178102835,182.7562621911437,183.7364065720039
-13.619978828974745,29.063997142931765,175.0,979393.825,979198.2118921484,195.61310785159003,176.53495785159004,191.34446771412868,191.5807573323257,191.42323092019436,191.265704508063
-13.603292539218609,29.057516440660613,175.0,979402.546,979197.7149415091,204.83105849090498,185.75290849090499,200.97915516205325,201.1423161003763,201.03354214149425,200.92476818261224
-13.601953955569295,29.041772851727007,201.0,979409.979,979188.483119311,221.4958806890063,199.5832626890063,217.97333143069062,218.079281808976,218.0086482234524,217.93801463792883
-13.520912754672645,28.98957418277625,38.0,979423.744,979234.7958281873,188.94817181269173,184.80548781269172,206.8997583914712,203.46974164252092,205.75641947515444,208.04309730778795
-13.510287944398145,29.021881292381046,76.0,979416.904,979225.5407920242,191.36320797575172,183.07783997575171,209.2206028883118,205.80769315274281,208.0829663097888,210.35823946683476
-13.53456020015488,29.022581434005733,148.0,979418.371,979203.3709094016,215.00009059847798,198.865426598478,232.7284989149823,229.33732192993384,231.5981065866328,233.8588912433318
-13.527450207084234,29.04463135515805,227.0,979393.49,979180.6774573374,212.81254266260657,188.06545666260658,230.47888675199624,227.09444733634655,229.35074028011303,231.6070332238795
-13.518469698709286,29.070838359025437,288.0,979372.719,979163.8599721873,208.85902781272307,177.46184381272306,225.557703204072,222.3310632982887,224.48215656881092,226.63324983933313
-13.50324919411913,29.072068215357387,236.0,979383.759,979180.0034768211,203.75552317884285,178.02727517884284,220.57811283010483,217.33284929176642,219.49635831732536,221.6598673428843
-13.492151465752354,29.075147567067305,132.0,979393.69,979212.3391982581,181.35080174182076,166.96042574182076,198.265457095289,195.01578937226185,197.18223452094662,199.34867966963137
-13.481506852483118,29.126402018418013,98.0,979400.087,979226.7672926342,173.31970736582298,162.63594336582298,167.26079266521174,167.73774433843863,167.4197765562874,167.10180877413612
-13.495434952140846,29.127678084646124,199.0,979378.029,979195.6912217154,182.33777828456368,160.6431962845637,173.4702033699999,174.2487261458898,173.72971096196318,173.21069577803658
-13.506106534932403,29.13526946485193,359.0,979346.406,979146.8926253442,199.51337465574034,160.37591265574034,191.35898914862423,192.01670065204522,191.57822631643123,191.13975198081724
-13.485873102174786,29.160869357376473,233.0,979376.427,979187.747120195,188.67987980507314,163.27868580507314,179.94126075452985,180.69659870795846,180.1930400723394,179.6894814367203
-13.478782901060105,29.162711141089474,215.0,979381.375,979193.4442346639,187.93076533614658,164.49189533614657,179.16982883271464,179.92823868235098,179.42263211592675,178.91702554950254
-13.43909921157161,29.160576054582027,56.0,979412.407,979242.3564178239,170.05058217607439,163.9455741760744,173.95869909082523,173.2193919135277,173.71226336505939,174.20513481659108
-13.489661211548892,29.012698890867497,38.0,979408.259,979236.5667344383,171.6922655616654,167.5495815616654,189.82908130816287,186.3637705201929,188.6739777121729,190.98418490415287
-13.502913095461828,29.229941707045928,3.0,979436.232,979264.0505455326,172.18145446735434,171.85440046735434,186.51908778316505,184.65349772270247,185.89722442967752,187.14095113665257
-13.502484573424347,29.231110033787804,5.0,979436.3,979263.5231152248,172.77688477525953,172.23179477525954,186.69768623403107,184.87877009713668,186.0913808550663,187.30399161299584
-13.51252847844209,29.228785630832654,26.0,979428.076,979256.8620959163,171.21390408370644,168.37943608370645,180.74180622473872,179.4193450706481,180.30098584004185,181.1826266094356
-13.522814903051977,29.21956873707613,3.0,979429.974,979263.2523052247,166.72169477539137,166.39464077539137,181.12142861570598,179.245450883575,180.49610270499565,181.7467545264163
-13.531420658860982,29.219880072022697,2.0,979427.938,979263.5849357313,164.35306426871102,164.135028268711,179.04585280910214,177.13000907537656,178.40723823119362,179.68446738701067
-13.508573823317297,29.245390940341974,35.0,979427.777,979255.3622471589,172.4147528411122,168.5991228411122,180.32199667794853,179.15785652737233,179.93394996108978,180.71004339480726
-13.520065286801136,29.246240565111705,26.0,979427.195,979258.205692926,168.98930707399268,166.1548390739927,178.91292553166355,177.50807540672713,178.44464215668475,179.38120890664237
-13.529996357185498,29.238932339452106,5.0,979428.64,979264.1252053508,164.51479464920703,163.96970464920705,178.78306270869618,176.89468180542556,178.15360240760594,179.41252300978638
-13.545925298777876,29.229351434069056,21.0,979417.388,979258.448998657,158.9390013429802,156.6496233429802,169.92903282376633,168.40825297753764,169.42210620835678,170.4359594391759
-13.514977594975736,29.2551089197323,55.0,979427.091,979249.9371307322,177.15386926778592,171.15787926778592,187.61466872635822,185.6198346679377,186.94972404021806,188.27961341249838
-13.51982280064485,29.260938045710443,19.0,979432.454,979261.4981265764,170.95587342360523,168.88453142360524,184.0636917582835,181.5726591271269,183.23334754789798,184.89403596866907
-13.515019853217309,29.274971252144177,12.0,979439.665,979264.7397495864,174.92525041359477,173.61703441359478,188.25547183273662,185.71255654701966,187.40783340416428,189.10311026130893
-13.500757129173811,29.27196941686554,28.0,979444.332,979259.5697554239,184.7622445761226,181.7097405761226,197.86721847743993,195.3663913995029,197.0336094514609,198.70082750341894
-13.4992004656549,29.283412380212848,6.0,979449.933,979267.2421289656,182.6908710343996,182.0367630343996,195.8909037731707,193.37165324478423,195.0511535970419,196.7306539492995
-13.48748240010303,29.278813366214703,5.0,979458.566,979267.1964613063,191.3695386936888,190.82444869368882,204.4051025254543,201.91808845877122,203.57609783655994,205.23410721434865
-13.479295781960563,29.26169226780422,5.0,979456.922,979265.8776350622,191.04436493781395,190.49927493781396,203.86023921114034,201.426834126184,203.04910418282157,204.6713742394591
-13.4948901565452,29.25584078121697,74.0,979428.024,979244.1288444458,183.89515555417165,175.82782355417166,194.74560528873292,192.6478566285434,194.0463557353364,195.44485484212942
-13.558342789706701,28.9587200129189,4.0,979441.256,979242.929300385,198.32669961510692,197.89062761510692,216.49555970393843,213.02541258037178,215.33884399608286,217.65227541179397
-13.457145245299175,29.160370049336375,115.0,979400.143,979224.1294688282,176.01353117183316,163.47646117183317,167.07145557834457,167.85583778172224,167.33291631280377,166.80999484388533
-13.456243943223472,29.160828912745263,114.0,979400.559,979224.4733903479,176.085609652102,163.65755765210199,167.16191376135208,167.94277001533055,167.4221991793449,166.90162834335925
-13.454711143231682,29.16157827765118,108.0,979402.297,979226.3829341085,175.91406589152757,164.14012189152757,168.0663681689411,168.72215050479528,168.2849622808925,167.8477740569897
-13.452815569895675,29.162521962164945,102.0,979403.95,979228.3074176012,175.64258239872288,164.5227463987229,169.12221401002108,169.62282944831205,169.28908582278476,168.95534219725744
-13.451407021623089,29.163209555093655,101.0,979404.191,979228.6689209306,175.5220790694002,164.5112610694002,169.26296792297168,169.73022216993803,169.41871933862714,169.10721650731625
-13.449872413634948,29.163390329506026,95.0,979405.797,979230.5347809757,175.26221902435645,164.90550902435646,170.32779967799766,170.6403027772838,170.43196737775972,170.2236319782356
-13.44908429193875,29.16315560497114,90.0,979406.718,979232.0600517726,174.65794822736643,164.84632822736643,170.80963922996767,170.9964869149497,170.87192179162835,170.747356668307
-13.448438999205006,29.162994722652805,87.0,979407.034,979232.9736753595,174.06032464047894,164.57575864047894,170.87186085486977,170.98176252105765,170.90849474359905,170.83522696614045
-13.447651019905463,29.162750967477116,84.0,979407.889,979233.8809313892,174.00806861079764,164.85055661079764,171.4872264476921,171.5187018803713,171.4977182585852,171.47673463679905
-13.446688704260113,29.162478113890078,79.0,979408.636,979235.4032802077,173.23271979240235,164.62029779240234,171.8093887376869,171.7129835246039,171.77725366665925,171.84152380871458
-13.444989415993154,29.16198914686125,73.0,979410.269,979237.2176891955,173.0513108044397,165.0929968044397,172.97822732065168,172.72201379380692,172.8928228117034,173.06363182959993
-13.443249436495703,29.161472613694468,64.0,979411.288,979239.9559831512,171.3320168487262,164.3548648487262,173.24795124273967,172.75875071036427,173.08488439861455,173.41101808686483
-13.440609005419605,29.160674857668923,60.0,979411.781,979241.129342582,170.65165741799865,164.11057741799866,173.59572693108498,172.97542976193594,173.3889612080353,173.80249265413468
-13.43837772834283,29.16001718141818,51.0,979413.898,979243.8568083977,170.0411916023586,164.48127360235858,175.05806487228833,174.18828928165314,174.76813967540994,175.3479900691667
-13.435924721285847,29.159068112286192,34.0,979416.575,979249.031254023,167.54374597698916,163.83713397698915,176.34857222253032,175.03099444061218,175.90937962855762,176.78776481650306
-13.434145232125868,29.158451737903647,26.0,979417.978,979251.4532578309,166.52474216907285,163.69027416907286,177.2220050627577,175.6717878206967,176.7052659820707,177.7387441434447
-13.45286940370975,29.179496726482938,148.0,979399.772,979215.4139571128,184.35804288717918,168.2233788871792,175.76226935978718,176.48577387345821,176.00343753101086,175.52110118856348
-13.468284591424256,29.15586856870575,178.0,979386.815,979204.3383438409,182.4766561590368,163.0714521590368,173.67929473008033,174.44212338010732,173.933570946756,173.42501851340467
-13.467250171470736,29.062709887408143,18.0,979401.706,979246.5731208205,155.13287917955313,153.17055517955313,173.3629984522038,169.88279674161691,172.2029312153415,174.5230656890661
-13.480014231551287,29.04541125617026,48.0,979402.087,979235.9867040585,166.10029594157822,160.86743194157822,184.21383783813454,180.752970480831,183.06021538570002,185.36746029056903
-13.504399287125525,29.038646161834272,112.0,979403.654,979215.713628632,187.94037136796396,175.73035536796397,205.79675345282675,202.38249294735166,204.6586666176684,206.9348402879851
-13.651458979555366,29.0578916424989,217.0,979374.799,979184.7805096648,190.01849033520557,166.36158433520558,186.01114741368178,186.19727100693646,186.07318861143335,185.94910621593021
-13.676766898938332,29.066761996103008,197.0,979368.44,979191.63364811,176.80635188997258,155.3298058899726,173.2460073634847,173.34886666151408,173.28029379616115,173.2117209308082
-13.672285566267226,29.075787446313893,148.0,979382.899,979207.4497902993,175.4492097006878,159.3145457006878,171.80363949634335,171.9247400267455,171.84400633981073,171.763272652876
-13.668744799604568,29.09150022594509,70.0,979398.96,979232.7307548329,166.22924516710918,158.5979851671092,174.23869843703176,172.69577304445315,173.72438997283888,174.75300690122464
-13.6657799395494,29.10868055774631,7.0,979412.981,979253.4955102361,159.48548976390157,158.72236376390157,167.89526558644164,166.2907295896478,167.36042025417703,168.43011091870625
-13.65449981906219,29.12028163915694,7.0,979414.451,979254.3861292838,160.06487071618903,159.30174471618903,168.39209557298489,166.8028279569403,167.86233970097,168.92185144499973
-13.659619116056732,29.121776842127932,3.0,979413.101,979255.7356327192,157.365367280785,157.038313280785,165.78818798428236,164.1806888552836,165.2523549412828,166.32402102728196
-13.648943835064953,29.10109384342491,45.0,979406.534,979241.1836594349,165.35034056508448,160.44453056508448,173.45386838950105,171.90485650096224,172.93753109332144,173.97020568568064
-13.634946706068272,29.102802121529397,70.0,979405.069,979233.5980827403,171.47091725969221,163.83965725969222,179.44688191798576,177.91976370915873,178.9378425150434,179.9559213209281
-13.646598778104881,29.048601582561957,242.0,979371.528,979176.3521763158,195.1758236841997,168.7934676841997,191.1440642823391,191.3347675217927,191.20763202882364,191.08049653585454
-13.663207056840829,29.04690890221163,270.0,979361.134,979167.5805229117,193.55347708822228,164.11861708822227,189.80117637500925,189.93974189348444,189.84736488116764,189.75498786885086
-13.681936476841628,29.04393544398128,272.0,979356.492,979166.7353142367,189.75668576324824,160.10378976324824,186.2839761297977,186.3691157593252,186.31235600630689,186.25559625328853
-13.67975943448067,29.057631487079814,224.0,979365.343,979182.600053158,182.74294684198685,158.32291484198686,179.19410773069225,179.29328358041627,179.22716634726692,179.1610491141176
-13.66511436110412,29.082213982510993,113.0,979390.047,979218.7457773174,171.30122268258128,158.9821886825813,167.77918593009832,167.88581852281257,167.81473012766975,167.74364173252692
-13.645157547473987,29.037071698798343,275.0,979369.758,979165.2833102647,204.4746897353325,174.4947397353325,200.5037209910496,200.6837005390609,200.56371417372003,200.44372780837918
-13.631079083006272,29.026144590287885,283.0,979379.021,979161.9768424141,217.04415758582763,186.19206358582764,213.07074156874836,213.25295083858413,213.13147799202693,213.01000514546976
-13.625496320776715,29.008083582307126,293.0,979392.614,979157.5068582504,235.10714174958412,203.16486774958412,231.2401040611036,231.40412028930572,231.294776137171,231.18543198503625
-13.644802750952849,29.001330715488244,315.0,979373.507,979150.1997559625,223.30724403751083,188.96657403751084,219.44150020446392,219.60303487762513,219.49534509551765,219.3876553134102
-13.657235297317653,28.99649194427462,321.0,979364.131,979147.9774268729,216.1535731271142,181.15879512711422,212.34860255511816,212.49803976012493,212.3984149567871,212.29879015344926
-13.658742388682894,29.010946421555676,316.0,979364.384,979150.6276010141,213.75639898586087,179.30671098586086,209.94197229130188,210.0926842674865,209.99220961669675,209.89173496590698
-13.642314589310002,29.011052180931504,294.0,979377.344,979157.4256087806,219.91839121945668,187.8670992194567,215.95002170528008,216.1300437619144,216.01002905749152,215.89001435306864
-13.651369777640081,29.0252668844305,305.0,979366.312,979155.1196496796,211.1923503204016,177.9418603204016,207.32956358794326,207.48957279086963,207.38289998891872,207.27622718696782
-13.661273780371591,29.03357835163146,285.0,979361.537,979161.9292253642,199.60777463577688,168.53764463577687,195.7804502125198,195.93264174517736,195.83118072340565,195.72971970163397
-13.686021870146867,29.031124376037823,309.0,979351.738,979154.3339699683,197.40403003175743,163.71746803175742,194.04474589062542,194.10930576926674,194.06626585017253,194.02322593107831
-13.68409846696297,29.01922908546943,316.0,979347.392,979151.262102282,196.12989771796856,161.68020971796855,192.66067863509667,192.7458539411712,192.68907040378818,192.63228686640517
-13.685246218279213,29.009674159285446,356.0,979343.37,979138.1850430932,205.18495690682903,166.37454890682903,201.86726324774344,201.92569088588021,201.88673912712235,201.8477873683645
-13.684020371300749,29.001088703417004,354.0,979344.883,979138.1447337373,206.73826626269147,168.14589426269146,203.35488146390122,203.42568560446955,203.37848284409066,203.33128008371176
-13.68485196403527,28.992162386251284,333.0,979348.695,979143.9423592407,204.75264075922314,168.44964675922313,201.26620865652265,201.35575031969418,201.29605587757982,201.23636143546545
-13.683583554023627,28.98289964029303,333.0,979348.391,979143.2332057398,205.15779426018707,168.85480026018706,201.6644075474637,201.75571211970382,201.69484240487708,201.6339726900503
-13.670396126955335,28.99080185308836,335.0,979353.757,979143.220932049,210.53606795100495,174.01503795100496,206.8906471939172,207.01032837930003,206.93054092237813,206.85075346545625
-13.573120153598166,28.958624880803377,13.0,979447.023,979240.143942309,206.8790576910833,205.46182369108328,224.8159378649659,221.39086528016998,223.67424700336727,225.95762872656456
-13.588675953950467,28.954096207812533,12.0,979443.145,979240.1061502021,203.03884979791474,201.73063379791475,218.49267514914789,215.5693528244253,217.51823437424036,219.46711592405543
-13.607340488289871,28.95101477561749,20.0,979435.369,979237.4010285795,197.96797142049763,195.78761142049763,204.7175528382333,203.69007602026144,204.375060565576,205.06004511089057
-13.61807328881026,28.94248886402145,28.0,979419.037,979234.2795026322,184.75749736779835,181.70499336779835,189.87928269571913,189.03220098703423,189.5969221261575,190.16164326528076
-13.626215101365771,28.928042513894784,3.0,979411.802,979240.8916611846,170.91033881541807,170.58328481541807,182.1651021580166,180.55295261455038,181.6277189768612,182.702485339172
-13.64304142495932,28.919955565813044,11.0,979395.631,979237.8040014291,157.82699857093394,156.62780057093394,171.72465542704873,169.4585941032015,170.969301652433,172.48000920166447
-13.656326112509973,28.91986318046795,5.0,979391.383,979239.6489941732,151.73400582687464,151.18891582687465,167.0254163686558,164.5827050721417,166.21117926981776,167.83965346749386
-13.660562298067596,28.933442507805093,85.0,979385.681,979215.9935724919,169.68742750806268,160.4208975080627,165.8814730322218,166.02114770739496,165.9280312572795,165.8349148071641
-13.653610375240776,28.943480831229454,141.0,979383.039,979199.4762738872,183.5627261127811,168.1911881127811,179.56017235743616,179.74075287441516,179.62036586309583,179.49997885177646
-13.652780080233187,28.956107102536052,208.0,979378.03,979179.7624746116,198.26752538839355,175.59178138839354,194.28108112720798,194.46159489241265,194.34125238227622,194.22090987213977
-13.635079695287027,28.95610918019594,102.0,979409.52,979212.4799849228,197.0400150772184,185.92017907721842,192.5040254786669,192.78193748912628,192.5966628154867,192.41138814184708
-13.61964251144249,28.955680936445024,58.0,979425.053,979226.0284887742,199.0245112257544,192.70146722575439,197.42609626786663,197.3711830710974,197.40779186894355,197.4444006667897
-13.594714856718282,28.97419395571986,117.0,979438.254,979209.2339314342,229.0200685657328,216.2649625657328,226.68199068626956,226.56846424285985,226.6441485384663,226.7198328340728
-13.615173041630378,28.975398889691327,178.0,979418.802,979190.4981848438,228.3038151562214,208.8986111562214,224.211331807826,224.41343170062223,224.27869843875808,224.14396517689391
-13.611403047875331,28.98411385590879,182.0,979424.221,979189.9306759438,234.2903240561718,214.44904805617182,230.25290212117326,230.44633560989536,230.3173799507473,230.18842429159923
-13.639131822573063,28.98755599695246,300.0,979379.111,979153.77448721,225.33651279006153,192.63111279006154,221.46807979291955,221.63043317238493,221.52219758607467,221.41396199976444
-13.627248289716393,28.98349142998199,223.0,979405.084,979177.2284931563,227.85550684377085,203.54449284377085,223.72048983894263,223.93070052115215,223.7905600663458,223.65041961153946
-13.636348192273536,28.972844719074164,252.0,979385.651,979167.4629359494,218.18806405051146,190.71552805051147,214.22738064754864,214.4054822201092,214.28674783840216,214.16801345669512
-13.647465773732844,28.966296787250425,253.0,979377.648,979166.6531892114,210.99481078865938,183.41325678865937,207.07465420892913,207.24457545525965,207.13129462437263,207.01801379348564
-13.618087206267582,28.995508571699133,253.0,979408.147,979168.8892951485,239.2577048514504,211.6761508514504,235.36701585318713,235.53553523953977,235.42318898197135,235.31084272440293
-13.660043043656199,28.95545766092243,215.0,979374.815,979177.5522663427,197.2627336572623,173.82386365726228,193.32715803466996,193.4983790715324,193.38423171362413,193.27008435571582
-13.663975485685604,28.963258021000485,257.0,979366.009,979165.1861011639,200.82289883610792,172.80527283610792,196.97220740706325,197.12882239901407,197.0244124043802,196.92000240974633
-13.662948747037033,28.979266650292644,343.0,979352.221,979139.8688289311,212.35217106889468,174.9589970688947,208.74837018193236,208.8614592918479,208.7860665519042,208.7106738119605
-13.67237905132664,28.968151400137742,302.0,979355.316,979151.6719302324,203.64406976755708,170.72063376755708,199.99563475834185,200.11584094521038,200.03570348729804,199.95556602938566
-13.680944897443597,28.972450228092942,310.0,979352.435,979149.5318641006,202.90313589945436,169.10755589945435,199.32182065324068,199.4293385813833,199.35765996262154,199.28598134385982
-13.689629524176388,28.97145215736479,355.0,979334.107,979135.5672008916,198.5397991084028,159.8384091084028,195.30651058961269,195.3510594245748,195.3213602012667,195.29166097795863
-13.69316686347904,28.960277825099617,312.0,979342.879,979147.9831201686,194.8958798313979,160.8822638313979,191.6221942609823,191.67371805235402,191.6393688581062,191.6050196638584
-13.682271640719401,28.948728155454663,174.0,979372.095,979189.6920550925,182.40294490742963,163.43381290742963,178.4743502286672,178.64240588874787,178.5303687820274,178.41833167530697
-13.70168841392655,28.979655296737477,337.0,979336.895,979141.7503418451,195.1446581549244,158.4055921549244,192.00783114347877,192.03323769372125,192.01629999355958,191.99936229339795
-13.714290579409521,28.968982736067797,312.0,979341.731,979148.6492293564,193.08177064359188,159.06815464359187,190.2112642291394,190.18761129464772,190.20337991764217,190.21914854063664
-13.728902977557338,28.96154077101644,232.0,979357.349,979172.7707331282,184.57826687186025,159.28609087186024,181.92802128620616,181.86125032294555,181.90576429845262,181.9502782739597
-13.743927418400178,28.949543451534332,196.0,979361.413,979182.964121613,178.44887838698924,157.08135038698924,177.64380303422445,177.23716599884526,177.50825735576473,177.7793487126842
-13.7563058272922,28.95092191892805,218.0,979355.865,979176.279340631,179.5856593690114,155.8197353690114,197.6121135630845,193.9861495550885,196.40345889375251,198.8207682324165
-13.775951432708338,28.95299730740637,143.0,979373.016,979199.5868992453,173.4291007546708,157.8395267546708,203.86824856449658,198.04479615432518,201.92709776110613,205.8093993678871
-13.784390961425782,28.950817584874756,120.0,979378.353,979206.5192808385,171.83371916145552,158.75155916145553,202.82428865022166,196.89912499086364,200.84923409710234,204.799343203341
-13.790883090324064,28.944008083122274,93.0,979384.494,979214.332273625,170.16172637499403,160.02305237499402,201.27413713962338,195.32754489237428,199.29193972387367,203.2563345553731
-13.800804373204002,28.942255760271863,75.0,979390.628,979219.7542137824,170.87378621764947,162.69743621764945,202.22640305342748,196.23484959280506,200.2292185665533,204.22358754030154
-13.810066359535554,28.93981097034712,63.0,979393.296,979223.2712389869,170.02476101310458,163.15662701310458,201.51599532452138,195.49837303000945,199.51012122635075,203.521869422692
-13.822034976217461,28.94293964043964,18.0,979401.374,979237.4007141569,163.97328584303614,162.01096184303614,195.88821312492726,189.79033631830387,193.8555875227195,197.9208387271351
-13.831268578164394,28.938417373406896,8.0,979402.643,979240.141606434,162.5013935660245,161.6292495660245,194.4763801931326,188.36710501460462,192.43995513362324,196.5128052526419
-13.831928151545952,28.94821526821859,18.0,979399.246,979237.8042314696,161.441768530407,159.479444530407,193.81954416111185,187.63318503109096,191.7574244511049,195.88166387111883
-13.832978815723086,28.955173658688107,15.0,979399.794,979239.2625532381,160.53144676191732,158.89617676191733,193.13208862343524,186.90317054249692,191.0557825964558,195.20839465041468
-13.82869842205555,28.961679598971177,10.0,979400.903,979241.3036888421,159.5993111579446,158.5091311579446,192.20119993488066,185.97212346742816,190.1248411123965,194.27755875736483
-13.831712459559046,28.982959690246393,1.0,979396.388,979245.7103800919,150.67761990812141,150.56860190812142,183.81315227112248,177.48219114743083,181.7028318965586,185.92347264568642
-13.813747771083776,28.976882026522393,84.0,979380.875,979219.6255186426,161.24948135740124,152.09196935740124,193.7653947618499,187.5515102904006,191.69409993803345,195.83668958566633
-13.804183474632957,28.969631505362916,114.0,979378.255,979209.8107373683,168.44426263170317,156.01621063170316,200.53075002629606,194.39799511884843,198.4864983904802,202.57500166211196
-13.791817724434637,28.960721676088923,98.0,979382.874,979214.0675323749,168.80646762507968,158.12270362507968,200.3055928313214,194.2848065087249,198.29866405712258,202.31252160552026
-13.74209108119797,28.941024862227735,212.0,979355.284,979177.3741981393,177.90980186068919,154.79798586068918,176.98135018709257,176.59998220355905,176.85422752591472,177.10847284827042
-13.730320984926989,28.936149206241684,176.0,979360.167,979188.1126789077,172.0543210923206,152.86715309232062,169.67996227172839,169.56151056008736,169.64047836784803,169.71944617560874
-13.712564913663986,28.93841724152621,172.0,979363.028,979189.520731369,173.5072686310159,154.75617263101591,170.36883953695673,170.39099657757114,170.37622521716153,170.36145385675195
-13.700940525828218,28.9450290232822,178.0,979363.827,979188.1745022932,175.6524977068184,156.2472937068184,172.04324964372682,172.15233513053153,172.07961147266172,172.0068878147919
-13.685198923430741,28.94848604780109,175.0,979368.789,979189.3648840182,179.42411598179024,160.34596598179024,175.52811537443668,175.69014625267835,175.5821256671839,175.47410508168946
-13.7347256934039,29.01009500482063,294.0,979340.49,979157.3522907917,183.13770920829847,151.08641720829849,181.91770951712456,181.5877550438387,181.80772469269596,182.02769434155317
-13.7572388603206,29.007651797669237,307.0,979337.206,979153.152926084,184.05307391600218,150.58454791600218,205.41316468987395,201.19028652501922,204.0055386349224,206.82079074482556
-13.770769190149608,29.00078197749908,252.0,979349.942,979169.6017569413,180.34024305874482,152.86770705874483,210.44700343190817,204.67269776190986,208.52223487524205,212.3717719885742
-13.765191211224613,28.995045190932096,274.0,979343.116,979162.3724097376,180.74359026248567,150.87265826248566,209.10287051215695,203.64596489730255,207.28390197387216,210.92183905044178
-13.753412948396653,28.995387722584187,342.0,979329.651,979141.4116764832,188.23932351672556,150.95516751672557,200.07900265921694,197.4592590611212,199.20575479318504,200.95225052524887
-13.731085375278791,29.013941331340103,293.0,979345.129,979157.9555556682,187.17344433174003,155.23117033174003,185.5434499687294,185.28803118100217,185.4583103728203,185.62858956463847
-13.733035492423557,29.02408552144768,270.0,979351.19,979165.8313415706,185.35865842935164,155.92379842935162,183.938744340022,183.64281562876306,183.840101436269,184.037387243775
-13.746540695377462,29.030655905485332,206.0,979361.661,979186.087875749,175.57312425097916,153.11541625097917,177.17845284586332,176.32403582430695,176.89364717201119,177.46325851971545
-13.753855239764247,29.038079164935066,143.0,979376.913,979206.1017826546,170.81121734529734,155.22164334529734,184.6422923686776,181.67025622045642,183.65161365260388,185.63297108475135
-13.748495445255303,29.047369956504923,88.0,979388.816,979223.7901997518,165.02580024814233,155.43221624814234,166.3753185731358,165.54300614389007,166.09788109672056,166.65275604955102
-13.742455763653432,29.060128656824702,72.0,979390.978,979229.70703186,161.2709681399865,153.4216721399865,160.44877059473862,160.01982544443973,160.30578887797233,160.59175231150493
-13.756278665787534,29.062062393180504,36.0,979397.169,979240.9673700574,156.20162994263228,152.2769819426323,183.42041386302108,178.21956548369099,181.68679773657772,185.15402998946445
-13.77301830491794,29.06235182511318,13.0,979402.491,979248.089032443,154.40196755703073,152.98473355703072,188.00737568965116,181.58780565800802,185.8675190124368,190.14723236686555
-13.726178863842758,29.05817024255713,127.0,979380.632,979212.5804732619,168.0515267380979,154.2062407380979,165.6642154144176,165.53653790079744,165.6216562432109,165.70677458562434
-13.707543484148001,29.061719301616424,188.0,979366.512,979194.0247692046,172.4872307954356,151.9918467954356,169.6422238253894,169.60664925160546,169.6303656341281,169.65408201665073
-13.697277026646361,29.049048713684044,222.0,979364.918,979182.559303778,182.35869622195605,158.15670022195604,179.07454123566404,179.12184787782465,179.09031011638425,179.05877235494384
-13.743295052289117,29.00612328304853,306.0,979339.483,979153.3444858546,186.13851414539386,152.77900614539385,186.99918123317903,186.29239400033137,186.76358548889647,187.2347769774616
-13.699997041854338,29.036891767691735,255.0,979360.741,979171.4422751499,189.29872485017404,161.49913485017404,186.08107161334976,186.11673883492466,186.09296068720806,186.06918253949146
-13.708012387304331,29.028215154431493,281.0,979349.3,979162.7527722028,186.54722779721487,155.91316979721486,183.61601548949562,183.59923095300616,183.61042064399913,183.62161033499208
-13.721331869954856,29.01809952593447,306.0,979345.568,979154.2618765882,191.30612341174856,157.94661541174855,189.0250404177816,188.88931730671266,188.9797993807586,189.0702814548046
-13.74346197992658,28.983833546711768,278.0,979346.943,979160.279471356,186.66352864401415,156.35652464401414,186.91327360899936,186.31799509568546,186.71484743789472,187.111699780104
-13.750384615728315,28.971488891963627,224.0,979358.238,979176.00114895,182.2368510500528,157.8168190500528,186.01549436179977,184.78082368622793,185.60393746994248,186.42705125365703
-13.756729377185444,28.960131222522378,199.0,979361.355,979182.8481824887,178.50681751128286,156.81223551128286,198.28744728676185,194.36846235396175,196.98111897582848,199.59377559769524
-13.680078069006095,28.931559599269217,87.0,979381.267,979215.23226615,166.03473385004327,156.55016785004327,162.48241546336888,162.57478559368602,162.51320550680794,162.45162541992985
-13.701139504505052,28.92907507800516,75.0,979381.23,979218.7462773558,162.48372264415957,154.30737264415956,159.30427637220518,159.32497908969782,159.31117727803607,159.2973754663743
-13.728236111751455,28.91952375448237,109.0,979371.098,979207.5214998915,163.57650010846555,151.69353810846556,172.16319067004537,170.09008182703536,171.47215438904203,172.8542269510487
-13.74923079020685,28.93086619156004,307.0,979331.742,979147.2766145173,184.46538548264652,150.99685948264653,188.84492440475333,187.51979047917845,188.40321309622837,189.2866357132783
-13.762927114264727,28.926480288103424,296.0,979335.728,979150.3362313671,185.39176863292232,153.12244063292232,211.06267598332062,206.11322049291618,209.41285748651916,212.7124944801221
-13.779810648009562,28.91261857968697,361.0,979321.845,979129.2156654915,192.6293345084414,153.27383650844138,214.4725873240145,210.2893960249488,213.07819022432597,215.8669844237031
-13.789635298888744,28.90127254918522,163.0,979366.578,979189.4590928802,177.11890711972956,159.34897311972955,196.87980128178515,193.1019732621012,195.62052527522383,198.13907728834647
-13.8000878964226,28.88685378922095,70.0,979384.855,979217.0628919288,167.79210807115305,160.16084807115305,186.91796062416913,183.26331387305936,185.69974504046587,188.13617620787238
-13.811092504930157,28.876825194512115,29.0,979396.178,979228.9523836545,167.2256163454149,164.0640943454149,186.18195011715062,182.56017629640695,184.97469217690272,187.3892080573985
-13.826985175947613,28.863174062714506,14.0,979396.135,979232.540103718,163.59489628195297,162.06864428195297,182.52473850499342,178.90817470863752,181.31921723954144,183.7302597704454
-13.810817730340217,28.855929657632867,21.0,979392.519,979229.8263292796,162.69267072039656,160.40329272039656,181.41184136826723,177.83549200235964,180.21972491296472,182.60395782356977
-13.792560155687235,28.856778207192445,46.0,979380.743,979222.1742908267,158.56870917335618,153.5538811733562,177.29451872918696,173.7166773472753,176.1019049352164,178.48713252315756
-13.851855365593035,28.862422469892486,8.0,979392.94,979234.3347763531,158.60522364685312,157.73307964685313,177.92150455225485,174.23114614040983,176.69138508163985,179.15162402286984
-13.87207238603903,28.855824216048006,15.0,979388.863,979231.6703291384,157.19267086160835,155.55740086160836,176.9736111622742,173.19445604960976,175.71389279138606,178.23332953316236
-13.871783662508298,28.86832172004077,18.0,979388.672,979231.6984386769,156.97356132313143,155.01123732313144,177.0011210932071,173.17477825966722,175.72567348202713,178.2765687043871
-13.831585911789832,28.873484620313096,32.0,979394.563,979227.7712513142,166.7917486857623,163.3031726857623,185.9759106470332,182.31059760182288,184.7541396319631,187.19768166210332
-13.85365651213661,28.885136092236245,76.0,979386.645,979215.0796827637,171.5653172363527,163.2799492363527,191.6271763835757,187.79384529935882,190.3493993555034,192.90495341164797
-13.833910457669262,28.890273429759304,43.0,979401.0,979225.6581849507,175.34181504929438,170.6540410492944,194.93589697061844,191.19212942809088,193.68797445644262,196.18381948479436
-13.830664310345435,28.909983176491636,27.0,979406.846,979232.1029690129,174.74303098709788,171.79954498709787,195.30184695573962,191.37382999158572,193.9925079676883,196.6111859437909
-13.791199751358723,28.91229711736211,248.0,979348.289,979164.0666057165,184.22239428351168,157.18593028351168,205.69777249895404,201.59017026502073,204.3285717543096,207.06697324359845
-13.80108064339783,28.918251712182254,206.0,979359.793,979177.4848099042,182.30819009570405,159.85048209570405,206.70694768669958,202.04212220044724,205.15200585794878,208.26188951545032
-13.807647143134549,28.922596907905024,141.0,979375.916,979197.879348527,178.0366514729103,162.66511347291032,206.14276457460392,200.77082893292226,204.35211936071005,207.9334097884978
-13.812288625997224,28.933874090029054,62.0,979392.943,979223.1258979149,169.8171020851005,163.05798608510048,201.0107609243564,195.05006819558304,199.02386334809862,202.9976585006142
-13.824264057550396,28.9272555671323,42.0,979398.878,979228.7932201271,170.08477987290826,165.50602387290826,200.70345816951124,194.85298550950787,198.75330061617677,202.65361572284567
-13.77124642535587,28.943027000986287,218.0,979354.439,979175.6754526253,178.7635473747505,154.99762337475048,208.19892596007065,202.5584310455822,206.31876098857452,210.0790909315668
-13.784316533548516,28.930826625520247,339.0,979328.985,979137.3974281156,191.58757188438904,154.63046988438904,221.15810752999818,215.49708621439393,219.27110042479677,223.04511463519958
-13.710451649406226,28.955796855307085,419.0,979310.754,979114.6175453971,196.13645460281987,150.45791260281987,193.97769577425416,193.8287734379733,193.92805499549385,194.02733655301444
-13.657225033547114,28.996491841743186,321.5,979363.626,979147.823104097,215.80289590300526,180.75360890300527,212.00017785107943,212.14921450090168,212.0498567343535,211.95049896780534
-13.869585021611467,28.87537002925037,22.3,979388.818,979230.9093658249,157.9086341750808,155.47753277508082,178.0341102129318,174.1890084525395,176.75240962613438,179.31581079972923
-13.765101778351697,28.952446919566423,181.0,979365.27,979187.8159705165,177.45402948348783,157.72177148348783,205.78941118813904,200.35151987164747,203.97678074930852,207.60204162696954
-13.765297194468618,28.952339150544976,180.179,979365.27,979188.0611283631,177.20887163688894,157.56611741488894,205.61628212269585,200.16527652630572,203.79928025723245,207.43328398815922
-13.70416093560241,29.03321383589057,268.8,979354.95,979166.9011943112,188.04880568874069,158.7447672887407,184.9844644851939,184.9919909784319,184.98697331627324,184.98195565411456
-13.773129943101308,28.999779225067353,248.498,979350.746,979170.6058232771,180.14017672289629,153.0494217588963,210.63982408856472,204.7938846588124,208.6911776119806,212.5884705651489
-13.770861608746335,29.000935884295977,252.173,979350.59,979169.5601486596,181.02985134033952,153.53845522633952,211.15641948891934,205.37845459608346,209.23043119130736,213.0824077865313
-13.768672530434525,29.00278949752319,263.131,979347.89,979166.3200377942,181.56996220583096,152.88394684783097,211.21889620177996,205.5271598778873,209.3216507604824,213.11614164307753
-13.765501996850128,29.003756575686804,272.018,979346.081,979163.651239817,182.42976018297486,152.77490185897486,211.097631210228,205.58353689817397,209.25959977287664,212.93566264757936
-13.763314593111328,29.005999715312996,289.73,979340.771,979158.3564837525,182.4145162474597,150.82873110745967,210.0379466788373,204.71072688984015,208.26220674917158,211.81368660850302
-13.761071954507043,29.007391626709254,303.341,979337.823,979154.262283701,183.56071629899088,150.49108716099087,209.6374888758431,204.58613655684192,207.95370476950936,211.32127298217682
-13.759151465361237,29.008857048267995,299.901,979339.686,979155.4362226806,184.24977731937543,151.55517010137544,208.52978265227114,203.797773883432,206.95244639599144,210.1071189085509
-13.75728775922745,29.00744332513806,310.111,979337.955,979152.1768054869,185.7781945130555,151.9705135150555,207.18851327672877,202.9565530622442,205.7778598719006,208.59916668155697
-13.75596016670382,29.006272976583674,305.645,979338.607,979153.4655154011,185.141484598862,151.820677988862,203.80636381485317,200.04401214572894,202.55224659181178,205.0604810378946
-13.734389927642015,29.010039950444714,299.812,979340.649,979155.5542970096,185.0947029903764,152.40979837437638,183.87630640898513,183.5463254981577,183.76631277204265,183.9863000459276
-13.754210667228824,29.00522225490864,320.593,979334.134,979148.7716245027,185.36237549723592,150.4119678232359,199.4649990127461,196.46373064756,198.46457622435074,200.46542180114145
-13.750630069822558,28.999296079172943,353.925,979326.655,979138.030599381,188.62440061906818,150.04020496906818,195.60023074341083,193.8116231588286,195.00402821521678,196.19643327160492
-13.749927542291497,28.99843895763256,362.296,979325.085,979135.3814662534,189.70353374653496,150.20674841853497,195.85498356964172,194.21108566114017,195.3070176001412,196.40294953914224
-13.751070516521654,28.998010795572267,357.326,979327.13,979136.8825410352,190.2474589648191,151.2924930968191,197.87950123157546,195.97743405290103,197.245478838684,198.51352362446693
-13.7520494730494,28.997879010490532,353.849,979327.729,979137.9455379226,189.78346207749564,151.20755179549565,199.0110036636689,196.83394766680243,198.2853183313801,199.7366889959577
-13.75268783204293,28.996762968730575,350.845,979327.668,979138.7871860438,188.88081395614427,150.63239374614426,199.2775096484788,196.90131652737583,198.48544527477782,200.06957402217978
-13.752574927760978,28.994880784956507,333.827,979332.883,979143.8952711163,188.98772888374515,152.59457699774515,198.8725212768216,196.58318284628493,198.10940846664272,199.63563408700048
-13.753531503182053,28.995679331385958,341.7,979329.509,979141.5265939864,187.98240601352882,150.73095541352882,200.10849391121175,197.44053115428363,199.2191729922357,200.9978148301878
-13.754933634159963,28.99572183697177,323.521,979333.429,979147.140401099,186.28859890101012,151.0189865230101,201.85832233564847,198.61608253569756,200.77757573566484,202.9390689356321
-13.756587545972128,28.994222597173746,293.11,979341.3,979156.4114011951,184.8885988049442,152.9343328249442,204.5670907506061,200.6386562878878,203.2576125963667,205.87656890484553
-13.757897896107766,28.99463378981541,298.298,979340.422,979154.8416956534,185.58030434662942,153.0604529826294,207.6893932728235,203.3417031992133,206.24016324828676,209.13862329736025
-13.757970857025368,28.996464882528006,313.219,979337.549,979150.3768082426,187.17219175735954,153.02568281535954,209.30697133533943,204.95210506950002,207.8553492467263,210.75859342395253
-13.758600661124277,28.996935118774935,315.573,979336.308,979149.6862995885,186.62170041142963,152.21856309742964,209.6727883009526,205.15758797570004,208.16772152586842,211.1778550760368
-13.760047932524392,28.997738511860504,328.862,979332.047,979145.646440084,186.40055991604459,150.54868240004458,211.05713357885853,206.25733930059226,209.45720215276975,212.65706500494727
-13.759542258950235,28.99651747781835,313.553,979337.038,979150.2777529533,186.76024704659358,152.57732609259358,210.9882747023028,206.26645792777595,209.4143357774605,212.56221362714507
-13.760150122076901,28.995558149427875,299.685,979340.286,979154.4844018377,185.80159816227388,153.13053883227388,210.77999107237042,205.92726883104996,209.16241699193026,212.39756515281059
-13.761332173791512,28.994610066430624,276.029,979345.088,979161.7128679268,183.3751320731826,153.28300255118262,209.5858833140982,204.5163521983046,207.89603960883366,211.27572701936273
-13.763108308112553,28.99461360566217,268.847,979345.522,979163.929769554,181.5922304460546,152.2830682000546,209.0139012721674,203.72724287266107,207.25168180566527,210.7761207386695
-13.7641664722812,28.99448995064806,264.789,979346.137,979165.1727532258,180.96424677420873,152.09747957220873,208.9420522457516,203.55523875838279,207.14644774996202,210.73765674154123
-13.765835619405195,28.995722648475166,279.255,979342.107,979160.8024004179,181.30459958210122,150.86077799210122,209.88731144035125,204.3893184987964,208.05464712649962,211.71997575420286
-13.767371385034583,28.99577617858226,280.207,979343.466,979160.5126780345,182.95332196552772,152.40571523952772,212.03366104662024,206.44522396299126,210.1708486854106,213.89647340782992
-13.768809271631138,28.99632795980602,277.021,979344.403,979161.5382444286,182.8647555714706,152.66448019347058,212.35894317106437,206.69536192655886,210.47108275622918,214.24680358589953
-13.769760656255047,28.997299352462427,277.755,979344.261,979161.3860898259,182.8749101741705,152.5946155841705,212.60660398366866,206.8995440429848,210.70425067010734,214.50895729722995
-13.76937721543502,28.998436945863695,268.892,979346.227,979164.2086510478,182.01834895217326,152.70428089617326,211.7226585407494,206.02104816922596,209.82212175024162,213.62319533125722
-13.769898012149069,28.999327683472057,264.744,979347.777,979165.5570916688,182.2199083311716,153.3580469391716,212.07333548316086,206.3446708792728,210.1637806151982,213.9828903511235
-13.751522539291923,29.00650617926312,328.469,979332.632,979146.4391963867,186.19280361325946,150.38377017125947,194.4295075955941,192.4187718046984,193.7592623319622,195.09975285922602
-13.750997716622683,29.007539878394223,317.749,979336.182,979149.8268783896,186.35512161045335,151.71476112845335,193.5957024262165,191.75632002516772,192.98257495920024,194.20882989323275
-13.750703970517527,29.008472118642818,307.98,979338.636,979152.9132986689,185.72270133113489,152.14733769113488,192.39101795629514,190.65023575449928,191.81075722236318,192.97127869022708
-13.748392581823602,29.008667477258037,300.714,979340.308,979155.1707839618,185.13721603818703,152.35397718618702,188.99941013386146,187.75293762991916,188.58391929921402,189.41490096850887
-13.746514197186475,29.00770859202287,297.082,979341.338,979156.2182940356,185.11970596434548,152.7324204883455,187.47994938665283,186.5020332224242,187.15397733190997,187.80592144139572
-13.7449047289441,29.006876554667787,302.964,979340.33,979154.3391874633,185.99081253667828,152.96228318467828,187.5216692983897,186.6935807320551,187.24563977627815,187.7976988205012
-13.742933633182494,29.0061611462395,309.264,979339.077,979152.3400117214,186.73698827868793,153.02164552668793,187.5022374047328,186.81289530286034,187.27245670410866,187.73201810535696
-13.740810182234336,29.007827730844443,303.484,979340.138,979154.251551917,185.88644808297977,152.80122937097977,185.94122586769825,185.38001529740154,185.75415567759936,186.12829605779717
-13.739362507120093,29.008927998243,297.386,979341.681,979156.2178692686,185.46313073136844,153.04270378336844,185.1066221071341,184.61964694677556,184.94429705368125,185.26894716058692
-13.73754042206224,29.009712203891777,298.938,979341.476,979155.798937777,185.67706222296692,153.08743933896693,184.96588950350764,184.54343411720552,184.82507104140691,185.10670796560834
-13.753787809961556,29.008832053011222,314.981,979336.594,979150.7801408633,185.81385913677514,151.47526047877514,198.9468104095144,196.10579458037563,197.9998051331348,199.893815685894
-13.752457249964836,29.00827812822113,311.391,979337.593,979151.8456981292,185.7473018708406,151.8000778328406,195.61965070269284,193.32715259067012,194.85548466535195,196.38381674003375
-13.739611922690635,29.001150241023282,354.703,979328.737,979137.9324830853,190.80451691464987,152.13550526064986,190.97002119270485,190.39211994018117,190.77738744186362,191.16265494354607
-13.735015440997698,29.007092750473205,315.855,979334.938,979150.3771776032,184.56082239677198,150.12694200677197,183.5324757449885,183.16884803930026,183.4112665097591,183.65368498021792
-13.733269102774765,29.01169103167098,295.837,979342.717,979156.9075845726,185.80941542738583,153.55785736138583,184.42915001120477,184.12838961315467,184.32889654518806,184.52940347722148
-13.732559706079522,29.01273933854656,293.553,979343.746,979157.6928050787,186.0531949213473,154.05063396734732,184.58026084251892,184.29623933545957,184.48558700683247,184.67493467820537
-13.739427237433938,28.997961309450794,345.415,979330.467,979140.5547895595,189.91221044049598,152.25575797049598,189.89216913026283,189.3478311163713,189.7107231256323,190.07361513489334
-13.739533511774583,28.999811939740262,345.375,979331.369,979140.7088538923,190.66014610766433,153.00805435766432,190.69203469524234,190.13806528519046,190.50737822522504,190.87669116525964
-13.739859167451225,28.99619568502355,343.675,979329.753,979140.9565953821,188.79640461795498,151.32964346795498,188.842987574172,188.28673506613026,188.65757007149142,189.02840507685258
-13.741806867057058,28.994901090387764,338.319,979330.934,979142.510470239,188.42352976102848,151.54066901902848,188.9530929017137,188.30944722613333,188.7385443431869,189.16764146024045
-13.741942923775124,28.993244234529687,328.551,979333.619,979145.3982828747,188.22071712522302,152.402744207223,188.66265996781,188.03454895563536,188.45328963041845,188.87203030520152
-13.741321850080853,28.990230900525418,319.831,979335.954,979147.8588105555,188.09518944448791,153.2278534864879,188.212719384628,187.64318575258704,188.02287484061435,188.40256392864165
-13.741206203710696,28.988312675258197,307.43,979338.416,979151.5392795029,186.87672049703542,153.3613167570354,186.80392657223422,186.26841563570514,186.62542292672453,186.9824302177439
-13.742487745447301,28.985451795642348,290.676,979342.626,979156.4910947349,186.13490526517853,154.44598909717854,186.2243850109249,185.65880816030378,186.0358593940512,186.41291062779862
-13.741966595241523,28.99170446126486,319.441,979336.04,979148.0920001246,187.94799987541046,153.12318093741047,188.2753451161494,187.66765274604262,188.07278099278048,188.47790923951834
-13.759528459417593,28.957041578912836,187.623,979363.872,979186.1232894865,177.74871051346418,157.29442629946416,202.51347993162824,197.72305049721325,200.9166701201566,204.11028974309988
-13.779970411038292,28.951690448104593,136.921,979373.711,979201.3632481291,172.3477518708678,157.4208982928678,203.0816698187812,197.20373427709606,201.12235797155282,205.04098166600954
-13.767978337149852,28.966115068962985,176.994,979366.064,979190.0981920328,175.9658079672372,156.6702760752372,205.3111941043935,199.6863700713198,203.43625276003564,207.18613544875143
-13.760117072462268,28.956557765270652,184.398,979364.095,979187.0816697562,177.01333024376072,156.91062907976072,202.43241598983346,197.52473761381987,200.79652319782892,204.06830878183797
-13.756597440166836,28.960077297783986,198.976,979361.429,979182.851464094,178.57753590599168,156.88557033799168,198.0051492744742,194.14622404845838,196.7188408658023,199.29145768314615
-13.7544488083061,28.964014740385274,205.175,979360.952,979181.2394363676,179.71256363240536,157.34479548240535,191.82756667727756,189.16720519179427,190.94077951544978,192.7143538391053
-13.75251622498974,28.9673629278684,214.92,979359.317,979178.487889788,180.829110212042,157.398961652042,187.73400319676958,185.94861774837256,187.13887471397058,188.3291316795686
-13.750524891514695,28.970926502479273,222.883,979358.228,979176.3028639843,181.92513601575047,157.62687712175045,185.8420210416631,184.58261740894267,185.4222198307563,186.26182225256989
-13.749221792321123,28.973241990903308,226.546,979357.589,979175.3495123112,182.23948768887203,157.54189586087205,184.87947046934883,183.84876800825057,184.5359029823161,185.2230379563816
-13.747834206180668,28.976022992024756,233.621,979356.181,979173.3787119597,182.80228804028593,157.33339386228593,184.5016409362206,183.64094373729253,184.21474186991125,184.78854000252994
-13.745350955640053,28.980041983416612,250.42,979352.419,979168.5014700996,183.91752990044188,156.61724234044186,184.52827178124699,183.8658143021664,184.30745262155347,184.74909094094053
-13.741175480011993,28.989196729740243,314.5,979336.662,979149.4249401733,187.23705982672982,152.95089882672983,187.2424790985825,186.69308065083538,187.05934628266678,187.4256119144982
-13.741194210799572,28.98823503975482,306.528,979338.54,979151.8117217206,186.72827827942092,153.3112087754209,186.64147552656098,186.10846251642224,186.4638045231814,186.81914652994055
-13.741615901467993,28.98687641968436,300.679,979340.084,979153.512897676,186.5711023240583,153.7916791020583,186.52449820535313,185.98402485005508,186.3443404202538,186.7046559904525
-13.74276238670388,28.98527594321278,288.64,979343.172,979157.1060120775,186.06598792248406,154.59903240248406,186.2189650627211,185.64177168501232,186.02656727015153,186.41136285529072
-13.743259177596395,28.984154920727214,282.755,979344.283,979158.8365100793,185.44648992072325,154.62110533072325,185.68553054955956,185.09248139462366,185.48784749791426,185.8832136012049
-13.74384247477944,28.982737245707497,268.82,979347.981,979163.0288337291,184.95216627093032,155.6459475109303,185.2151314935551,184.6169208451648,185.01572794409168,185.41453504301853
-13.744526533478071,28.981524559912383,258.799,979350.744,979166.028866693,184.7151333069196,156.5013839249196,185.10188594384866,184.4805879186392,184.89478660211216,185.30898528558515
-13.738996872128007,28.99006444491052,317.205,979338.092,979148.6565291946,189.435470805387,154.854416115387,188.9360946974188,188.47824102369592,188.78347680617784,189.08871258865977
-13.738603838045398,28.988643771561115,306.9,979340.145,979151.7282035702,188.41679642978124,154.95917222978125,187.71684193605054,187.2950600317106,187.5762479679372,187.85743590416385
-13.758107201220769,28.950260877474623,204.936,979358.69,979180.2609256764,178.4290743235033,156.08736147550331,200.7830408878094,196.41860882008802,199.32823019856892,202.23785157704984
-13.748807260456166,28.94992942474744,216.377,979356.887,979176.7043495295,180.1826504705241,156.5936626845241,182.02787032056685,181.14161330020335,181.73245131377902,182.3232893273547
-13.743769468407676,28.947216897984095,194.595,979361.033,979183.2198077576,177.81319224240724,156.59883453240724,176.96192805022187,176.56386266615036,176.82923958886468,177.09461651157903
-13.746370255153636,28.95622406438775,211.788,979358.549,979178.6022707723,179.94672922766767,156.85802504366768,180.274629523436,179.66217251424203,180.07047718703802,180.47878185983402
-13.742194986855573,28.956355122494077,214.146,979358.343,979177.8845106686,180.45848933141679,157.11272070341678,179.3911717940108,179.0335360070876,179.27195986503642,179.5103837229852
-13.741961864150067,28.96009708682394,223.398,979356.75,979175.3152237826,181.43477621744387,157.08037305344388,180.41983010091874,180.05301786432528,180.2975593553876,180.5421008464499
-13.740600823209494,28.95257882647943,203.156,979360.125,979180.9876363976,179.13736360240728,156.98970279440726,177.6102922525966,177.33631235990802,177.5189656217004,177.70161888349276
-13.741045159570248,28.948181104889557,202.487,979359.104,979180.8577117502,178.2462882498512,156.1715604838512,176.83577289024623,176.54083546032638,176.73746041360627,176.9340853668862
-13.738325574039186,28.951993817483626,240.797,979351.32,979169.3251935396,181.9948064603377,155.7435991143377,180.4791848497185,180.20600136089573,180.3881236867776,180.57024601265945
-13.734359841223897,28.956019380146266,245.297,979352.689,979168.2442734182,184.44472658180166,157.70293823580167,182.41591755572392,182.2364160383608,182.35608371660288,182.47575139484496
-13.73054471331608,28.959223443770483,237.776,979354.91,979170.810706638,184.09929336200003,158.17742939400003,181.6293285605807,181.52995236164253,181.59620316093464,181.6624539602267
-13.730190766370288,28.966498360465494,238.268,979355.97,979171.2155140081,184.75448599189986,158.77898516789986,182.2383505581913,182.1468397414798,182.2078469526208,182.2688541637618
-13.729265596959678,28.972573527038342,253.673,979352.409,979166.9258258243,185.48317417572252,157.8282510617225,183.01734476872272,182.91683940950736,182.9838429823176,183.05084655512783
-13.723086596216884,28.964450158674666,273.468,979347.821,979160.1946689786,187.62633102142718,157.8133965974272,184.91359963247567,184.85993811485207,184.8957124599345,184.93148680501687
-13.714382923123427,28.968444567714492,313.377,979341.072,979148.1830591405,192.888940859586,158.725207073586,190.03305350402948,190.00681054872138,190.0243058522601,190.04180115579885
-13.716245524821618,28.976287396998874,303.523,979341.686,979151.8245613388,189.86143866123166,156.77196824723165,186.99784007184206,186.9720256165976,186.98923525342724,187.00644489025692
-13.71502561203606,28.98061612583884,305.514,979342.777,979151.5414137095,191.23558629048057,157.92906103848057,188.33725372092303,188.31757290024626,188.33069344736413,188.34381399448196
-13.70860324856138,28.975921731775145,311.588,979341.745,979149.3074562689,192.4375437310664,158.4688431470664,189.3531201576309,189.36825887018605,189.35816639514928,189.34807392011254
-13.702874567258773,28.977459016692276,334.685,979337.561,979142.2967017937,195.26429820631165,158.77760887631166,192.14891710064722,192.17044033971618,192.15609151367022,192.14174268762426
-13.699304645221499,28.98002961961785,338.172,979338.265,979141.4172835381,196.8477164618671,159.9808813658671,193.6607381901217,193.69543304762558,193.67230314262298,193.6491732376204
-13.691966926600912,28.980355619977757,315.777,979346.034,979148.3539874656,197.6800125343725,163.2546355483725,194.23292919794812,194.31505557515163,194.26030465701595,194.2055537388803
-13.690676213069231,28.973286523325964,345.575,979338.972,979138.6163910753,200.35560892464127,162.68171357464126,197.07468968694124,197.12756605355221,197.09231514247824,197.05706423140424
-13.692452345872226,28.985842868125893,318.402,979346.07,979147.963893135,198.10610686498694,163.39455762898695,194.67241247955457,194.7518322786806,194.6988857459299,194.64593921317922
-13.683399730377625,28.983053516813765,332.13,979348.463,979143.5134919403,204.94950805965345,168.74135971965345,201.44898073177245,201.54157659349076,201.4798460190119,201.41811544453302
-13.69144284931524,29.026118426226695,308.42,979349.728,979154.1293772482,195.59862275177147,161.97529119177148,192.30340877795,192.35572978016845,192.3208491120228,192.28596844387718
-13.694602410684093,29.022040046441145,309.614,979348.271,979153.44838179,194.82261820998974,161.06911915798975,191.56819545889817,191.6128741140164,191.5830883439376,191.5533025738588
-13.695031627726138,29.017758660029074,314.783,979347.078,979151.5250539358,195.55294606415555,161.23593297015555,192.2958881439557,192.34126794102005,192.31101474297714,192.28076154493425
-13.698675300322758,29.014300898268655,314.674,979345.397,979151.2938041523,194.1031958477106,159.7980657157106,190.90841936266804,190.9422198336052,190.91968618631378,190.89715253902233
-13.698793371739828,29.010499660402946,320.463,979342.583,979149.21596311,193.3670368900057,158.4308015560057,190.17500313646656,190.2085916594222,190.1861993107851,190.163806962148
-13.699892369020636,29.005853362757264,357.426,979332.51,979137.4522946276,195.05770537245553,156.09183770445554,192.05380920244812,192.0539157498423,192.05384471824618,192.05377368665006
-13.70241981077034,29.003345090221234,354.715,979332.154,979138.0968712779,194.05712872208096,155.38680885208095,191.0953353638576,191.08764531793423,191.09277201521647,191.0978987124987
-13.705111143975667,29.00048511739721,339.938,979335.375,979142.4384100233,192.93658997665625,155.87722909265625,189.9604010376802,189.955008212531,189.95860342929714,189.96219864606329
-13.686275456680212,29.031079477083487,306.855,979351.852,979154.9925439403,196.85945605963934,163.40673766963934,193.49444137124615,193.5599748496261,193.51628586403947,193.47259687845286
-13.763856993515068,28.958220001793936,171.912,979366.909,979191.0626591713,175.8463408286916,157.1048384126916,203.85055678352745,198.47367447608602,202.05826268104698,205.64285088600792
-13.7666574984547,28.963585288683074,175.687,979366.542,979190.3080188144,176.2339811855927,157.0809358195927,205.2285317200389,199.66868353404973,203.37524899137586,207.08181444870198
-13.768243968744528,28.96654483067778,178.771,979365.434,979189.5826061264,175.8513938735705,156.3621369955705,205.2515473371557,199.61644009572134,203.3731782566776,207.12991641763384
-13.769492339960827,28.969645840655094,187.897,979363.554,979187.0031737488,176.55082625115756,156.06667110515755,206.20050010961523,200.51838476331972,204.30646166085006,208.09453855838038
-13.771181516400098,28.972708631030724,198.741,979360.717,979183.8905877745,176.82641222549137,155.16006588749136,206.76794662318682,201.03098567671293,204.8556263076955,208.6802669386781
-13.772880232323518,28.975945307438554,200.237,979360.471,979183.6765752896,176.79442471044604,154.96498744444602,207.03034126952048,201.23871099957128,205.0997978462041,208.96088469283688
-13.77529009799848,28.97996765122849,203.823,979360.014,979182.877647526,177.13635247398634,154.91597665998634,207.72149180881368,201.86481356638384,205.76926572800372,209.67371788962365
-13.777443804491835,28.98412480284471,206.02,979357.203,979182.5177791141,174.68522088590544,152.22533252590543,205.55502414194135,199.64521357845726,203.58508728744667,207.52496099643605
-13.77380785728224,28.98219159382392,203.691,979360.064,979183.0886274363,176.97537256369833,154.76938712569833,207.4138439915844,201.5839964558696,205.47056147967947,209.35712650348933
-13.78442684677158,28.95480883002899,115.97,979378.865,979208.0685091548,170.79649084515404,158.15367338515404,201.86820676768508,195.92763974157222,199.8880177589808,203.8483957763894
-13.788790229227281,28.959473738032717,110.2,979379.936,979210.2063782294,169.72962177055888,157.71583817055887,201.08180006830645,195.08838980211047,199.08399664624113,203.07960349037177
-13.79649637271327,28.965932475308072,110.55,979377.395,979210.5925471209,166.80245287914295,154.75051297914294,198.55723850723578,192.48751091675655,196.53399597707605,200.58048103739551
-13.798660799969515,28.970411864012025,122.917,979374.488,979207.1181408353,167.36985916469712,153.9696936586971,199.28070274702534,193.18093029654935,197.2474452635333,201.31396023051735
-13.794800027893155,28.970801857146878,128.493,979373.46,979205.4269076509,168.0330923490692,154.0250424750692,199.80582984521212,193.73194433810318,197.78120134284245,201.83045834758175
-13.790118017822387,28.973262975593492,143.478,979371.509,979200.9900390644,170.51896093552932,154.87727633152932,202.1305827282494,196.08637047250258,200.11584530966712,204.1453201468317
-13.788270185542236,28.975664477693126,155.484,979369.447,979197.4681305971,171.97886940289754,155.02831469089753,203.53374185171901,197.49957075529662,201.52235148624487,205.54513221719313
-13.803688055214415,28.969349131054827,111.513,979376.928,979210.5567660223,166.37123397761025,154.21430974361024,198.43454794650475,192.30625541737686,196.3917837701288,200.47731212288073
-13.80983792507196,28.972584088535122,84.525,979380.809,979219.134520252,161.67447974800598,152.45973329800597,193.98097322521767,187.8070164339408,191.92298762812538,196.03895882230995
-13.813771104078258,28.97710388550426,83.169,979380.822,979219.8989999996,160.92300000041723,151.85608195841724,193.44297119607876,187.22832652236713,191.37142297150822,195.5145194206493
-13.801900901733624,28.985783350425837,130.579,979371.896,979205.9297741769,165.96622582303826,151.73076440103824,198.27157218035956,192.09636731139054,196.21317055736992,200.32997380334928
-13.831327713826429,28.984607197496036,4.807,979395.445,979244.6613687703,150.78363122965675,150.25958170365675,183.94681453088697,177.61052366345697,181.83471757507695,186.0589114866969
-13.820398747551737,28.978734335254508,57.687,979385.385,979227.8892347742,157.4957652258454,151.20684385984538,190.238762523954,183.98202600663134,188.15318368484643,192.32434136306154
-13.830925595846889,28.97232637117321,24.49,979391.735,979237.6457244563,154.08927554369438,151.4194247236944,187.0196237766091,180.7275849498188,184.92227750101236,189.11697005220583
-13.828728369745905,28.960559855711935,6.02,979400.483,979242.4465424743,158.03645752568264,157.38016916568264,190.60890927896222,184.38550834860305,188.5344423021758,192.68337625574858
-13.792410999976507,28.960621140371178,94.504,979383.048,979215.1389250958,167.9090749041643,157.6064378321643,199.42976982668714,193.4050229794903,197.4215208776215,201.4380187757527
-13.762462434525544,28.948564431022813,192.363,979361.412,979184.0117873491,177.4002126508858,156.4291831168858,204.38470356946254,199.19299273086529,202.65413328993014,206.11527384899492
-13.654021546553677,28.997431394850818,320.879,979366.943,979148.0867100264,218.8562899735989,183.8747031515989,215.0372487981418,215.18951753424497,215.08800504350953,214.98649255277408
-13.684052480867829,28.99925095758246,346.337,979344.886,979140.3689953972,204.51700460282154,166.76003753682153,201.09270520729282,201.17091074689333,201.11877372049298,201.06663669409267
-13.686317108179999,29.03951523187461,283.577,979353.609,979162.823425774,190.7855742260581,159.87057684005808,187.4048703920333,187.4727941660806,187.42751165004907,187.3822291340175
-13.713080798724507,29.024203406398165,295.545,979347.385,979157.9562861943,189.4287138057407,157.2089889957407,186.73205622841164,186.67238829189492,186.7121669162394,186.75194554058388
-13.71813873143641,29.02071731793981,300.195,979345.499,979156.2540445321,189.24495546787512,156.51829695787512,186.7761776564236,186.6746864250883,186.74234724597852,186.8100080668687
